Using pre-set license
Built from '6000.0/release' branch; Version is '6000.0.43f1 (97272b72f107) revision 9905963'; Using compiler version '193933523'; Build Type 'Release'
OS: 'Windows 11  (10.0.26100) 64bit CoreSingleLanguage' Language: 'en' Physical Memory: 7937 MB
BatchMode: 1, IsHumanControllingUs: 0, StartBugReporterOnCrash: 0, Is64bit: 1, IsPro: 1

COMMAND LINE ARGUMENTS:
C:\Program Files\Unity\Hub\Editor\6000.0.43f1\Editor\Unity.exe
-adb2
-batchMode
-noUpm
-name
AssetImportWorker7
-projectPath
D:/Unity Proj/HME/Hold My Egg
-logFile
Logs/AssetImportWorker7.log
-srvPort
55854
-job-worker-count
3
-background-job-worker-count
8
-gc-helper-count
1
Successfully changed project path to: D:/Unity Proj/HME/Hold My Egg
D:/Unity Proj/HME/Hold My Egg
[UnityMemory] Configuration Parameters - Can be set up in boot.config
    "memorysetup-bucket-allocator-granularity=16"
    "memorysetup-bucket-allocator-bucket-count=8"
    "memorysetup-bucket-allocator-block-size=33554432"
    "memorysetup-bucket-allocator-block-count=8"
    "memorysetup-main-allocator-block-size=16777216"
    "memorysetup-thread-allocator-block-size=16777216"
    "memorysetup-gfx-main-allocator-block-size=16777216"
    "memorysetup-gfx-thread-allocator-block-size=16777216"
    "memorysetup-cache-allocator-block-size=4194304"
    "memorysetup-typetree-allocator-block-size=2097152"
    "memorysetup-profiler-bucket-allocator-granularity=16"
    "memorysetup-profiler-bucket-allocator-bucket-count=8"
    "memorysetup-profiler-bucket-allocator-block-size=33554432"
    "memorysetup-profiler-bucket-allocator-block-count=8"
    "memorysetup-profiler-allocator-block-size=16777216"
    "memorysetup-profiler-editor-allocator-block-size=1048576"
    "memorysetup-temp-allocator-size-main=16777216"
    "memorysetup-job-temp-allocator-block-size=2097152"
    "memorysetup-job-temp-allocator-block-size-background=1048576"
    "memorysetup-job-temp-allocator-reduction-small-platforms=262144"
    "memorysetup-allocator-temp-initial-block-size-main=262144"
    "memorysetup-allocator-temp-initial-block-size-worker=262144"
    "memorysetup-temp-allocator-size-background-worker=32768"
    "memorysetup-temp-allocator-size-job-worker=262144"
    "memorysetup-temp-allocator-size-preload-manager=33554432"
    "memorysetup-temp-allocator-size-nav-mesh-worker=65536"
    "memorysetup-temp-allocator-size-audio-worker=65536"
    "memorysetup-temp-allocator-size-cloud-worker=32768"
    "memorysetup-temp-allocator-size-gi-baking-worker=262144"
    "memorysetup-temp-allocator-size-gi-baking-worker=262144"
    "memorysetup-temp-allocator-size-gi-baking-worker=262144"
    "memorysetup-temp-allocator-size-gi-baking-worker=262144"
    "memorysetup-temp-allocator-size-gi-baking-worker=262144"
    "memorysetup-temp-allocator-size-gfx=262144"
Player connection [15020]  Target information:

Player connection [15020]  * "[IP] 192.168.1.3 [Port] 0 [Flags] 2 [Guid] 311495232 [EditorId] 311495232 [Version] 1048832 [Id] WindowsEditor(7,DESKTOP-DVPE94C) [Debug] 1 [PackageName] WindowsEditor [ProjectName] Editor" 

Player connection [15020] Host joined multi-casting on [225.0.0.222:54997]...
Player connection [15020] Host joined alternative multi-casting on [225.0.0.222:34997]...
JobSystem: Creating JobQueue using job-worker-count value 3
Input System module state changed to: Initialized.
[Physics::Module] Initialized fallback backend.
[Physics::Module] Id: 0xdecafbad
Library Redirect Path: Library/
[Physics::Module] Selected backend.
[Physics::Module] Name: PhysX
[Physics::Module] Id: 0xf2b8ea05
[Physics::Module] SDK Version: 4.1.2
[Physics::Module] Integration Version: 1.0.0
[Physics::Module] Threading Mode: Multi-Threaded
Refreshing native plugins compatible for Editor in 176.01 ms, found 3 plugins.
Preloading 0 native plugins for Editor in 0.00 ms.
Initialize engine version: 6000.0.43f1 (97272b72f107)
[Subsystems] Discovering subsystems at path C:/Program Files/Unity/Hub/Editor/6000.0.43f1/Editor/Data/Resources/UnitySubsystems
[Subsystems] Discovering subsystems at path D:/Unity Proj/HME/Hold My Egg/Assets
GfxDevice: creating device client; kGfxThreadingModeNonThreaded
Direct3D:
    Version:  Direct3D 11.0 [level 11.1]
    Renderer: NVIDIA GeForce RTX 3050 Laptop GPU (ID=0x25a2)
    Vendor:   NVIDIA
    VRAM:     3964 MB
    Driver:   32.0.15.6119
Initialize mono
Mono path[0] = 'C:/Program Files/Unity/Hub/Editor/6000.0.43f1/Editor/Data/Managed'
Mono path[1] = 'C:/Program Files/Unity/Hub/Editor/6000.0.43f1/Editor/Data/MonoBleedingEdge/lib/mono/unityjit-win32'
Mono config path = 'C:/Program Files/Unity/Hub/Editor/6000.0.43f1/Editor/Data/MonoBleedingEdge/etc'
Using monoOptions --debugger-agent=transport=dt_socket,embedding=1,server=y,suspend=n,address=127.0.0.1:56720
Begin MonoManager ReloadAssembly
Registering precompiled unity dll's ...
Register platform support module: C:/Program Files/Unity/Hub/Editor/6000.0.43f1/Editor/Data/PlaybackEngines/WebGLSupport/UnityEditor.WebGL.Extensions.dll
Register platform support module: C:/Program Files/Unity/Hub/Editor/6000.0.43f1/Editor/Data/PlaybackEngines/WindowsStandaloneSupport/UnityEditor.WindowsStandalone.Extensions.dll
Register platform support module: C:/Program Files/Unity/Hub/Editor/6000.0.43f1/Editor/Data/PlaybackEngines/AndroidPlayer/UnityEditor.Android.Extensions.dll
Registered in 0.017662 seconds.
- Loaded All Assemblies, in  2.835 seconds
Native extension for Android target not found
Android Extension - Scanning For ADB Devices 894 ms
Native extension for WindowsStandalone target not found
Native extension for WebGL target not found
Mono: successfully reloaded assembly
- Finished resetting the current domain, in  2.700 seconds
Domain Reload Profiling: 5530ms
	BeginReloadAssembly (1558ms)
		ExecutionOrderSort (0ms)
		DisableScriptedObjects (0ms)
		BackupInstance (0ms)
		ReleaseScriptingObjects (0ms)
		CreateAndSetChildDomain (5ms)
	RebuildCommonClasses (183ms)
	RebuildNativeTypeToScriptingClass (155ms)
	initialDomainReloadingComplete (305ms)
	LoadAllAssembliesAndSetupDomain (626ms)
		LoadAssemblies (1523ms)
		RebuildTransferFunctionScriptingTraits (0ms)
		AnalyzeDomain (604ms)
			TypeCache.Refresh (600ms)
				TypeCache.ScanAssembly (543ms)
			BuildScriptInfoCaches (0ms)
			ResolveRequiredComponents (2ms)
	FinalizeReload (2703ms)
		ReleaseScriptCaches (0ms)
		RebuildScriptCaches (0ms)
		SetupLoadedEditorAssemblies (2441ms)
			LogAssemblyErrors (0ms)
			InitializePlatformSupportModulesInManaged (1256ms)
			SetLoadedEditorAssemblies (10ms)
			BeforeProcessingInitializeOnLoad (203ms)
			ProcessInitializeOnLoadAttributes (632ms)
			ProcessInitializeOnLoadMethodAttributes (340ms)
			AfterProcessingInitializeOnLoad (0ms)
			EditorAssembliesLoaded (0ms)
		ExecutionOrderSort2 (0ms)
		AwakeInstancesAfterBackupRestoration (0ms)
========================================================================
Worker process is ready to serve import requests
Import Worker Mode flag is 0x00
Begin MonoManager ReloadAssembly
Symbol file LoadedFromMemory is not a mono symbol file
- Loaded All Assemblies, in  3.960 seconds
Refreshing native plugins compatible for Editor in 61.03 ms, found 3 plugins.
Native extension for Android target not found
Native extension for WindowsStandalone target not found
Native extension for WebGL target not found
Refreshing native plugins compatible for Editor in 33.50 ms, found 3 plugins.
Mono: successfully reloaded assembly
- Finished resetting the current domain, in  3.431 seconds
Domain Reload Profiling: 7383ms
	BeginReloadAssembly (617ms)
		ExecutionOrderSort (0ms)
		DisableScriptedObjects (23ms)
		BackupInstance (0ms)
		ReleaseScriptingObjects (0ms)
		CreateAndSetChildDomain (101ms)
	RebuildCommonClasses (116ms)
	RebuildNativeTypeToScriptingClass (42ms)
	initialDomainReloadingComplete (128ms)
	LoadAllAssembliesAndSetupDomain (3048ms)
		LoadAssemblies (2076ms)
		RebuildTransferFunctionScriptingTraits (0ms)
		AnalyzeDomain (1370ms)
			TypeCache.Refresh (901ms)
				TypeCache.ScanAssembly (767ms)
			BuildScriptInfoCaches (338ms)
			ResolveRequiredComponents (119ms)
	FinalizeReload (3432ms)
		ReleaseScriptCaches (0ms)
		RebuildScriptCaches (0ms)
		SetupLoadedEditorAssemblies (2602ms)
			LogAssemblyErrors (0ms)
			InitializePlatformSupportModulesInManaged (42ms)
			SetLoadedEditorAssemblies (20ms)
			BeforeProcessingInitializeOnLoad (519ms)
			ProcessInitializeOnLoadAttributes (1144ms)
			ProcessInitializeOnLoadMethodAttributes (868ms)
			AfterProcessingInitializeOnLoad (9ms)
			EditorAssembliesLoaded (1ms)
		ExecutionOrderSort2 (0ms)
		AwakeInstancesAfterBackupRestoration (23ms)
Launched and connected shader compiler UnityShaderCompiler.exe after 0.05 seconds
Refreshing native plugins compatible for Editor in 34.39 ms, found 3 plugins.
Preloading 0 native plugins for Editor in 0.00 ms.
Unloading 224 Unused Serialized files (Serialized files now loaded: 0)
Unloading 5735 unused Assets / (4.8 MB). Loaded Objects now: 6279.
Memory consumption went from 171.5 MB to 166.7 MB.
Total: 52.544000 ms (FindLiveObjects: 4.519800 ms CreateObjectMapping: 2.229500 ms MarkObjects: 34.827000 ms  DeleteObjects: 10.960600 ms)

========================================================================
Received Import Request.
  Time since last request: 123163.439813 seconds.
  path: Assets/Lean/Common/Scripts/LeanEditor.cs
  artifactKey: Guid(fc6189dcde966f543aa85cf5cdbe0cca) Importer(2089858483,934ff659095e30574adcf32a4c2f97b5)
Start importing Assets/Lean/Common/Scripts/LeanEditor.cs using Guid(fc6189dcde966f543aa85cf5cdbe0cca) Importer(2089858483,934ff659095e30574adcf32a4c2f97b5) (ScriptedImporter) -> (artifact id: 'e7be24fa8171e540e0be141e1004c1eb') in 0.6682344 seconds
Number of updated asset objects reloaded before import = 0Number of asset objects unloaded after import = 0

========================================================================
Received Import Request.
  Time since last request: 0.005228 seconds.
  path: Assets/Scenes/Levels/Level 59.unity
  artifactKey: Guid(966541a90b440cd4ba46dc1ea59f63c0) Importer(2089858483,934ff659095e30574adcf32a4c2f97b5)
Start importing Assets/Scenes/Levels/Level 59.unity using Guid(966541a90b440cd4ba46dc1ea59f63c0) Importer(2089858483,934ff659095e30574adcf32a4c2f97b5) (ScriptedImporter) -> (artifact id: '232bb043908fdc0262a2f129aca5068c') in 0.0493201 seconds
Number of updated asset objects reloaded before import = 0Number of asset objects unloaded after import = 1

========================================================================
Received Import Request.
  Time since last request: 0.000029 seconds.
  path: Assets/Scenes/Levels/Level 49.unity
  artifactKey: Guid(d250cde2a33822545b9fb8f5d4711d9c) Importer(2089858483,934ff659095e30574adcf32a4c2f97b5)
Start importing Assets/Scenes/Levels/Level 49.unity using Guid(d250cde2a33822545b9fb8f5d4711d9c) Importer(2089858483,934ff659095e30574adcf32a4c2f97b5) (ScriptedImporter) -> (artifact id: '2f27e712a08c9ffeda1e8b6d3521d6af') in 0.0615053 seconds
Number of updated asset objects reloaded before import = 0Number of asset objects unloaded after import = 1

========================================================================
Received Import Request.
  Time since last request: 0.000036 seconds.
  path: Assets/_Assets/Audios/0_Lose Game 2.wav
  artifactKey: Guid(eb1137691e6d13143b3d67797753172d) Importer(2089858483,934ff659095e30574adcf32a4c2f97b5)
Start importing Assets/_Assets/Audios/0_Lose Game 2.wav using Guid(eb1137691e6d13143b3d67797753172d) Importer(2089858483,934ff659095e30574adcf32a4c2f97b5) (ScriptedImporter) -> (artifact id: 'a56ca78380ef0fc03c7d34349b8d6056') in 0.2930031 seconds
Number of updated asset objects reloaded before import = 0Number of asset objects unloaded after import = 1

========================================================================
Received Import Request.
  Time since last request: 0.014141 seconds.
  path: Assets/LunarConsole/Editor/UI/ActionsAndVariablesWindow.cs
  artifactKey: Guid(89dfa70a569d141ed914e17534c3744a) Importer(2089858483,934ff659095e30574adcf32a4c2f97b5)
Start importing Assets/LunarConsole/Editor/UI/ActionsAndVariablesWindow.cs using Guid(89dfa70a569d141ed914e17534c3744a) Importer(2089858483,934ff659095e30574adcf32a4c2f97b5) (ScriptedImporter) -> (artifact id: '06e58310b4cb9c6000bdc06599e11706') in 0.0437815 seconds
Number of updated asset objects reloaded before import = 0Number of asset objects unloaded after import = 0

========================================================================
Received Import Request.
  Time since last request: 0.000039 seconds.
  path: Assets/Scenes/Levels/Level 50.unity
  artifactKey: Guid(3b0a14618dde20c448ae57715a72eb62) Importer(2089858483,934ff659095e30574adcf32a4c2f97b5)
Start importing Assets/Scenes/Levels/Level 50.unity using Guid(3b0a14618dde20c448ae57715a72eb62) Importer(2089858483,934ff659095e30574adcf32a4c2f97b5) (ScriptedImporter) -> (artifact id: 'eb324a5d0221a28335bb2df2ee1a34b9') in 0.0258824 seconds
Number of updated asset objects reloaded before import = 0Number of asset objects unloaded after import = 1

========================================================================
Received Import Request.
  Time since last request: 0.000067 seconds.
  path: Assets/LunarConsole/Scripts/Utils/Log.cs
  artifactKey: Guid(29526edaa2fe449bca5fccc2985fe4b2) Importer(2089858483,934ff659095e30574adcf32a4c2f97b5)
Start importing Assets/LunarConsole/Scripts/Utils/Log.cs using Guid(29526edaa2fe449bca5fccc2985fe4b2) Importer(2089858483,934ff659095e30574adcf32a4c2f97b5) (ScriptedImporter) -> (artifact id: '332c092362e040a0b0a94c48934fefdd') in 0.0533247 seconds
Number of updated asset objects reloaded before import = 0Number of asset objects unloaded after import = 0

========================================================================
Received Import Request.
  Time since last request: 0.000031 seconds.
  path: Assets/LunarConsole/Scripts/Utils/Iterator.cs
  artifactKey: Guid(e51ecc04c3fb247e9acabb5a25d2cf32) Importer(2089858483,934ff659095e30574adcf32a4c2f97b5)
Start importing Assets/LunarConsole/Scripts/Utils/Iterator.cs using Guid(e51ecc04c3fb247e9acabb5a25d2cf32) Importer(2089858483,934ff659095e30574adcf32a4c2f97b5) (ScriptedImporter) -> (artifact id: '0ed83981d8656072c04e0fcb55b340f9') in 0.0320015 seconds
Number of updated asset objects reloaded before import = 0Number of asset objects unloaded after import = 0

========================================================================
Received Import Request.
  Time since last request: 0.000675 seconds.
  path: Assets/Scenes/Levels/Level 52.unity
  artifactKey: Guid(0ce1b41247875d54fb98a03b1bc8e7b0) Importer(2089858483,934ff659095e30574adcf32a4c2f97b5)
Start importing Assets/Scenes/Levels/Level 52.unity using Guid(0ce1b41247875d54fb98a03b1bc8e7b0) Importer(2089858483,934ff659095e30574adcf32a4c2f97b5) (ScriptedImporter) -> (artifact id: 'c6d7901b59855d83bd345cb3ec3b6794') in 0.0389939 seconds
Number of updated asset objects reloaded before import = 0Number of asset objects unloaded after import = 1

========================================================================
Received Import Request.
  Time since last request: 0.000153 seconds.
  path: Assets/Lean/Localization/Scripts/LeanToken.cs
  artifactKey: Guid(6b00b1c461a103b4898dcc53ee709d22) Importer(2089858483,934ff659095e30574adcf32a4c2f97b5)
Start importing Assets/Lean/Localization/Scripts/LeanToken.cs using Guid(6b00b1c461a103b4898dcc53ee709d22) Importer(2089858483,934ff659095e30574adcf32a4c2f97b5) (ScriptedImporter) -> (artifact id: '37e04ed549b8bc4bc01bcc9e1695b317') in 0.0437547 seconds
Number of updated asset objects reloaded before import = 0Number of asset objects unloaded after import = 0

========================================================================
Received Import Request.
  Time since last request: 0.000042 seconds.
  path: Assets/LunarConsole/Scripts/Utils/BaseList.cs
  artifactKey: Guid(9acb3ffead3884146b74243d9ed5048d) Importer(2089858483,934ff659095e30574adcf32a4c2f97b5)
Start importing Assets/LunarConsole/Scripts/Utils/BaseList.cs using Guid(9acb3ffead3884146b74243d9ed5048d) Importer(2089858483,934ff659095e30574adcf32a4c2f97b5) (ScriptedImporter) -> (artifact id: 'bda3829edc4789f88a9e0695eec6b334') in 0.0403233 seconds
Number of updated asset objects reloaded before import = 0Number of asset objects unloaded after import = 0

========================================================================
Received Import Request.
  Time since last request: 0.000032 seconds.
  path: Assets/Lean/Localization/Scripts/LeanTranslationNameAttribute.cs
  artifactKey: Guid(cdfebeb32b399cb498725e695b85d6eb) Importer(2089858483,934ff659095e30574adcf32a4c2f97b5)
Start importing Assets/Lean/Localization/Scripts/LeanTranslationNameAttribute.cs using Guid(cdfebeb32b399cb498725e695b85d6eb) Importer(2089858483,934ff659095e30574adcf32a4c2f97b5) (ScriptedImporter) -> (artifact id: '400efb0ef948d4ea79921540cd3cb1bf') in 0.0321945 seconds
Number of updated asset objects reloaded before import = 0Number of asset objects unloaded after import = 0

========================================================================
Received Import Request.
  Time since last request: 0.000052 seconds.
  path: Assets/_Assets/Custome Assets/gameplay sprite/top.PNG
  artifactKey: Guid(abd2c2106d5b39341aadbc350068bf33) Importer(2089858483,934ff659095e30574adcf32a4c2f97b5)
Start importing Assets/_Assets/Custome Assets/gameplay sprite/top.PNG using Guid(abd2c2106d5b39341aadbc350068bf33) Importer(2089858483,934ff659095e30574adcf32a4c2f97b5) (ScriptedImporter) -> (artifact id: '019347b2266c7dbfe3c5e7fc935ebbc1') in 0.0578205 seconds
Number of updated asset objects reloaded before import = 0Number of asset objects unloaded after import = 2

========================================================================
Received Import Request.
  Time since last request: 0.000034 seconds.
  path: Assets/_Assets/Prefab/Game Data/Bird.prefab
  artifactKey: Guid(346d6be6d9a854147b4311d9f3a278f9) Importer(2089858483,934ff659095e30574adcf32a4c2f97b5)
Start importing Assets/_Assets/Prefab/Game Data/Bird.prefab using Guid(346d6be6d9a854147b4311d9f3a278f9) Importer(2089858483,934ff659095e30574adcf32a4c2f97b5) (ScriptedImporter) -> (artifact id: '4c37b8b8b3f50a1be08fbb7238ff8b32') in 0.1346619 seconds
Number of updated asset objects reloaded before import = 0Number of asset objects unloaded after import = 29

========================================================================
Received Import Request.
  Time since last request: 0.000066 seconds.
  path: Assets/_Assets/Custome Assets/gameplay sprite/image_cloud.png
  artifactKey: Guid(5902eff6436631a47850ec4bcf49eee6) Importer(2089858483,934ff659095e30574adcf32a4c2f97b5)
Start importing Assets/_Assets/Custome Assets/gameplay sprite/image_cloud.png using Guid(5902eff6436631a47850ec4bcf49eee6) Importer(2089858483,934ff659095e30574adcf32a4c2f97b5) (ScriptedImporter) -> (artifact id: '74a497b5348e78366005d4a970b62510') in 0.0377689 seconds
Number of updated asset objects reloaded before import = 0Number of asset objects unloaded after import = 2

========================================================================
Received Import Request.
  Time since last request: 0.000077 seconds.
  path: Assets/TextMesh Pro/Resources/Fonts & Materials/LiberationSans SDF.asset
  artifactKey: Guid(8f586378b4e144a9851e7b34d9b748ee) Importer(2089858483,934ff659095e30574adcf32a4c2f97b5)
Start importing Assets/TextMesh Pro/Resources/Fonts & Materials/LiberationSans SDF.asset using Guid(8f586378b4e144a9851e7b34d9b748ee) Importer(2089858483,934ff659095e30574adcf32a4c2f97b5) (ScriptedImporter) -> (artifact id: '2de6fd0c2da6aff0cda100eaf5059b3a') in 0.0882118 seconds
Number of updated asset objects reloaded before import = 0Number of asset objects unloaded after import = 8

========================================================================
Received Import Request.
  Time since last request: 0.000068 seconds.
  path: Assets/TextMesh Pro/Resources/Fonts & Materials/LiberationSans SDF - Outline.mat
  artifactKey: Guid(79459efec17a4d00a321bdcc27bbc385) Importer(2089858483,934ff659095e30574adcf32a4c2f97b5)
Start importing Assets/TextMesh Pro/Resources/Fonts & Materials/LiberationSans SDF - Outline.mat using Guid(79459efec17a4d00a321bdcc27bbc385) Importer(2089858483,934ff659095e30574adcf32a4c2f97b5) (ScriptedImporter) -> (artifact id: 'b639b6ecce95966a0edec8c586ee4908') in 0.0292434 seconds
Number of updated asset objects reloaded before import = 0Number of asset objects unloaded after import = 1

========================================================================
Received Import Request.
  Time since last request: 0.000047 seconds.
  path: Assets/Lean/Localization/Scripts/LeanPrefab.cs
  artifactKey: Guid(a580c5d337407a9439b51424c8590dd3) Importer(2089858483,934ff659095e30574adcf32a4c2f97b5)
Start importing Assets/Lean/Localization/Scripts/LeanPrefab.cs using Guid(a580c5d337407a9439b51424c8590dd3) Importer(2089858483,934ff659095e30574adcf32a4c2f97b5) (ScriptedImporter) -> (artifact id: 'faf472d7c1b2121e4130f467af896357') in 0.0246772 seconds
Number of updated asset objects reloaded before import = 0Number of asset objects unloaded after import = 0

========================================================================
Received Import Request.
  Time since last request: 0.000048 seconds.
  path: Assets/Lean/Localization/Scripts/LeanLocalizedBehaviour.cs
  artifactKey: Guid(1fbd7e2a5aacea442bccddc4c9c84fa9) Importer(2089858483,934ff659095e30574adcf32a4c2f97b5)
Start importing Assets/Lean/Localization/Scripts/LeanLocalizedBehaviour.cs using Guid(1fbd7e2a5aacea442bccddc4c9c84fa9) Importer(2089858483,934ff659095e30574adcf32a4c2f97b5) (ScriptedImporter) -> (artifact id: '5895a05f0e5284f7551e81c9caed1660') in 0.0250284 seconds
Number of updated asset objects reloaded before import = 0Number of asset objects unloaded after import = 0

========================================================================
Received Import Request.
  Time since last request: 0.000029 seconds.
  path: Assets/Lean/Localization/Languages/Arabic.prefab
  artifactKey: Guid(72791d95cee660147917361f531f775b) Importer(2089858483,934ff659095e30574adcf32a4c2f97b5)
Start importing Assets/Lean/Localization/Languages/Arabic.prefab using Guid(72791d95cee660147917361f531f775b) Importer(2089858483,934ff659095e30574adcf32a4c2f97b5) (ScriptedImporter) -> (artifact id: 'c026457104890ed13e271f03db2e42da') in 0.0240998 seconds
Number of updated asset objects reloaded before import = 0Number of asset objects unloaded after import = 5

========================================================================
Received Import Request.
  Time since last request: 0.000041 seconds.
  path: Assets/Scenes/Levels/Level 66.unity
  artifactKey: Guid(1840d94aaacd5464fbcc6fb3833b31ed) Importer(2089858483,934ff659095e30574adcf32a4c2f97b5)
Start importing Assets/Scenes/Levels/Level 66.unity using Guid(1840d94aaacd5464fbcc6fb3833b31ed) Importer(2089858483,934ff659095e30574adcf32a4c2f97b5) (ScriptedImporter) -> (artifact id: '5c6f2ef11b801fd8c5ad293524149a11') in 0.0237211 seconds
Number of updated asset objects reloaded before import = 0Number of asset objects unloaded after import = 1

========================================================================
Received Import Request.
  Time since last request: 0.000036 seconds.
  path: Assets/Scenes/Levels/Level 63.unity
  artifactKey: Guid(2e73010da0efe9a4690d1bdf5f0504a1) Importer(2089858483,934ff659095e30574adcf32a4c2f97b5)
Start importing Assets/Scenes/Levels/Level 63.unity using Guid(2e73010da0efe9a4690d1bdf5f0504a1) Importer(2089858483,934ff659095e30574adcf32a4c2f97b5) (ScriptedImporter) -> (artifact id: 'cf0ac72fe8e990186159832046e83174') in 0.022622 seconds
Number of updated asset objects reloaded before import = 0Number of asset objects unloaded after import = 1

========================================================================
Received Import Request.
  Time since last request: 0.000032 seconds.
  path: Assets/LunarConsole/Editor/Updater.cs
  artifactKey: Guid(fb51c0db153dd4064a9cdb951f7cbcc9) Importer(2089858483,934ff659095e30574adcf32a4c2f97b5)
Start importing Assets/LunarConsole/Editor/Updater.cs using Guid(fb51c0db153dd4064a9cdb951f7cbcc9) Importer(2089858483,934ff659095e30574adcf32a4c2f97b5) (ScriptedImporter) -> (artifact id: '2e0fac751cfcee29cdfcd9f2caec7fee') in 0.0234261 seconds
Number of updated asset objects reloaded before import = 0Number of asset objects unloaded after import = 0

========================================================================
Received Import Request.
  Time since last request: 0.000040 seconds.
  path: Assets/LunarConsole/Editor/LunarConsoleHttpClient.cs
  artifactKey: Guid(8f2c6c905518146f59ce8bdbb6620c98) Importer(2089858483,934ff659095e30574adcf32a4c2f97b5)
Start importing Assets/LunarConsole/Editor/LunarConsoleHttpClient.cs using Guid(8f2c6c905518146f59ce8bdbb6620c98) Importer(2089858483,934ff659095e30574adcf32a4c2f97b5) (ScriptedImporter) -> (artifact id: 'a4b53a29770302bef3e216fd8dd2b63f') in 0.0233372 seconds
Number of updated asset objects reloaded before import = 0Number of asset objects unloaded after import = 0

========================================================================
Received Import Request.
  Time since last request: 0.000028 seconds.
  path: Assets/TextMesh Pro/Shaders/TMP_SDF-HDRP UNLIT.shadergraph
  artifactKey: Guid(f63d574838ccfb44f84acc05fed0af48) Importer(2089858483,934ff659095e30574adcf32a4c2f97b5)
Start importing Assets/TextMesh Pro/Shaders/TMP_SDF-HDRP UNLIT.shadergraph using Guid(f63d574838ccfb44f84acc05fed0af48) Importer(2089858483,934ff659095e30574adcf32a4c2f97b5) (ScriptedImporter) -> (artifact id: '41fb7de7f3b94521b9daa5e62c55aef0') in 0.0300869 seconds
Number of updated asset objects reloaded before import = 0Number of asset objects unloaded after import = 3

========================================================================
Received Import Request.
  Time since last request: 0.000028 seconds.
  path: Assets/AddressableAssetsData/AssetGroups/Default Local Group.asset
  artifactKey: Guid(459794c340dfa204d8e4a6c1fd1890fb) Importer(2089858483,934ff659095e30574adcf32a4c2f97b5)
Start importing Assets/AddressableAssetsData/AssetGroups/Default Local Group.asset using Guid(459794c340dfa204d8e4a6c1fd1890fb) Importer(2089858483,934ff659095e30574adcf32a4c2f97b5) (ScriptedImporter) -> (artifact id: 'eda9d31d019d222916220bd4fa259ccb') in 0.0239808 seconds
Number of updated asset objects reloaded before import = 0Number of asset objects unloaded after import = 1

========================================================================
Received Import Request.
  Time since last request: 0.000032 seconds.
  path: Assets/Lean/Localization/Examples/06 Renderer.unity
  artifactKey: Guid(14608362f2f47c14199d97759b143929) Importer(2089858483,934ff659095e30574adcf32a4c2f97b5)
Start importing Assets/Lean/Localization/Examples/06 Renderer.unity using Guid(14608362f2f47c14199d97759b143929) Importer(2089858483,934ff659095e30574adcf32a4c2f97b5) (ScriptedImporter) -> (artifact id: '04c626b03c6e8e8a363e188b2a6acbbd') in 0.0254172 seconds
Number of updated asset objects reloaded before import = 0Number of asset objects unloaded after import = 1

========================================================================
Received Import Request.
  Time since last request: 0.000026 seconds.
  path: Assets/AddressableAssetsData/AssetGroups/Localization-Locales.asset
  artifactKey: Guid(28c504c82d139654e9f93f6697082ba9) Importer(2089858483,934ff659095e30574adcf32a4c2f97b5)
Start importing Assets/AddressableAssetsData/AssetGroups/Localization-Locales.asset using Guid(28c504c82d139654e9f93f6697082ba9) Importer(2089858483,934ff659095e30574adcf32a4c2f97b5) (ScriptedImporter) -> (artifact id: 'ba6257da878118d8949a4e75350732d8') in 0.0252939 seconds
Number of updated asset objects reloaded before import = 0Number of asset objects unloaded after import = 1

========================================================================
Received Import Request.
  Time since last request: 0.000052 seconds.
  path: Assets/LunarConsole/Scripts/Utils/ClassUtils.cs
  artifactKey: Guid(5c9fba7e1e57a4d4080fa084cf1bbb5f) Importer(2089858483,934ff659095e30574adcf32a4c2f97b5)
Start importing Assets/LunarConsole/Scripts/Utils/ClassUtils.cs using Guid(5c9fba7e1e57a4d4080fa084cf1bbb5f) Importer(2089858483,934ff659095e30574adcf32a4c2f97b5) (ScriptedImporter) -> (artifact id: 'a89260bce670e22f67b6ec9ee9e26e16') in 0.0266478 seconds
Number of updated asset objects reloaded before import = 0Number of asset objects unloaded after import = 0

========================================================================
Received Import Request.
  Time since last request: 0.000031 seconds.
  path: Assets/_Assets/Fonts/Londrina_Solid/OFL.txt
  artifactKey: Guid(1301eee0eeac624468694fbb13318aa6) Importer(2089858483,934ff659095e30574adcf32a4c2f97b5)
Start importing Assets/_Assets/Fonts/Londrina_Solid/OFL.txt using Guid(1301eee0eeac624468694fbb13318aa6) Importer(2089858483,934ff659095e30574adcf32a4c2f97b5) (ScriptedImporter) -> (artifact id: '1e6cbbff328ff7a739e4042825e9aab8') in 0.021962 seconds
Number of updated asset objects reloaded before import = 0Number of asset objects unloaded after import = 1

========================================================================
Received Import Request.
  Time since last request: 0.000022 seconds.
  path: Assets/LunarConsole/Editor/AndroidPlugin.cs
  artifactKey: Guid(d8fd4a203d95240148a54759841ce39c) Importer(2089858483,934ff659095e30574adcf32a4c2f97b5)
Start importing Assets/LunarConsole/Editor/AndroidPlugin.cs using Guid(d8fd4a203d95240148a54759841ce39c) Importer(2089858483,934ff659095e30574adcf32a4c2f97b5) (ScriptedImporter) -> (artifact id: '3ca9aaad62f0e7a9cfef8ce10edf1a99') in 0.0257721 seconds
Number of updated asset objects reloaded before import = 0Number of asset objects unloaded after import = 0

========================================================================
Received Import Request.
  Time since last request: 0.000033 seconds.
  path: Assets/Scenes/Initial Scene/Credit Screen.unity
  artifactKey: Guid(0e698b727552d8c4891c6730da59ae7e) Importer(2089858483,934ff659095e30574adcf32a4c2f97b5)
Start importing Assets/Scenes/Initial Scene/Credit Screen.unity using Guid(0e698b727552d8c4891c6730da59ae7e) Importer(2089858483,934ff659095e30574adcf32a4c2f97b5) (ScriptedImporter) -> (artifact id: 'c403a72da73bd90295081e80fdcbf6b6') in 0.0247155 seconds
Number of updated asset objects reloaded before import = 0Number of asset objects unloaded after import = 1

========================================================================
Received Import Request.
  Time since last request: 0.000050 seconds.
  path: Assets/Scenes/Levels/Level 91.unity
  artifactKey: Guid(b151f93c3d183c745bbfaf24ee8d2655) Importer(2089858483,934ff659095e30574adcf32a4c2f97b5)
Start importing Assets/Scenes/Levels/Level 91.unity using Guid(b151f93c3d183c745bbfaf24ee8d2655) Importer(2089858483,934ff659095e30574adcf32a4c2f97b5) (ScriptedImporter) -> (artifact id: 'f5a60d226ba1f6b00d67c0ffbbbbf7f5') in 0.0235418 seconds
Number of updated asset objects reloaded before import = 0Number of asset objects unloaded after import = 1

========================================================================
Received Import Request.
  Time since last request: 2.967245 seconds.
  path: Assets/_Assets/Scriptable Objects/Level Data/Level 16.asset
  artifactKey: Guid(b20385c934fe4cf4f80f9cd88c3b8740) Importer(2089858483,934ff659095e30574adcf32a4c2f97b5)
Start importing Assets/_Assets/Scriptable Objects/Level Data/Level 16.asset using Guid(b20385c934fe4cf4f80f9cd88c3b8740) Importer(2089858483,934ff659095e30574adcf32a4c2f97b5) (ScriptedImporter) -> (artifact id: '3618dade73b66e229f87911e264dc721') in 0.0772127 seconds
Number of updated asset objects reloaded before import = 0Number of asset objects unloaded after import = 266

========================================================================
Received Import Request.
  Time since last request: 0.000032 seconds.
  path: Assets/_Assets/Scriptable Objects/Level Data/Level 60.asset
  artifactKey: Guid(3a66b820efbf3d742a60330e85a1ac4f) Importer(2089858483,934ff659095e30574adcf32a4c2f97b5)
Start importing Assets/_Assets/Scriptable Objects/Level Data/Level 60.asset using Guid(3a66b820efbf3d742a60330e85a1ac4f) Importer(2089858483,934ff659095e30574adcf32a4c2f97b5) (ScriptedImporter) -> (artifact id: '07c77bec68d2ad5a8b9e39cf9d053e9a') in 0.0600721 seconds
Number of updated asset objects reloaded before import = 0Number of asset objects unloaded after import = 312

========================================================================
Received Import Request.
  Time since last request: 0.000052 seconds.
  path: Assets/_Assets/Scriptable Objects/Level Data/Level 78.asset
  artifactKey: Guid(6f0f24f063d38b04f8456e96339ad1cd) Importer(2089858483,934ff659095e30574adcf32a4c2f97b5)
Start importing Assets/_Assets/Scriptable Objects/Level Data/Level 78.asset using Guid(6f0f24f063d38b04f8456e96339ad1cd) Importer(2089858483,934ff659095e30574adcf32a4c2f97b5) (ScriptedImporter) -> (artifact id: '0efa11e9ad46f6b95a91ed4c0209e8e8') in 0.0585036 seconds
Number of updated asset objects reloaded before import = 0Number of asset objects unloaded after import = 312

========================================================================
Received Import Request.
  Time since last request: 0.000067 seconds.
  path: Assets/_Assets/Scriptable Objects/Level Data/Level 87.asset
  artifactKey: Guid(32358dc9c7b9dcc429b00087b6b1298d) Importer(2089858483,934ff659095e30574adcf32a4c2f97b5)
Start importing Assets/_Assets/Scriptable Objects/Level Data/Level 87.asset using Guid(32358dc9c7b9dcc429b00087b6b1298d) Importer(2089858483,934ff659095e30574adcf32a4c2f97b5) (ScriptedImporter) -> (artifact id: '7ed4efc874023205499ac563b3f8b6d4') in 0.0655189 seconds
Number of updated asset objects reloaded before import = 0Number of asset objects unloaded after import = 312

========================================================================
Received Import Request.
  Time since last request: 0.000046 seconds.
  path: Assets/_Assets/Scripts/Bowl/Nest.cs
  artifactKey: Guid(0e7a1be359a84c844a049a6ac60d2839) Importer(2089858483,934ff659095e30574adcf32a4c2f97b5)
Start importing Assets/_Assets/Scripts/Bowl/Nest.cs using Guid(0e7a1be359a84c844a049a6ac60d2839) Importer(2089858483,934ff659095e30574adcf32a4c2f97b5) (ScriptedImporter) -> (artifact id: '9cade6c6834550745c44d43f9eb2d984') in 0.0399898 seconds
Number of updated asset objects reloaded before import = 0Number of asset objects unloaded after import = 0

========================================================================
Received Import Request.
  Time since last request: 0.000066 seconds.
  path: Assets/_Assets/Scripts/Scritable Objects Scripts/CoinDataSO.cs
  artifactKey: Guid(9caf3acef17504e4da5301c2fcfa9d3c) Importer(2089858483,934ff659095e30574adcf32a4c2f97b5)
Start importing Assets/_Assets/Scripts/Scritable Objects Scripts/CoinDataSO.cs using Guid(9caf3acef17504e4da5301c2fcfa9d3c) Importer(2089858483,934ff659095e30574adcf32a4c2f97b5) (ScriptedImporter) -> (artifact id: '5e074281b52613141e2309205f7d7da5') in 0.0313624 seconds
Number of updated asset objects reloaded before import = 0Number of asset objects unloaded after import = 0

========================================================================
Received Import Request.
  Time since last request: 0.000037 seconds.
  path: Assets/Lean/Common/Examples/Textures/Left.png
  artifactKey: Guid(8548d034b532fc64f9e26ecfe5f35ff7) Importer(2089858483,934ff659095e30574adcf32a4c2f97b5)
Start importing Assets/Lean/Common/Examples/Textures/Left.png using Guid(8548d034b532fc64f9e26ecfe5f35ff7) Importer(2089858483,934ff659095e30574adcf32a4c2f97b5) (ScriptedImporter) -> (artifact id: '6786783038028ac34e60a730f6cc1c71') in 0.0488154 seconds
Number of updated asset objects reloaded before import = 0Number of asset objects unloaded after import = 2

========================================================================
Received Import Request.
  Time since last request: 0.000049 seconds.
  path: Assets/_Assets/Scripts/Game Scripts/CoinCollecter.cs
  artifactKey: Guid(77b7ebaeaa4aa4a469577d81cfed5147) Importer(2089858483,934ff659095e30574adcf32a4c2f97b5)
Start importing Assets/_Assets/Scripts/Game Scripts/CoinCollecter.cs using Guid(77b7ebaeaa4aa4a469577d81cfed5147) Importer(2089858483,934ff659095e30574adcf32a4c2f97b5) (ScriptedImporter) -> (artifact id: 'ce84646920c063fc536e23829f90010e') in 0.0383203 seconds
Number of updated asset objects reloaded before import = 0Number of asset objects unloaded after import = 0

========================================================================
Received Import Request.
  Time since last request: 0.000030 seconds.
  path: Assets/_Assets/Scriptable Objects/Level Data/Level 3.asset
  artifactKey: Guid(3eb6adbface365945832d54006976e5f) Importer(2089858483,934ff659095e30574adcf32a4c2f97b5)
Start importing Assets/_Assets/Scriptable Objects/Level Data/Level 3.asset using Guid(3eb6adbface365945832d54006976e5f) Importer(2089858483,934ff659095e30574adcf32a4c2f97b5) (ScriptedImporter) -> (artifact id: 'a722e12e40a032e6e8bdd4cbd9e06f1c') in 0.0417627 seconds
Number of updated asset objects reloaded before import = 0Number of asset objects unloaded after import = 90

========================================================================
Received Import Request.
  Time since last request: 0.000040 seconds.
  path: Assets/Lean/Common/Examples/Prefabs/Demo.prefab
  artifactKey: Guid(298daca7decb9f846b5ff996ee97a495) Importer(2089858483,934ff659095e30574adcf32a4c2f97b5)
Start importing Assets/Lean/Common/Examples/Prefabs/Demo.prefab using Guid(298daca7decb9f846b5ff996ee97a495) Importer(2089858483,934ff659095e30574adcf32a4c2f97b5) (ScriptedImporter) -> (artifact id: '20ef290c09a596f17fd5c3e920524279') in 0.0800344 seconds
Number of updated asset objects reloaded before import = 0Number of asset objects unloaded after import = 46

========================================================================
Received Import Request.
  Time since last request: 0.000138 seconds.
  path: Assets/Lean/Localization/Scripts/Editor/csc.rsp
  artifactKey: Guid(aa976ebe51f503240af6db6824e00900) Importer(2089858483,934ff659095e30574adcf32a4c2f97b5)
Start importing Assets/Lean/Localization/Scripts/Editor/csc.rsp using Guid(aa976ebe51f503240af6db6824e00900) Importer(2089858483,934ff659095e30574adcf32a4c2f97b5) (ScriptedImporter) -> (artifact id: '9a13135ba30063c7de1dceeb95f5b2d8') in 0.0454444 seconds
Number of updated asset objects reloaded before import = 0Number of asset objects unloaded after import = 1

========================================================================
Received Import Request.
  Time since last request: 0.000060 seconds.
  path: Assets/Lean/Common/Examples/Prefabs/RoundedCube.prefab
  artifactKey: Guid(98bcf37801e348c44b1dc78b7af0bb77) Importer(2089858483,934ff659095e30574adcf32a4c2f97b5)
Start importing Assets/Lean/Common/Examples/Prefabs/RoundedCube.prefab using Guid(98bcf37801e348c44b1dc78b7af0bb77) Importer(2089858483,934ff659095e30574adcf32a4c2f97b5) (ScriptedImporter) -> (artifact id: '36cae0da37a5078cbb6e690c06cc2a47') in 0.0434614 seconds
Number of updated asset objects reloaded before import = 0Number of asset objects unloaded after import = 9

========================================================================
Received Import Request.
  Time since last request: 0.000036 seconds.
  path: Assets/_Assets/Scriptable Objects/Level Data/Level 46.asset
  artifactKey: Guid(729d08426bbbd5741996f0390a495c3b) Importer(2089858483,934ff659095e30574adcf32a4c2f97b5)
Start importing Assets/_Assets/Scriptable Objects/Level Data/Level 46.asset using Guid(729d08426bbbd5741996f0390a495c3b) Importer(2089858483,934ff659095e30574adcf32a4c2f97b5) (ScriptedImporter) -> (artifact id: 'ef9ff3723ba0d01c0f0f6aa1edd16ad9') in 0.0462486 seconds
Number of updated asset objects reloaded before import = 0Number of asset objects unloaded after import = 312

========================================================================
Received Import Request.
  Time since last request: 0.000033 seconds.
  path: Assets/_Assets/Scripts/Utility Scripts/CameraViewHandler.cs
  artifactKey: Guid(2469ca642720e074d9bc46309780879d) Importer(2089858483,934ff659095e30574adcf32a4c2f97b5)
Start importing Assets/_Assets/Scripts/Utility Scripts/CameraViewHandler.cs using Guid(2469ca642720e074d9bc46309780879d) Importer(2089858483,934ff659095e30574adcf32a4c2f97b5) (ScriptedImporter) -> (artifact id: '2cca264e43930b44d0b77009edbe5c7c') in 0.0215553 seconds
Number of updated asset objects reloaded before import = 0Number of asset objects unloaded after import = 0

========================================================================
Received Import Request.
  Time since last request: 0.000029 seconds.
  path: Assets/_Assets/Scripts/UI Scripts/CreditBackToMenu.cs
  artifactKey: Guid(9c55f104b92799e458a347335f9701e5) Importer(2089858483,934ff659095e30574adcf32a4c2f97b5)
Start importing Assets/_Assets/Scripts/UI Scripts/CreditBackToMenu.cs using Guid(9c55f104b92799e458a347335f9701e5) Importer(2089858483,934ff659095e30574adcf32a4c2f97b5) (ScriptedImporter) -> (artifact id: 'be7990e294e1de4adc9b9ffeedf16a85') in 0.0193745 seconds
Number of updated asset objects reloaded before import = 0Number of asset objects unloaded after import = 0

========================================================================
Received Import Request.
  Time since last request: 0.000049 seconds.
  path: Assets/Lean/Common/Examples/Materials/Orange.mat
  artifactKey: Guid(d15897a066fc1bd4e873db20d70da822) Importer(2089858483,934ff659095e30574adcf32a4c2f97b5)
Start importing Assets/Lean/Common/Examples/Materials/Orange.mat using Guid(d15897a066fc1bd4e873db20d70da822) Importer(2089858483,934ff659095e30574adcf32a4c2f97b5) (ScriptedImporter) -> (artifact id: '64a33c84d6f06a0f30bf996838ffaa3c') in 0.0248559 seconds
Number of updated asset objects reloaded before import = 0Number of asset objects unloaded after import = 1

========================================================================
Received Import Request.
  Time since last request: 0.000138 seconds.
  path: Assets/_Assets/Scriptable Objects/Level Data/Level 27.asset
  artifactKey: Guid(4c99c9ded29663846a5faa52aa14d025) Importer(2089858483,934ff659095e30574adcf32a4c2f97b5)
Start importing Assets/_Assets/Scriptable Objects/Level Data/Level 27.asset using Guid(4c99c9ded29663846a5faa52aa14d025) Importer(2089858483,934ff659095e30574adcf32a4c2f97b5) (ScriptedImporter) -> (artifact id: '2aea0926769cdb6abb85f2db11530697') in 0.0492115 seconds
Number of updated asset objects reloaded before import = 0Number of asset objects unloaded after import = 312

========================================================================
Received Import Request.
  Time since last request: 0.000047 seconds.
  path: Assets/_Assets/Scriptable Objects/Level Data/Level 81.asset
  artifactKey: Guid(1a3b1c4770c714841ba78c54515b397b) Importer(2089858483,934ff659095e30574adcf32a4c2f97b5)
Start importing Assets/_Assets/Scriptable Objects/Level Data/Level 81.asset using Guid(1a3b1c4770c714841ba78c54515b397b) Importer(2089858483,934ff659095e30574adcf32a4c2f97b5) (ScriptedImporter) -> (artifact id: 'c0fd130f93135130089fea665d558ebe') in 0.0595431 seconds
Number of updated asset objects reloaded before import = 0Number of asset objects unloaded after import = 312

========================================================================
Received Import Request.
  Time since last request: 0.000039 seconds.
  path: Assets/_Assets/Scripts/Game Scripts/Coin.cs
  artifactKey: Guid(92f40ae27a92f904baa6258cf9c24137) Importer(2089858483,934ff659095e30574adcf32a4c2f97b5)
Start importing Assets/_Assets/Scripts/Game Scripts/Coin.cs using Guid(92f40ae27a92f904baa6258cf9c24137) Importer(2089858483,934ff659095e30574adcf32a4c2f97b5) (ScriptedImporter) -> (artifact id: '31f71289de731d3bf9422d1114134dc7') in 0.0224662 seconds
Number of updated asset objects reloaded before import = 0Number of asset objects unloaded after import = 0

========================================================================
Received Import Request.
  Time since last request: 0.000049 seconds.
  path: Assets/Lean/Localization/Examples/Media/Good Morning.prefab
  artifactKey: Guid(ec2b7e65f34f0794aa02d10ddc95a670) Importer(2089858483,934ff659095e30574adcf32a4c2f97b5)
Start importing Assets/Lean/Localization/Examples/Media/Good Morning.prefab using Guid(ec2b7e65f34f0794aa02d10ddc95a670) Importer(2089858483,934ff659095e30574adcf32a4c2f97b5) (ScriptedImporter) -> (artifact id: '08364c697b875a449b9332060c2db7de') in 0.0315825 seconds
Number of updated asset objects reloaded before import = 0Number of asset objects unloaded after import = 5

========================================================================
Received Import Request.
  Time since last request: 0.000051 seconds.
  path: Assets/_Assets/Scriptable Objects/Level Data/Level 8.asset
  artifactKey: Guid(9799930ffbbc8bd418914573c326e376) Importer(2089858483,934ff659095e30574adcf32a4c2f97b5)
Start importing Assets/_Assets/Scriptable Objects/Level Data/Level 8.asset using Guid(9799930ffbbc8bd418914573c326e376) Importer(2089858483,934ff659095e30574adcf32a4c2f97b5) (ScriptedImporter) -> (artifact id: 'd9c4e5559b615c1153a78a062f0fa356') in 0.050169 seconds
Number of updated asset objects reloaded before import = 0Number of asset objects unloaded after import = 266

========================================================================
Received Import Request.
  Time since last request: 0.000133 seconds.
  path: Assets/Lean/Localization/Scripts/Editor/LeanPhrase_Editor.cs
  artifactKey: Guid(8d3808a1dea3b0341b54e4e08c061007) Importer(2089858483,934ff659095e30574adcf32a4c2f97b5)
Start importing Assets/Lean/Localization/Scripts/Editor/LeanPhrase_Editor.cs using Guid(8d3808a1dea3b0341b54e4e08c061007) Importer(2089858483,934ff659095e30574adcf32a4c2f97b5) (ScriptedImporter) -> (artifact id: 'aedbc7b9e0cefc39cafdda92063d905c') in 0.031732 seconds
Number of updated asset objects reloaded before import = 0Number of asset objects unloaded after import = 0

========================================================================
Received Import Request.
  Time since last request: 0.000041 seconds.
  path: Assets/_Assets/Scriptable Objects/Level Data/Level 82.asset
  artifactKey: Guid(96709660f206c4940a864378cf146921) Importer(2089858483,934ff659095e30574adcf32a4c2f97b5)
Start importing Assets/_Assets/Scriptable Objects/Level Data/Level 82.asset using Guid(96709660f206c4940a864378cf146921) Importer(2089858483,934ff659095e30574adcf32a4c2f97b5) (ScriptedImporter) -> (artifact id: '6c6d5b84dc51356354e94d7740c2afc7') in 0.0420444 seconds
Number of updated asset objects reloaded before import = 0Number of asset objects unloaded after import = 312

========================================================================
Received Import Request.
  Time since last request: 0.000066 seconds.
  path: Assets/_Assets/Custome Assets/HoldMyEgg-Complete/Main Menu/button.PNG
  artifactKey: Guid(64c418c141159cd418b0634590d4d8fa) Importer(2089858483,934ff659095e30574adcf32a4c2f97b5)
Start importing Assets/_Assets/Custome Assets/HoldMyEgg-Complete/Main Menu/button.PNG using Guid(64c418c141159cd418b0634590d4d8fa) Importer(2089858483,934ff659095e30574adcf32a4c2f97b5) (ScriptedImporter) -> (artifact id: '6317d2561e11d3baa253149b37e2a743') in 0.0284981 seconds
Number of updated asset objects reloaded before import = 0Number of asset objects unloaded after import = 2

========================================================================
Received Import Request.
  Time since last request: 0.000025 seconds.
  path: Assets/_Assets/Custome Assets/HoldMyEgg-Complete/Main Menu/progress bar.PNG
  artifactKey: Guid(a7b7d20183fcc98489b4d735a12cdf3b) Importer(2089858483,934ff659095e30574adcf32a4c2f97b5)
Start importing Assets/_Assets/Custome Assets/HoldMyEgg-Complete/Main Menu/progress bar.PNG using Guid(a7b7d20183fcc98489b4d735a12cdf3b) Importer(2089858483,934ff659095e30574adcf32a4c2f97b5) (ScriptedImporter) -> (artifact id: '218ab428adad2d9d76c7f163434ce233') in 0.0328611 seconds
Number of updated asset objects reloaded before import = 0Number of asset objects unloaded after import = 2

========================================================================
Received Import Request.
  Time since last request: 0.000031 seconds.
  path: Assets/_Assets/Custome Assets/HoldMyEgg-Complete/GamePlayAssets/bowl_white.PNG
  artifactKey: Guid(3825e8c080107ed47a6da1b9fb7d8b20) Importer(2089858483,934ff659095e30574adcf32a4c2f97b5)
Start importing Assets/_Assets/Custome Assets/HoldMyEgg-Complete/GamePlayAssets/bowl_white.PNG using Guid(3825e8c080107ed47a6da1b9fb7d8b20) Importer(2089858483,934ff659095e30574adcf32a4c2f97b5) (ScriptedImporter) -> (artifact id: '06e62712bc0d2769c8c5f20d19449073') in 0.0401042 seconds
Number of updated asset objects reloaded before import = 0Number of asset objects unloaded after import = 3

========================================================================
Received Import Request.
  Time since last request: 0.000094 seconds.
  path: Assets/_Assets/Custome Assets/HoldMyEgg-Complete/Main Menu/background.PNG
  artifactKey: Guid(affaf75710784f24986d73bd90884ec3) Importer(2089858483,934ff659095e30574adcf32a4c2f97b5)
Start importing Assets/_Assets/Custome Assets/HoldMyEgg-Complete/Main Menu/background.PNG using Guid(affaf75710784f24986d73bd90884ec3) Importer(2089858483,934ff659095e30574adcf32a4c2f97b5) (ScriptedImporter) -> (artifact id: '697bba865709d4d0ac7f5a924c72892e') in 0.0422379 seconds
Number of updated asset objects reloaded before import = 0Number of asset objects unloaded after import = 2

========================================================================
Received Import Request.
  Time since last request: 0.000055 seconds.
  path: Assets/_Assets/Custome Assets/HoldMyEgg-Complete/Settings/button.png
  artifactKey: Guid(dbedaa1c80fbcc04394bb4a3a4796f73) Importer(2089858483,934ff659095e30574adcf32a4c2f97b5)
Start importing Assets/_Assets/Custome Assets/HoldMyEgg-Complete/Settings/button.png using Guid(dbedaa1c80fbcc04394bb4a3a4796f73) Importer(2089858483,934ff659095e30574adcf32a4c2f97b5) (ScriptedImporter) -> (artifact id: '4a9639db703353c633a814f2ea605177') in 0.0437649 seconds
Number of updated asset objects reloaded before import = 0Number of asset objects unloaded after import = 2

========================================================================
Received Import Request.
  Time since last request: 0.000048 seconds.
  path: Assets/_Assets/Prefab/Bowls Prefabs/Moving Bowls/pf_White Patrolling Bowl.prefab
  artifactKey: Guid(faaac8af9d803a347a7ce72d5749910e) Importer(2089858483,934ff659095e30574adcf32a4c2f97b5)
Start importing Assets/_Assets/Prefab/Bowls Prefabs/Moving Bowls/pf_White Patrolling Bowl.prefab using Guid(faaac8af9d803a347a7ce72d5749910e) Importer(2089858483,934ff659095e30574adcf32a4c2f97b5) (ScriptedImporter) -> (artifact id: '52187444198a8ad4b352413d45840488') in 0.0376213 seconds
Number of updated asset objects reloaded before import = 0Number of asset objects unloaded after import = 19

========================================================================
Received Import Request.
  Time since last request: 0.000029 seconds.
  path: Assets/_Assets/Fonts/Poppins/poppins/Poppins-LightItalic.otf
  artifactKey: Guid(c06c27f1e3d028e448e525baaadd321c) Importer(2089858483,934ff659095e30574adcf32a4c2f97b5)
Start importing Assets/_Assets/Fonts/Poppins/poppins/Poppins-LightItalic.otf using Guid(c06c27f1e3d028e448e525baaadd321c) Importer(2089858483,934ff659095e30574adcf32a4c2f97b5) (ScriptedImporter) -> (artifact id: '931e6e82e3c235cfcd2e9ca095ea19f1') in 0.0459186 seconds
Number of updated asset objects reloaded before import = 0Number of asset objects unloaded after import = 3

========================================================================
Received Import Request.
  Time since last request: 0.000032 seconds.
  path: Assets/_Assets/Prefab/Bowls Prefabs/Bowls With Coins/pf_Red Moving Bowls with coins.prefab
  artifactKey: Guid(79127f6c46039b3429b297f078fa9c87) Importer(2089858483,934ff659095e30574adcf32a4c2f97b5)
Start importing Assets/_Assets/Prefab/Bowls Prefabs/Bowls With Coins/pf_Red Moving Bowls with coins.prefab using Guid(79127f6c46039b3429b297f078fa9c87) Importer(2089858483,934ff659095e30574adcf32a4c2f97b5) (ScriptedImporter) -> (artifact id: '0e817033ddbff0efa7a84b1b1dc47d7b') in 0.0482716 seconds
Number of updated asset objects reloaded before import = 0Number of asset objects unloaded after import = 34

========================================================================
Received Import Request.
  Time since last request: 0.000182 seconds.
  path: Assets/_Assets/Custome Assets/HoldMyEgg-Complete/Settings/stripe.PNG
  artifactKey: Guid(85b10bac0f4cd93498bc45370288a4bf) Importer(2089858483,934ff659095e30574adcf32a4c2f97b5)
Start importing Assets/_Assets/Custome Assets/HoldMyEgg-Complete/Settings/stripe.PNG using Guid(85b10bac0f4cd93498bc45370288a4bf) Importer(2089858483,934ff659095e30574adcf32a4c2f97b5) (ScriptedImporter) -> (artifact id: 'f398efc6c8459c2d531fe50524466ba2') in 0.054339 seconds
Number of updated asset objects reloaded before import = 0Number of asset objects unloaded after import = 2

========================================================================
Received Import Request.
  Time since last request: 0.000045 seconds.
  path: Assets/_Assets/Custome Assets/Egg game assets/level complete/finger.png
  artifactKey: Guid(167fb682494bd7f45898c4374b2f2408) Importer(2089858483,934ff659095e30574adcf32a4c2f97b5)
Start importing Assets/_Assets/Custome Assets/Egg game assets/level complete/finger.png using Guid(167fb682494bd7f45898c4374b2f2408) Importer(2089858483,934ff659095e30574adcf32a4c2f97b5) (ScriptedImporter) -> (artifact id: '592d3faec142f31fd0b5961c46e0e385') in 0.044856 seconds
Number of updated asset objects reloaded before import = 0Number of asset objects unloaded after import = 2

========================================================================
Received Import Request.
  Time since last request: 0.000027 seconds.
  path: Assets/LunarConsole/Editor/iOS/Common/Images/lunar_console_collapse_background.png
  artifactKey: Guid(e572f525e3a3c49dd8d2855ef6b20803) Importer(2089858483,934ff659095e30574adcf32a4c2f97b5)
Start importing Assets/LunarConsole/Editor/iOS/Common/Images/lunar_console_collapse_background.png using Guid(e572f525e3a3c49dd8d2855ef6b20803) Importer(2089858483,934ff659095e30574adcf32a4c2f97b5) (ScriptedImporter) -> (artifact id: 'f52bf72f6cf1267a7fa35c285bc04519') in 0.0357329 seconds
Number of updated asset objects reloaded before import = 0Number of asset objects unloaded after import = 1

========================================================================
Received Import Request.
  Time since last request: 0.000057 seconds.
  path: Assets/LunarConsole/Editor/iOS/Common/Console/LUConsoleController.h
  artifactKey: Guid(981e16c0d82dc4e49ac57e3664f5e636) Importer(2089858483,934ff659095e30574adcf32a4c2f97b5)
Start importing Assets/LunarConsole/Editor/iOS/Common/Console/LUConsoleController.h using Guid(981e16c0d82dc4e49ac57e3664f5e636) Importer(2089858483,934ff659095e30574adcf32a4c2f97b5) (ScriptedImporter) -> (artifact id: 'b40fd143a16f74c3bfa69a10dab81b61') in 0.0344303 seconds
Number of updated asset objects reloaded before import = 0Number of asset objects unloaded after import = 0

========================================================================
Received Import Request.
  Time since last request: 0.000086 seconds.
  path: Assets/Lean/Localization/Scripts/Behaviours/TMP/LeanLocalizedTMP_Dropdown.cs
  artifactKey: Guid(0b305bea692d569468dd3feda0ce869f) Importer(2089858483,934ff659095e30574adcf32a4c2f97b5)
Start importing Assets/Lean/Localization/Scripts/Behaviours/TMP/LeanLocalizedTMP_Dropdown.cs using Guid(0b305bea692d569468dd3feda0ce869f) Importer(2089858483,934ff659095e30574adcf32a4c2f97b5) (ScriptedImporter) -> (artifact id: '2bd59e72ee48e42f56dfabb94513fe99') in 0.0396719 seconds
Number of updated asset objects reloaded before import = 0Number of asset objects unloaded after import = 0

========================================================================
Received Import Request.
  Time since last request: 0.000044 seconds.
  path: Assets/_Assets/Scriptable Objects/Level Data/Level 62.asset
  artifactKey: Guid(7d660c5d719094e47831d4d0cfa66388) Importer(2089858483,934ff659095e30574adcf32a4c2f97b5)
Start importing Assets/_Assets/Scriptable Objects/Level Data/Level 62.asset using Guid(7d660c5d719094e47831d4d0cfa66388) Importer(2089858483,934ff659095e30574adcf32a4c2f97b5) (ScriptedImporter) -> (artifact id: 'c7ead28bf925d6d480a0dc202a9d468c') in 0.063241 seconds
Number of updated asset objects reloaded before import = 0Number of asset objects unloaded after import = 312

========================================================================
Received Import Request.
  Time since last request: 0.000091 seconds.
  path: Assets/_Assets/Scriptable Objects/Level Data/Level 17.asset
  artifactKey: Guid(5f49fdbbc9718614a91de86edae1745f) Importer(2089858483,934ff659095e30574adcf32a4c2f97b5)
Start importing Assets/_Assets/Scriptable Objects/Level Data/Level 17.asset using Guid(5f49fdbbc9718614a91de86edae1745f) Importer(2089858483,934ff659095e30574adcf32a4c2f97b5) (ScriptedImporter) -> (artifact id: '7cb5a3b6d49315fcc6c1bcabae10bd7b') in 0.0519829 seconds
Number of updated asset objects reloaded before import = 0Number of asset objects unloaded after import = 266

========================================================================
Received Import Request.
  Time since last request: 0.000050 seconds.
  path: Assets/LunarConsole/Editor/iOS/Common/Images/lunar_console_icon_button_console.png
  artifactKey: Guid(9031fb8d827884190af62ac10ea4068a) Importer(2089858483,934ff659095e30574adcf32a4c2f97b5)
Start importing Assets/LunarConsole/Editor/iOS/Common/Images/lunar_console_icon_button_console.png using Guid(9031fb8d827884190af62ac10ea4068a) Importer(2089858483,934ff659095e30574adcf32a4c2f97b5) (ScriptedImporter) -> (artifact id: 'd0416c370141618811eb22344b062913') in 0.0328773 seconds
Number of updated asset objects reloaded before import = 0Number of asset objects unloaded after import = 1

========================================================================
Received Import Request.
  Time since last request: 0.000238 seconds.
  path: Assets/LunarConsole/Editor/iOS/Common/Images/lunar_console_icon_button_console@3x.png
  artifactKey: Guid(ce1e62f488f784cd1b086b97e424bbd4) Importer(2089858483,934ff659095e30574adcf32a4c2f97b5)
Start importing Assets/LunarConsole/Editor/iOS/Common/Images/lunar_console_icon_button_console@3x.png using Guid(ce1e62f488f784cd1b086b97e424bbd4) Importer(2089858483,934ff659095e30574adcf32a4c2f97b5) (ScriptedImporter) -> (artifact id: '9c07b30d1fa03044eacf45b289ec2f8e') in 0.0317635 seconds
Number of updated asset objects reloaded before import = 0Number of asset objects unloaded after import = 1

========================================================================
Received Import Request.
  Time since last request: 0.000042 seconds.
  path: Assets/LunarConsole/Editor/iOS/Common/Images/lunar_console_icon_button_more@3x.png
  artifactKey: Guid(8248fba8ca36d4588b35ccf95b9c543e) Importer(2089858483,934ff659095e30574adcf32a4c2f97b5)
Start importing Assets/LunarConsole/Editor/iOS/Common/Images/lunar_console_icon_button_more@3x.png using Guid(8248fba8ca36d4588b35ccf95b9c543e) Importer(2089858483,934ff659095e30574adcf32a4c2f97b5) (ScriptedImporter) -> (artifact id: '619b0d0b2aef541d7229a6384a4a9803') in 0.0502219 seconds
Number of updated asset objects reloaded before import = 0Number of asset objects unloaded after import = 1

========================================================================
Received Import Request.
  Time since last request: 0.000222 seconds.
  path: Assets/Lean/Localization/Scripts/Behaviours/TMP/LeanLocalizedTextMeshProFont.cs
  artifactKey: Guid(a9069627d29f5d740930f36255c0ac86) Importer(2089858483,934ff659095e30574adcf32a4c2f97b5)
Start importing Assets/Lean/Localization/Scripts/Behaviours/TMP/LeanLocalizedTextMeshProFont.cs using Guid(a9069627d29f5d740930f36255c0ac86) Importer(2089858483,934ff659095e30574adcf32a4c2f97b5) (ScriptedImporter) -> (artifact id: '02255c98a7651b6afc92018c01a5dd25') in 0.0343347 seconds
Number of updated asset objects reloaded before import = 0Number of asset objects unloaded after import = 0

========================================================================
Received Import Request.
  Time since last request: 0.000034 seconds.
  path: Assets/_Assets/Prefab/Bowls Prefabs/Moving Bowls/pf_Red Patrolling Bowls.prefab
  artifactKey: Guid(64ebe08f45ce1f94ab0d830dcc484ac3) Importer(2089858483,934ff659095e30574adcf32a4c2f97b5)
Start importing Assets/_Assets/Prefab/Bowls Prefabs/Moving Bowls/pf_Red Patrolling Bowls.prefab using Guid(64ebe08f45ce1f94ab0d830dcc484ac3) Importer(2089858483,934ff659095e30574adcf32a4c2f97b5) (ScriptedImporter) -> (artifact id: 'c6ad6ad1f622e9f7cf2c4c156803a8e2') in 0.035896 seconds
Number of updated asset objects reloaded before import = 0Number of asset objects unloaded after import = 20

========================================================================
Received Import Request.
  Time since last request: 0.000028 seconds.
  path: Assets/_Assets/Scriptable Objects/Level Data/Level 77.asset
  artifactKey: Guid(6cd2a728fe9e57643bc7fc496323aeee) Importer(2089858483,934ff659095e30574adcf32a4c2f97b5)
Start importing Assets/_Assets/Scriptable Objects/Level Data/Level 77.asset using Guid(6cd2a728fe9e57643bc7fc496323aeee) Importer(2089858483,934ff659095e30574adcf32a4c2f97b5) (ScriptedImporter) -> (artifact id: '2f086406a9fe7766bd5311917445ed05') in 0.0593603 seconds
Number of updated asset objects reloaded before import = 0Number of asset objects unloaded after import = 312

========================================================================
Received Import Request.
  Time since last request: 0.000045 seconds.
  path: Assets/LunarConsole/Editor/iOS/Common/UI/LUButton.h
  artifactKey: Guid(faa077be3152e434ca7808ec86efa1ab) Importer(2089858483,934ff659095e30574adcf32a4c2f97b5)
Start importing Assets/LunarConsole/Editor/iOS/Common/UI/LUButton.h using Guid(faa077be3152e434ca7808ec86efa1ab) Importer(2089858483,934ff659095e30574adcf32a4c2f97b5) (ScriptedImporter) -> (artifact id: '13930f903233095b391c45ab978058f4') in 0.0335846 seconds
Number of updated asset objects reloaded before import = 0Number of asset objects unloaded after import = 0

========================================================================
Received Import Request.
  Time since last request: 0.000080 seconds.
  path: Assets/LunarConsole/Editor/iOS/Common/Images/lunar_console_icon_log_error.png
  artifactKey: Guid(a9138c1d7942646f596c05de6dcef7cc) Importer(2089858483,934ff659095e30574adcf32a4c2f97b5)
Start importing Assets/LunarConsole/Editor/iOS/Common/Images/lunar_console_icon_log_error.png using Guid(a9138c1d7942646f596c05de6dcef7cc) Importer(2089858483,934ff659095e30574adcf32a4c2f97b5) (ScriptedImporter) -> (artifact id: '4df27ed462e7fd9143b11d10b2ed963c') in 0.0361549 seconds
Number of updated asset objects reloaded before import = 0Number of asset objects unloaded after import = 1

========================================================================
Received Import Request.
  Time since last request: 0.000030 seconds.
  path: Assets/LunarConsole/Editor/iOS/Common/Images/lunar_console_resize_handle_horizontal@2x.png
  artifactKey: Guid(50e31372a1ca248d3b882060dadfbc88) Importer(2089858483,934ff659095e30574adcf32a4c2f97b5)
Start importing Assets/LunarConsole/Editor/iOS/Common/Images/lunar_console_resize_handle_horizontal@2x.png using Guid(50e31372a1ca248d3b882060dadfbc88) Importer(2089858483,934ff659095e30574adcf32a4c2f97b5) (ScriptedImporter) -> (artifact id: 'db0d3ca245028c45e1a243d21c11d4c1') in 0.0311812 seconds
Number of updated asset objects reloaded before import = 0Number of asset objects unloaded after import = 1

========================================================================
Received Import Request.
  Time since last request: 0.000027 seconds.
  path: Assets/LunarConsole/Editor/iOS/Common/Images/lunar_console_log_button_background.png
  artifactKey: Guid(7784a5db6fdfc477cb4836bb166a9ffb) Importer(2089858483,934ff659095e30574adcf32a4c2f97b5)
Start importing Assets/LunarConsole/Editor/iOS/Common/Images/lunar_console_log_button_background.png using Guid(7784a5db6fdfc477cb4836bb166a9ffb) Importer(2089858483,934ff659095e30574adcf32a4c2f97b5) (ScriptedImporter) -> (artifact id: '218afc1aa5117aba6a56c529177429f0') in 0.0348696 seconds
Number of updated asset objects reloaded before import = 0Number of asset objects unloaded after import = 1

========================================================================
Received Import Request.
  Time since last request: 0.000068 seconds.
  path: Assets/_Assets/Custome Assets/HoldMyEgg-Complete/GamePlayAssets/hen sprite.png
  artifactKey: Guid(19744f6593e5a974492e39a18462cfbb) Importer(2089858483,934ff659095e30574adcf32a4c2f97b5)
Start importing Assets/_Assets/Custome Assets/HoldMyEgg-Complete/GamePlayAssets/hen sprite.png using Guid(19744f6593e5a974492e39a18462cfbb) Importer(2089858483,934ff659095e30574adcf32a4c2f97b5) (ScriptedImporter) -> (artifact id: '1900f576394ea964a9020e547312ecb4') in 0.0291966 seconds
Number of updated asset objects reloaded before import = 0Number of asset objects unloaded after import = 2

========================================================================
Received Import Request.
  Time since last request: 0.000041 seconds.
  path: Assets/_Assets/Custome Assets/HoldMyEgg-Complete/game over/btn_close.PNG
  artifactKey: Guid(00dde877c7b83dd4bb25d6e0b5912a5f) Importer(2089858483,934ff659095e30574adcf32a4c2f97b5)
Start importing Assets/_Assets/Custome Assets/HoldMyEgg-Complete/game over/btn_close.PNG using Guid(00dde877c7b83dd4bb25d6e0b5912a5f) Importer(2089858483,934ff659095e30574adcf32a4c2f97b5) (ScriptedImporter) -> (artifact id: '3fe02bd4316a5436982fc8d4f5292ccf') in 0.0360236 seconds
Number of updated asset objects reloaded before import = 0Number of asset objects unloaded after import = 2

========================================================================
Received Import Request.
  Time since last request: 0.000068 seconds.
  path: Assets/LunarConsole/Editor/iOS/Common/UI/LUWindow.h
  artifactKey: Guid(0c005ec895a58447fb843508244c8406) Importer(2089858483,934ff659095e30574adcf32a4c2f97b5)
Start importing Assets/LunarConsole/Editor/iOS/Common/UI/LUWindow.h using Guid(0c005ec895a58447fb843508244c8406) Importer(2089858483,934ff659095e30574adcf32a4c2f97b5) (ScriptedImporter) -> (artifact id: '16bccd8f5b50759bb331fba13913e550') in 0.0291735 seconds
Number of updated asset objects reloaded before import = 0Number of asset objects unloaded after import = 0

========================================================================
Received Import Request.
  Time since last request: 0.000050 seconds.
  path: Assets/LunarConsole/Editor/iOS/Common/Utils/LUFileUtils.m
  artifactKey: Guid(d1eaa9b1194584aae8c92bc3848b8880) Importer(2089858483,934ff659095e30574adcf32a4c2f97b5)
Start importing Assets/LunarConsole/Editor/iOS/Common/Utils/LUFileUtils.m using Guid(d1eaa9b1194584aae8c92bc3848b8880) Importer(2089858483,934ff659095e30574adcf32a4c2f97b5) (ScriptedImporter) -> (artifact id: 'c5de7c19bf6e7e57fb489ec3b1d01b6e') in 0.0264041 seconds
Number of updated asset objects reloaded before import = 0Number of asset objects unloaded after import = 0

========================================================================
Received Import Request.
  Time since last request: 0.000049 seconds.
  path: Assets/LunarConsole/Editor/iOS/Common/UI/LUPanViewGestureRecognizer.m
  artifactKey: Guid(78fe6ebd9bc174ed89e6172e56e53f83) Importer(2089858483,934ff659095e30574adcf32a4c2f97b5)
Start importing Assets/LunarConsole/Editor/iOS/Common/UI/LUPanViewGestureRecognizer.m using Guid(78fe6ebd9bc174ed89e6172e56e53f83) Importer(2089858483,934ff659095e30574adcf32a4c2f97b5) (ScriptedImporter) -> (artifact id: '81955a95035e8d667618c3efbdaad6f5') in 0.0339228 seconds
Number of updated asset objects reloaded before import = 0Number of asset objects unloaded after import = 0

========================================================================
Received Import Request.
  Time since last request: 0.000055 seconds.
  path: Assets/LunarConsole/Editor/iOS/Common/UI/LUTextField.m
  artifactKey: Guid(f124f583bb8b34502945bfabccc60941) Importer(2089858483,934ff659095e30574adcf32a4c2f97b5)
Start importing Assets/LunarConsole/Editor/iOS/Common/UI/LUTextField.m using Guid(f124f583bb8b34502945bfabccc60941) Importer(2089858483,934ff659095e30574adcf32a4c2f97b5) (ScriptedImporter) -> (artifact id: '559b525805c5e7e6a0395cb35a4afcd8') in 0.0305034 seconds
Number of updated asset objects reloaded before import = 0Number of asset objects unloaded after import = 0

========================================================================
Received Import Request.
  Time since last request: 0.000030 seconds.
  path: Assets/_Assets/Scriptable Objects/Level Data/Level 19.asset
  artifactKey: Guid(49d2b4369664b6048b6e0b6037634913) Importer(2089858483,934ff659095e30574adcf32a4c2f97b5)
Start importing Assets/_Assets/Scriptable Objects/Level Data/Level 19.asset using Guid(49d2b4369664b6048b6e0b6037634913) Importer(2089858483,934ff659095e30574adcf32a4c2f97b5) (ScriptedImporter) -> (artifact id: 'c0a34307792bc64904a65e7786a87f38') in 0.0679641 seconds
Number of updated asset objects reloaded before import = 0Number of asset objects unloaded after import = 266

========================================================================
Received Import Request.
  Time since last request: 0.000056 seconds.
  path: Assets/_Assets/Scriptable Objects/Level Data/Level 21.asset
  artifactKey: Guid(e96e9f4ea02d999488eb9dd85fc173f6) Importer(2089858483,934ff659095e30574adcf32a4c2f97b5)
Start importing Assets/_Assets/Scriptable Objects/Level Data/Level 21.asset using Guid(e96e9f4ea02d999488eb9dd85fc173f6) Importer(2089858483,934ff659095e30574adcf32a4c2f97b5) (ScriptedImporter) -> (artifact id: '6cc39abf51a772e5d1f9d39246a030eb') in 0.0605638 seconds
Number of updated asset objects reloaded before import = 0Number of asset objects unloaded after import = 312

========================================================================
Received Import Request.
  Time since last request: 0.000068 seconds.
  path: Assets/LunarConsole/Editor/iOS/Common/Utils/LUStringUtils.m
  artifactKey: Guid(1ab682c2bb10f4cad82f35843504b70e) Importer(2089858483,934ff659095e30574adcf32a4c2f97b5)
Start importing Assets/LunarConsole/Editor/iOS/Common/Utils/LUStringUtils.m using Guid(1ab682c2bb10f4cad82f35843504b70e) Importer(2089858483,934ff659095e30574adcf32a4c2f97b5) (ScriptedImporter) -> (artifact id: 'cfb25f3670f86e6f4220fd028001b4d3') in 0.0286275 seconds
Number of updated asset objects reloaded before import = 0Number of asset objects unloaded after import = 0

========================================================================
Received Import Request.
  Time since last request: 0.000042 seconds.
  path: Assets/LunarConsole/Editor/iOS/Common/Utils/LUSerializationUtils.m
  artifactKey: Guid(207562e51223441b29fdf2d29f2c2e13) Importer(2089858483,934ff659095e30574adcf32a4c2f97b5)
Start importing Assets/LunarConsole/Editor/iOS/Common/Utils/LUSerializationUtils.m using Guid(207562e51223441b29fdf2d29f2c2e13) Importer(2089858483,934ff659095e30574adcf32a4c2f97b5) (ScriptedImporter) -> (artifact id: '9c826a0a2de4d2248e917581bbaf7c80') in 0.030251 seconds
Number of updated asset objects reloaded before import = 0Number of asset objects unloaded after import = 0

========================================================================
Received Import Request.
  Time since last request: 0.000029 seconds.
  path: Assets/LunarConsole/Editor/iOS/Common/Utils/LUObject.m
  artifactKey: Guid(ba7c66f4fb3d84ec8b36ec6a652eef6f) Importer(2089858483,934ff659095e30574adcf32a4c2f97b5)
Start importing Assets/LunarConsole/Editor/iOS/Common/Utils/LUObject.m using Guid(ba7c66f4fb3d84ec8b36ec6a652eef6f) Importer(2089858483,934ff659095e30574adcf32a4c2f97b5) (ScriptedImporter) -> (artifact id: 'e1400f2a2ac9c2d95076333323669a26') in 0.030714 seconds
Number of updated asset objects reloaded before import = 0Number of asset objects unloaded after import = 0

========================================================================
Received Import Request.
  Time since last request: 0.000034 seconds.
  path: Assets/LunarConsole/Editor/iOS/Common/Utils/LULittleHelper.h
  artifactKey: Guid(aa1494994db60463bb096743520bb5c0) Importer(2089858483,934ff659095e30574adcf32a4c2f97b5)
Start importing Assets/LunarConsole/Editor/iOS/Common/Utils/LULittleHelper.h using Guid(aa1494994db60463bb096743520bb5c0) Importer(2089858483,934ff659095e30574adcf32a4c2f97b5) (ScriptedImporter) -> (artifact id: 'b8ab1aea51a388967bd3529f1c415cff') in 0.0333741 seconds
Number of updated asset objects reloaded before import = 0Number of asset objects unloaded after import = 0

========================================================================
Received Import Request.
  Time since last request: 0.000049 seconds.
  path: Assets/Lean/Common/Examples/Materials/Grey.mat
  artifactKey: Guid(eb19d4e9e6dff424daabfbc351d2dde1) Importer(2089858483,934ff659095e30574adcf32a4c2f97b5)
Start importing Assets/Lean/Common/Examples/Materials/Grey.mat using Guid(eb19d4e9e6dff424daabfbc351d2dde1) Importer(2089858483,934ff659095e30574adcf32a4c2f97b5) (ScriptedImporter) -> (artifact id: '7d8c96531892b0b438f5433ac2a57358') in 0.034831 seconds
Number of updated asset objects reloaded before import = 0Number of asset objects unloaded after import = 1

========================================================================
Received Import Request.
  Time since last request: 0.000026 seconds.
  path: Assets/_Assets/Custome Assets/Egg game assets/level complete/HoldMYEgg Assets/Rectangle 559@3x.png
  artifactKey: Guid(4c7df8ef3e272c9418f08a267e670c51) Importer(2089858483,934ff659095e30574adcf32a4c2f97b5)
Start importing Assets/_Assets/Custome Assets/Egg game assets/level complete/HoldMYEgg Assets/Rectangle 559@3x.png using Guid(4c7df8ef3e272c9418f08a267e670c51) Importer(2089858483,934ff659095e30574adcf32a4c2f97b5) (ScriptedImporter) -> (artifact id: 'b2f44e3359b914f6980942f50eeccba4') in 0.0356008 seconds
Number of updated asset objects reloaded before import = 0Number of asset objects unloaded after import = 2

========================================================================
Received Import Request.
  Time since last request: 0.000325 seconds.
  path: Assets/LunarConsole/Editor/iOS/Common/Console/Log/LUConsoleLogMenuController.m
  artifactKey: Guid(4fa9509bccd2a4f12ab23aca3936ddde) Importer(2089858483,934ff659095e30574adcf32a4c2f97b5)
Start importing Assets/LunarConsole/Editor/iOS/Common/Console/Log/LUConsoleLogMenuController.m using Guid(4fa9509bccd2a4f12ab23aca3936ddde) Importer(2089858483,934ff659095e30574adcf32a4c2f97b5) (ScriptedImporter) -> (artifact id: '87ef461efeb7673b521c79be488345d8') in 0.0278531 seconds
Number of updated asset objects reloaded before import = 0Number of asset objects unloaded after import = 0

========================================================================
Received Import Request.
  Time since last request: 0.000066 seconds.
  path: Assets/_Assets/Custome Assets/Egg game assets/level complete/HoldMYEgg Assets/popup.png
  artifactKey: Guid(5c284e6814250dc4d8f291ca32c48d7a) Importer(2089858483,934ff659095e30574adcf32a4c2f97b5)
Start importing Assets/_Assets/Custome Assets/Egg game assets/level complete/HoldMYEgg Assets/popup.png using Guid(5c284e6814250dc4d8f291ca32c48d7a) Importer(2089858483,934ff659095e30574adcf32a4c2f97b5) (ScriptedImporter) -> (artifact id: '39ec4836cdad826906925a6a5a3b0bbe') in 0.0464822 seconds
Number of updated asset objects reloaded before import = 0Number of asset objects unloaded after import = 2

========================================================================
Received Import Request.
  Time since last request: 0.000050 seconds.
  path: Assets/LunarConsole/Editor/iOS/Common/Console/Log/LUConsoleLogEntryTableViewCell.m
  artifactKey: Guid(1376bf54dfe6140fb9f231e7ccb4886c) Importer(2089858483,934ff659095e30574adcf32a4c2f97b5)
Start importing Assets/LunarConsole/Editor/iOS/Common/Console/Log/LUConsoleLogEntryTableViewCell.m using Guid(1376bf54dfe6140fb9f231e7ccb4886c) Importer(2089858483,934ff659095e30574adcf32a4c2f97b5) (ScriptedImporter) -> (artifact id: '8929ff8a9920d01ea757fa5251a1712f') in 0.0339363 seconds
Number of updated asset objects reloaded before import = 0Number of asset objects unloaded after import = 0

========================================================================
Received Import Request.
  Time since last request: 0.000022 seconds.
  path: Assets/LunarConsole/Editor/iOS/Common/Console/Log/LUConsoleLogController.h
  artifactKey: Guid(e29f73a7b805448089e6df5cd255e9d5) Importer(2089858483,934ff659095e30574adcf32a4c2f97b5)
Start importing Assets/LunarConsole/Editor/iOS/Common/Console/Log/LUConsoleLogController.h using Guid(e29f73a7b805448089e6df5cd255e9d5) Importer(2089858483,934ff659095e30574adcf32a4c2f97b5) (ScriptedImporter) -> (artifact id: 'acdcb8ad9cba29c6bc694f8ffd91626e') in 0.029511 seconds
Number of updated asset objects reloaded before import = 0Number of asset objects unloaded after import = 0

========================================================================
Received Import Request.
  Time since last request: 0.000035 seconds.
  path: Assets/LunarConsole/Editor/iOS/Common/Utils/LUAssert.m
  artifactKey: Guid(d1bc5f99e13b848b2aa0ffed908c04ac) Importer(2089858483,934ff659095e30574adcf32a4c2f97b5)
Start importing Assets/LunarConsole/Editor/iOS/Common/Utils/LUAssert.m using Guid(d1bc5f99e13b848b2aa0ffed908c04ac) Importer(2089858483,934ff659095e30574adcf32a4c2f97b5) (ScriptedImporter) -> (artifact id: '523b854a7fe744a310857c0327b5c6de') in 0.0255946 seconds
Number of updated asset objects reloaded before import = 0Number of asset objects unloaded after import = 0

========================================================================
Received Import Request.
  Time since last request: 0.000028 seconds.
  path: Assets/LunarConsole/Editor/iOS/Common/Controllers/Popup/LUConsolePopupController.xib
  artifactKey: Guid(231c6c7d69e8143f182c53f3d9f5c425) Importer(2089858483,934ff659095e30574adcf32a4c2f97b5)
Start importing Assets/LunarConsole/Editor/iOS/Common/Controllers/Popup/LUConsolePopupController.xib using Guid(231c6c7d69e8143f182c53f3d9f5c425) Importer(2089858483,934ff659095e30574adcf32a4c2f97b5) (ScriptedImporter) -> (artifact id: '67a01736a931afa73a0f937ebef0d006') in 0.0240557 seconds
Number of updated asset objects reloaded before import = 0Number of asset objects unloaded after import = 0

========================================================================
Received Import Request.
  Time since last request: 0.000056 seconds.
  path: Assets/LunarConsole/Editor/iOS/Common/Controllers/Actions/LUActionRegistry.h
  artifactKey: Guid(886886c8d38a74c2197b5da8306cd6d9) Importer(2089858483,934ff659095e30574adcf32a4c2f97b5)
Start importing Assets/LunarConsole/Editor/iOS/Common/Controllers/Actions/LUActionRegistry.h using Guid(886886c8d38a74c2197b5da8306cd6d9) Importer(2089858483,934ff659095e30574adcf32a4c2f97b5) (ScriptedImporter) -> (artifact id: '35cfa422750ed748c90ee7e446c4d1a6') in 0.0325695 seconds
Number of updated asset objects reloaded before import = 0Number of asset objects unloaded after import = 0

========================================================================
Received Import Request.
  Time since last request: 0.000034 seconds.
  path: Assets/LunarConsole/Editor/iOS/Common/Controllers/Popup/LUConsolePopupController.m
  artifactKey: Guid(c5e9180abaeec4c4f98482dcd08ddcc4) Importer(2089858483,934ff659095e30574adcf32a4c2f97b5)
Start importing Assets/LunarConsole/Editor/iOS/Common/Controllers/Popup/LUConsolePopupController.m using Guid(c5e9180abaeec4c4f98482dcd08ddcc4) Importer(2089858483,934ff659095e30574adcf32a4c2f97b5) (ScriptedImporter) -> (artifact id: '4c2e15679aa9d861de21c565f9f5b39e') in 0.0317896 seconds
Number of updated asset objects reloaded before import = 0Number of asset objects unloaded after import = 0

========================================================================
Received Import Request.
  Time since last request: 0.000060 seconds.
  path: Assets/LunarConsole/Editor/iOS/Common/Console/Log/LULogMessage.h
  artifactKey: Guid(a0b58b207c19c4a14bd8d19bbef94a9b) Importer(2089858483,934ff659095e30574adcf32a4c2f97b5)
Start importing Assets/LunarConsole/Editor/iOS/Common/Console/Log/LULogMessage.h using Guid(a0b58b207c19c4a14bd8d19bbef94a9b) Importer(2089858483,934ff659095e30574adcf32a4c2f97b5) (ScriptedImporter) -> (artifact id: '8a9a329b1abcbd97fd682fd4c3fdb182') in 0.0337922 seconds
Number of updated asset objects reloaded before import = 0Number of asset objects unloaded after import = 0

========================================================================
Received Import Request.
  Time since last request: 0.000034 seconds.
  path: Assets/LunarConsole/Editor/iOS/Common/Controllers/Resize/LUConsoleResizeController.h
  artifactKey: Guid(f628f8732c4db4193a1036600e956051) Importer(2089858483,934ff659095e30574adcf32a4c2f97b5)
Start importing Assets/LunarConsole/Editor/iOS/Common/Controllers/Resize/LUConsoleResizeController.h using Guid(f628f8732c4db4193a1036600e956051) Importer(2089858483,934ff659095e30574adcf32a4c2f97b5) (ScriptedImporter) -> (artifact id: '99d52a78cfad00b866b8c6499a856aa0') in 0.0363178 seconds
Number of updated asset objects reloaded before import = 0Number of asset objects unloaded after import = 0

========================================================================
Received Import Request.
  Time since last request: 0.000050 seconds.
  path: Assets/Lean/Common/Examples/Materials/White.mat
  artifactKey: Guid(c4dab12b6ad08384ba8a3ce2f7eba5f7) Importer(2089858483,934ff659095e30574adcf32a4c2f97b5)
Start importing Assets/Lean/Common/Examples/Materials/White.mat using Guid(c4dab12b6ad08384ba8a3ce2f7eba5f7) Importer(2089858483,934ff659095e30574adcf32a4c2f97b5) (ScriptedImporter) -> (artifact id: '49ad30c30b65169028747c16b392b2a5') in 0.0284378 seconds
Number of updated asset objects reloaded before import = 0Number of asset objects unloaded after import = 1

========================================================================
Received Import Request.
  Time since last request: 0.000035 seconds.
  path: Assets/LunarConsole/Editor/iOS/Common/Controllers/Variables/LUCVar.h
  artifactKey: Guid(41565eaa7e1ed47549b6923bf6acaa4d) Importer(2089858483,934ff659095e30574adcf32a4c2f97b5)
Start importing Assets/LunarConsole/Editor/iOS/Common/Controllers/Variables/LUCVar.h using Guid(41565eaa7e1ed47549b6923bf6acaa4d) Importer(2089858483,934ff659095e30574adcf32a4c2f97b5) (ScriptedImporter) -> (artifact id: 'd33c5272cb1101ef764455f8e8c82574') in 0.0382735 seconds
Number of updated asset objects reloaded before import = 0Number of asset objects unloaded after import = 0

========================================================================
Received Import Request.
  Time since last request: 0.000031 seconds.
  path: Assets/LunarConsole/Editor/iOS/Free/Controllers/Actions/LUActionRegistry.m
  artifactKey: Guid(095cba87143f344a4a498d9cd9aaa14e) Importer(2089858483,934ff659095e30574adcf32a4c2f97b5)
Start importing Assets/LunarConsole/Editor/iOS/Free/Controllers/Actions/LUActionRegistry.m using Guid(095cba87143f344a4a498d9cd9aaa14e) Importer(2089858483,934ff659095e30574adcf32a4c2f97b5) (ScriptedImporter) -> (artifact id: '2bb299f5565f95a1981d7e72ac246edc') in 0.02801 seconds
Number of updated asset objects reloaded before import = 0Number of asset objects unloaded after import = 0

========================================================================
Received Import Request.
  Time since last request: 0.000034 seconds.
  path: Assets/LunarConsole/Editor/iOS/Free/Controllers/Actions/LUActionController.m
  artifactKey: Guid(bd217423e0a294bb19edc3e1fa594dd5) Importer(2089858483,934ff659095e30574adcf32a4c2f97b5)
Start importing Assets/LunarConsole/Editor/iOS/Free/Controllers/Actions/LUActionController.m using Guid(bd217423e0a294bb19edc3e1fa594dd5) Importer(2089858483,934ff659095e30574adcf32a4c2f97b5) (ScriptedImporter) -> (artifact id: '54de25e40d39a39daf9b10be25c738de') in 0.0360107 seconds
Number of updated asset objects reloaded before import = 0Number of asset objects unloaded after import = 0

========================================================================
Received Import Request.
  Time since last request: 0.000112 seconds.
  path: Assets/_Assets/Scriptable Objects/Level Data/Level 20.asset
  artifactKey: Guid(f528bdc058dd4ba4d8fa9cff811d9b77) Importer(2089858483,934ff659095e30574adcf32a4c2f97b5)
Start importing Assets/_Assets/Scriptable Objects/Level Data/Level 20.asset using Guid(f528bdc058dd4ba4d8fa9cff811d9b77) Importer(2089858483,934ff659095e30574adcf32a4c2f97b5) (ScriptedImporter) -> (artifact id: 'a523dddae8356ca68b9da3f1b54fbc86') in 0.0418367 seconds
Number of updated asset objects reloaded before import = 0Number of asset objects unloaded after import = 90

========================================================================
Received Import Request.
  Time since last request: 0.000030 seconds.
  path: Assets/Lean/Localization/Scripts/Behaviours/TMP/LeanLocalization.TMP.asmdef
  artifactKey: Guid(3cf9a93b8a0ff5647becf82d3d0c52cc) Importer(2089858483,934ff659095e30574adcf32a4c2f97b5)
Start importing Assets/Lean/Localization/Scripts/Behaviours/TMP/LeanLocalization.TMP.asmdef using Guid(3cf9a93b8a0ff5647becf82d3d0c52cc) Importer(2089858483,934ff659095e30574adcf32a4c2f97b5) (ScriptedImporter) -> (artifact id: 'ad0f2bbe06cf04fe794586b3d614b635') in 0.0306866 seconds
Number of updated asset objects reloaded before import = 0Number of asset objects unloaded after import = 1

========================================================================
Received Import Request.
  Time since last request: 0.000026 seconds.
  path: Assets/_Assets/Scriptable Objects/Level Data/Level 40.asset
  artifactKey: Guid(03388cadf8323894d90e874a80262f18) Importer(2089858483,934ff659095e30574adcf32a4c2f97b5)
Start importing Assets/_Assets/Scriptable Objects/Level Data/Level 40.asset using Guid(03388cadf8323894d90e874a80262f18) Importer(2089858483,934ff659095e30574adcf32a4c2f97b5) (ScriptedImporter) -> (artifact id: 'f9ba072b3aeca210f0bbe775d55282e1') in 0.0585605 seconds
Number of updated asset objects reloaded before import = 0Number of asset objects unloaded after import = 312

========================================================================
Received Import Request.
  Time since last request: 0.000059 seconds.
  path: Assets/Lean/Localization/Examples/Media/Spanish.txt
  artifactKey: Guid(2792724843a48474bbd865b3b0d5e25b) Importer(2089858483,934ff659095e30574adcf32a4c2f97b5)
Start importing Assets/Lean/Localization/Examples/Media/Spanish.txt using Guid(2792724843a48474bbd865b3b0d5e25b) Importer(2089858483,934ff659095e30574adcf32a4c2f97b5) (ScriptedImporter) -> (artifact id: '8812389d27b330d267752184a89bdd2c') in 0.0351389 seconds
Number of updated asset objects reloaded before import = 0Number of asset objects unloaded after import = 1

========================================================================
Received Import Request.
  Time since last request: 0.000048 seconds.
  path: Assets/_Assets/Fonts/Poppins/poppins/Poppins-ExtraBold.otf
  artifactKey: Guid(d6ed25e85f8780f44ac1ebe4a7a18d44) Importer(2089858483,934ff659095e30574adcf32a4c2f97b5)
Start importing Assets/_Assets/Fonts/Poppins/poppins/Poppins-ExtraBold.otf using Guid(d6ed25e85f8780f44ac1ebe4a7a18d44) Importer(2089858483,934ff659095e30574adcf32a4c2f97b5) (ScriptedImporter) -> (artifact id: 'b2eec2088c47cc50d51935a3d4b4784f') in 0.0353814 seconds
Number of updated asset objects reloaded before import = 0Number of asset objects unloaded after import = 3

========================================================================
Received Import Request.
  Time since last request: 0.000028 seconds.
  path: Assets/LunarConsole/Editor/iOS/Common/UI/LUTableView.m
  artifactKey: Guid(957c3ff74202a44fd86c4ee879ceb8b9) Importer(2089858483,934ff659095e30574adcf32a4c2f97b5)
Start importing Assets/LunarConsole/Editor/iOS/Common/UI/LUTableView.m using Guid(957c3ff74202a44fd86c4ee879ceb8b9) Importer(2089858483,934ff659095e30574adcf32a4c2f97b5) (ScriptedImporter) -> (artifact id: 'ccc94a86afb4c1ecef3b232c6edf0e5d') in 0.0326889 seconds
Number of updated asset objects reloaded before import = 0Number of asset objects unloaded after import = 0

========================================================================
Received Import Request.
  Time since last request: 0.000039 seconds.
  path: Assets/_Assets/Animations/Bird Animaitons/Bird Animations/Bird Idle Animations.anim
  artifactKey: Guid(b23cfbd3ae7d12549b4f85a8965d9202) Importer(2089858483,934ff659095e30574adcf32a4c2f97b5)
Start importing Assets/_Assets/Animations/Bird Animaitons/Bird Animations/Bird Idle Animations.anim using Guid(b23cfbd3ae7d12549b4f85a8965d9202) Importer(2089858483,934ff659095e30574adcf32a4c2f97b5) (ScriptedImporter) -> (artifact id: '7f3f4803024e1e790c266f929fa19cff') in 0.0417064 seconds
Number of updated asset objects reloaded before import = 0Number of asset objects unloaded after import = 1

========================================================================
Received Import Request.
  Time since last request: 0.000045 seconds.
  path: Assets/_Assets/Scriptable Objects/Level Data/Level 52.asset
  artifactKey: Guid(1d17bf638fd047944b3c8cf73ac1f316) Importer(2089858483,934ff659095e30574adcf32a4c2f97b5)
Start importing Assets/_Assets/Scriptable Objects/Level Data/Level 52.asset using Guid(1d17bf638fd047944b3c8cf73ac1f316) Importer(2089858483,934ff659095e30574adcf32a4c2f97b5) (ScriptedImporter) -> (artifact id: '47c47ba6393d5af272311802b90767ed') in 0.0604378 seconds
Number of updated asset objects reloaded before import = 0Number of asset objects unloaded after import = 312

========================================================================
Received Import Request.
  Time since last request: 0.000061 seconds.
  path: Assets/_Assets/Scriptable Objects/Level Data/Level 6.asset
  artifactKey: Guid(fcfa66d69c5fcd24ebc39eb573ea9c6f) Importer(2089858483,934ff659095e30574adcf32a4c2f97b5)
Start importing Assets/_Assets/Scriptable Objects/Level Data/Level 6.asset using Guid(fcfa66d69c5fcd24ebc39eb573ea9c6f) Importer(2089858483,934ff659095e30574adcf32a4c2f97b5) (ScriptedImporter) -> (artifact id: '083f9946f3d3e95e5d36a8f3cabfb076') in 0.0399194 seconds
Number of updated asset objects reloaded before import = 0Number of asset objects unloaded after import = 90

========================================================================
Received Import Request.
  Time since last request: 0.000035 seconds.
  path: Assets/LunarConsole/Editor/iOS/Common/Controllers/Warning/LUExceptionWarningController.m
  artifactKey: Guid(75b8f976b590842c7be6166b4af8ae12) Importer(2089858483,934ff659095e30574adcf32a4c2f97b5)
Start importing Assets/LunarConsole/Editor/iOS/Common/Controllers/Warning/LUExceptionWarningController.m using Guid(75b8f976b590842c7be6166b4af8ae12) Importer(2089858483,934ff659095e30574adcf32a4c2f97b5) (ScriptedImporter) -> (artifact id: 'a48581eb86e4ef4d4813b0712cd7ef7b') in 0.0426041 seconds
Number of updated asset objects reloaded before import = 0Number of asset objects unloaded after import = 0

========================================================================
Received Import Request.
  Time since last request: 0.000031 seconds.
  path: Assets/LunarConsole/Editor/iOS/Common/Controllers/Actions/LUActionController.xib
  artifactKey: Guid(2e7ce92455676450d8cbf8fbbed1387b) Importer(2089858483,934ff659095e30574adcf32a4c2f97b5)
Start importing Assets/LunarConsole/Editor/iOS/Common/Controllers/Actions/LUActionController.xib using Guid(2e7ce92455676450d8cbf8fbbed1387b) Importer(2089858483,934ff659095e30574adcf32a4c2f97b5) (ScriptedImporter) -> (artifact id: 'd6630acb81351238af57490c83013146') in 0.0422057 seconds
Number of updated asset objects reloaded before import = 0Number of asset objects unloaded after import = 0

========================================================================
Received Import Request.
  Time since last request: 0.000033 seconds.
  path: Assets/LunarConsole/Editor/iOS/Common/UI/LUActionButton.m
  artifactKey: Guid(3ed52609e0e6c48999cb05bc508c28d7) Importer(2089858483,934ff659095e30574adcf32a4c2f97b5)
Start importing Assets/LunarConsole/Editor/iOS/Common/UI/LUActionButton.m using Guid(3ed52609e0e6c48999cb05bc508c28d7) Importer(2089858483,934ff659095e30574adcf32a4c2f97b5) (ScriptedImporter) -> (artifact id: 'f068982e8a14771eadddaa3a21e6e38c') in 0.0326603 seconds
Number of updated asset objects reloaded before import = 0Number of asset objects unloaded after import = 0

========================================================================
Received Import Request.
  Time since last request: 0.000056 seconds.
  path: Assets/_Assets/Custome Assets/Egg game assets/shop/shop screen.jpg
  artifactKey: Guid(cd1fb755bdd5ebb4a989611c1ddebd9d) Importer(2089858483,934ff659095e30574adcf32a4c2f97b5)
Start importing Assets/_Assets/Custome Assets/Egg game assets/shop/shop screen.jpg using Guid(cd1fb755bdd5ebb4a989611c1ddebd9d) Importer(2089858483,934ff659095e30574adcf32a4c2f97b5) (ScriptedImporter) -> (artifact id: '0b88f0b1aa244e5da20b8c079b9eb76d') in 0.0371043 seconds
Number of updated asset objects reloaded before import = 0Number of asset objects unloaded after import = 2

========================================================================
Received Import Request.
  Time since last request: 0.000043 seconds.
  path: Assets/LunarConsole/Editor/iOS/Common/Images/lunar_console_icon_button_close@3x.png
  artifactKey: Guid(3b1b846406d364ca488dbfd605a294ef) Importer(2089858483,934ff659095e30574adcf32a4c2f97b5)
Start importing Assets/LunarConsole/Editor/iOS/Common/Images/lunar_console_icon_button_close@3x.png using Guid(3b1b846406d364ca488dbfd605a294ef) Importer(2089858483,934ff659095e30574adcf32a4c2f97b5) (ScriptedImporter) -> (artifact id: 'c82c782edeb5d113bdafd05c8356cbb0') in 0.0416637 seconds
Number of updated asset objects reloaded before import = 0Number of asset objects unloaded after import = 1

========================================================================
Received Import Request.
  Time since last request: 0.000047 seconds.
  path: Assets/_Assets/Custome Assets/HoldMyEgg-Complete/Main Menu/cloud_2.PNG
  artifactKey: Guid(49eb036b9e3f37042a100d6b83109867) Importer(2089858483,934ff659095e30574adcf32a4c2f97b5)
Start importing Assets/_Assets/Custome Assets/HoldMyEgg-Complete/Main Menu/cloud_2.PNG using Guid(49eb036b9e3f37042a100d6b83109867) Importer(2089858483,934ff659095e30574adcf32a4c2f97b5) (ScriptedImporter) -> (artifact id: 'e96a78c2fa52b717a5cbe2b1f15017b4') in 0.0387953 seconds
Number of updated asset objects reloaded before import = 0Number of asset objects unloaded after import = 2

========================================================================
Received Import Request.
  Time since last request: 0.000048 seconds.
  path: Assets/_Assets/Prefab/Bowls Prefabs/Bowls With Coins/pf_Blue Patrolling Bowls with coins.prefab
  artifactKey: Guid(94c3a6d3a3d41414da39fe6e19438713) Importer(2089858483,934ff659095e30574adcf32a4c2f97b5)
Start importing Assets/_Assets/Prefab/Bowls Prefabs/Bowls With Coins/pf_Blue Patrolling Bowls with coins.prefab using Guid(94c3a6d3a3d41414da39fe6e19438713) Importer(2089858483,934ff659095e30574adcf32a4c2f97b5) (ScriptedImporter) -> (artifact id: 'fe5f6618d8ecb1bcad79ec220ba0c32a') in 0.0402984 seconds
Number of updated asset objects reloaded before import = 0Number of asset objects unloaded after import = 34

========================================================================
Received Import Request.
  Time since last request: 0.000072 seconds.
  path: Assets/_Assets/Scriptable Objects/Level Data/Level 65.asset
  artifactKey: Guid(8380ca1f320eff64a9ff45f1b4999b56) Importer(2089858483,934ff659095e30574adcf32a4c2f97b5)
Start importing Assets/_Assets/Scriptable Objects/Level Data/Level 65.asset using Guid(8380ca1f320eff64a9ff45f1b4999b56) Importer(2089858483,934ff659095e30574adcf32a4c2f97b5) (ScriptedImporter) -> (artifact id: '183d79ae4e76e798fef3abccc45e8ca0') in 0.0638875 seconds
Number of updated asset objects reloaded before import = 0Number of asset objects unloaded after import = 312

========================================================================
Received Import Request.
  Time since last request: 0.000071 seconds.
  path: Assets/_Assets/Scripts/UI Scripts/OptionMenu.cs
  artifactKey: Guid(adaef6b9649e6df43968e67d4b8fdf41) Importer(2089858483,934ff659095e30574adcf32a4c2f97b5)
Start importing Assets/_Assets/Scripts/UI Scripts/OptionMenu.cs using Guid(adaef6b9649e6df43968e67d4b8fdf41) Importer(2089858483,934ff659095e30574adcf32a4c2f97b5) (ScriptedImporter) -> (artifact id: '85c02b2cc374604d78b3a1a0d9e04ad1') in 0.0344185 seconds
Number of updated asset objects reloaded before import = 0Number of asset objects unloaded after import = 0

========================================================================
Received Import Request.
  Time since last request: 0.000036 seconds.
  path: Assets/_Assets/Custome Assets/HoldMyEgg-Complete/Settings/btn_close.PNG
  artifactKey: Guid(4b88339fabeccc147add35cc2d061efa) Importer(2089858483,934ff659095e30574adcf32a4c2f97b5)
Start importing Assets/_Assets/Custome Assets/HoldMyEgg-Complete/Settings/btn_close.PNG using Guid(4b88339fabeccc147add35cc2d061efa) Importer(2089858483,934ff659095e30574adcf32a4c2f97b5) (ScriptedImporter) -> (artifact id: '0c0575ec1638ccecabc67215fd72e372') in 0.0316555 seconds
Number of updated asset objects reloaded before import = 0Number of asset objects unloaded after import = 2

========================================================================
Received Import Request.
  Time since last request: 0.000043 seconds.
  path: Assets/LunarConsole/Editor/iOS/Common/Utils/LUSerializableObject.m
  artifactKey: Guid(763417b2b5c52461db1351c3368b8272) Importer(2089858483,934ff659095e30574adcf32a4c2f97b5)
Start importing Assets/LunarConsole/Editor/iOS/Common/Utils/LUSerializableObject.m using Guid(763417b2b5c52461db1351c3368b8272) Importer(2089858483,934ff659095e30574adcf32a4c2f97b5) (ScriptedImporter) -> (artifact id: '2185996573da49a869d860e139c80d3d') in 0.031418 seconds
Number of updated asset objects reloaded before import = 0Number of asset objects unloaded after import = 0

========================================================================
Received Import Request.
  Time since last request: 0.000033 seconds.
  path: Assets/LunarConsole/Editor/iOS/Common/Utils/LUAvailability.h
  artifactKey: Guid(e44bc7e40c4124079bb8207e3f5d110d) Importer(2089858483,934ff659095e30574adcf32a4c2f97b5)
Start importing Assets/LunarConsole/Editor/iOS/Common/Utils/LUAvailability.h using Guid(e44bc7e40c4124079bb8207e3f5d110d) Importer(2089858483,934ff659095e30574adcf32a4c2f97b5) (ScriptedImporter) -> (artifact id: '79a59dd3d544a5eb445fb47d4a6fca20') in 0.0327096 seconds
Number of updated asset objects reloaded before import = 0Number of asset objects unloaded after import = 0

========================================================================
Received Import Request.
  Time since last request: 0.000031 seconds.
  path: Assets/_Assets/Prefab/Bowls Prefabs/Bowls With Coins/pf_Green Stationery Bowl with coins.prefab
  artifactKey: Guid(908c8119de4d12a43ab96fe9b2e02126) Importer(2089858483,934ff659095e30574adcf32a4c2f97b5)
Start importing Assets/_Assets/Prefab/Bowls Prefabs/Bowls With Coins/pf_Green Stationery Bowl with coins.prefab using Guid(908c8119de4d12a43ab96fe9b2e02126) Importer(2089858483,934ff659095e30574adcf32a4c2f97b5) (ScriptedImporter) -> (artifact id: 'f915f5d7c1770b746bf10abbe6b2654d') in 0.0410011 seconds
Number of updated asset objects reloaded before import = 0Number of asset objects unloaded after import = 34

========================================================================
Received Import Request.
  Time since last request: 0.000068 seconds.
  path: Assets/LunarConsole/Editor/iOS/Common/UI/LUSlider.m
  artifactKey: Guid(ca51dd76d01804b3da2971a15244f577) Importer(2089858483,934ff659095e30574adcf32a4c2f97b5)
Start importing Assets/LunarConsole/Editor/iOS/Common/UI/LUSlider.m using Guid(ca51dd76d01804b3da2971a15244f577) Importer(2089858483,934ff659095e30574adcf32a4c2f97b5) (ScriptedImporter) -> (artifact id: '920652d2bb7e0d4d32b1fa3c165737aa') in 0.0393688 seconds
Number of updated asset objects reloaded before import = 0Number of asset objects unloaded after import = 0

========================================================================
Received Import Request.
  Time since last request: 0.000096 seconds.
  path: Assets/_Assets/Custome Assets/HoldMyEgg-Complete/Main Menu/filler_2.PNG
  artifactKey: Guid(6e5466b8c2d974b42a858da22ede3d4d) Importer(2089858483,934ff659095e30574adcf32a4c2f97b5)
Start importing Assets/_Assets/Custome Assets/HoldMyEgg-Complete/Main Menu/filler_2.PNG using Guid(6e5466b8c2d974b42a858da22ede3d4d) Importer(2089858483,934ff659095e30574adcf32a4c2f97b5) (ScriptedImporter) -> (artifact id: '0fcdf771d235736a91c52cd15a1b71db') in 0.0407904 seconds
Number of updated asset objects reloaded before import = 0Number of asset objects unloaded after import = 2

Editor requested this worker to shutdown with reason: Scaling down because of idle timeout
AssetImportWorker is now disconnected from the server
Process exiting
Exiting without the bug reporter. Application will terminate with return code 0