Using pre-set license
Built from '6000.0/release' branch; Version is '6000.0.43f1 (97272b72f107) revision 9905963'; Using compiler version '193933523'; Build Type 'Release'
OS: 'Windows 11  (10.0.26100) 64bit CoreSingleLanguage' Language: 'en' Physical Memory: 7937 MB
BatchMode: 1, IsHumanControllingUs: 0, StartBugReporterOnCrash: 0, Is64bit: 1, IsPro: 1

COMMAND LINE ARGUMENTS:
C:\Program Files\Unity\Hub\Editor\6000.0.43f1\Editor\Unity.exe
-adb2
-batchMode
-noUpm
-name
AssetImportWorker4
-projectPath
D:/Unity Proj/HME/Hold My Egg
-logFile
Logs/AssetImportWorker4.log
-srvPort
55854
-job-worker-count
3
-background-job-worker-count
8
-gc-helper-count
1
Successfully changed project path to: D:/Unity Proj/HME/Hold My Egg
D:/Unity Proj/HME/Hold My Egg
[UnityMemory] Configuration Parameters - Can be set up in boot.config
    "memorysetup-bucket-allocator-granularity=16"
    "memorysetup-bucket-allocator-bucket-count=8"
    "memorysetup-bucket-allocator-block-size=33554432"
    "memorysetup-bucket-allocator-block-count=8"
    "memorysetup-main-allocator-block-size=16777216"
    "memorysetup-thread-allocator-block-size=16777216"
    "memorysetup-gfx-main-allocator-block-size=16777216"
    "memorysetup-gfx-thread-allocator-block-size=16777216"
    "memorysetup-cache-allocator-block-size=4194304"
    "memorysetup-typetree-allocator-block-size=2097152"
    "memorysetup-profiler-bucket-allocator-granularity=16"
    "memorysetup-profiler-bucket-allocator-bucket-count=8"
    "memorysetup-profiler-bucket-allocator-block-size=33554432"
    "memorysetup-profiler-bucket-allocator-block-count=8"
    "memorysetup-profiler-allocator-block-size=16777216"
    "memorysetup-profiler-editor-allocator-block-size=1048576"
    "memorysetup-temp-allocator-size-main=16777216"
    "memorysetup-job-temp-allocator-block-size=2097152"
    "memorysetup-job-temp-allocator-block-size-background=1048576"
    "memorysetup-job-temp-allocator-reduction-small-platforms=262144"
    "memorysetup-allocator-temp-initial-block-size-main=262144"
    "memorysetup-allocator-temp-initial-block-size-worker=262144"
    "memorysetup-temp-allocator-size-background-worker=32768"
    "memorysetup-temp-allocator-size-job-worker=262144"
    "memorysetup-temp-allocator-size-preload-manager=33554432"
    "memorysetup-temp-allocator-size-nav-mesh-worker=65536"
    "memorysetup-temp-allocator-size-audio-worker=65536"
    "memorysetup-temp-allocator-size-cloud-worker=32768"
    "memorysetup-temp-allocator-size-gi-baking-worker=262144"
    "memorysetup-temp-allocator-size-gi-baking-worker=262144"
    "memorysetup-temp-allocator-size-gi-baking-worker=262144"
    "memorysetup-temp-allocator-size-gi-baking-worker=262144"
    "memorysetup-temp-allocator-size-gi-baking-worker=262144"
    "memorysetup-temp-allocator-size-gfx=262144"
Player connection [6904]  Target information:

Player connection [6904]  * "[IP] 192.168.1.3 [Port] 0 [Flags] 2 [Guid] 2589078490 [EditorId] 2589078490 [Version] 1048832 [Id] WindowsEditor(7,DESKTOP-DVPE94C) [Debug] 1 [PackageName] WindowsEditor [ProjectName] Editor" 

Player connection [6904] Host joined multi-casting on [225.0.0.222:54997]...
Player connection [6904] Host joined alternative multi-casting on [225.0.0.222:34997]...
JobSystem: Creating JobQueue using job-worker-count value 3
Input System module state changed to: Initialized.
[Physics::Module] Initialized fallback backend.
[Physics::Module] Id: 0xdecafbad
Library Redirect Path: Library/
[Physics::Module] Selected backend.
[Physics::Module] Name: PhysX
[Physics::Module] Id: 0xf2b8ea05
[Physics::Module] SDK Version: 4.1.2
[Physics::Module] Integration Version: 1.0.0
[Physics::Module] Threading Mode: Multi-Threaded
Refreshing native plugins compatible for Editor in 639.33 ms, found 3 plugins.
Preloading 0 native plugins for Editor in 0.00 ms.
Initialize engine version: 6000.0.43f1 (97272b72f107)
[Subsystems] Discovering subsystems at path C:/Program Files/Unity/Hub/Editor/6000.0.43f1/Editor/Data/Resources/UnitySubsystems
[Subsystems] Discovering subsystems at path D:/Unity Proj/HME/Hold My Egg/Assets
GfxDevice: creating device client; kGfxThreadingModeNonThreaded
Direct3D:
    Version:  Direct3D 11.0 [level 11.1]
    Renderer: NVIDIA GeForce RTX 3050 Laptop GPU (ID=0x25a2)
    Vendor:   NVIDIA
    VRAM:     3964 MB
    Driver:   32.0.15.6119
Initialize mono
Mono path[0] = 'C:/Program Files/Unity/Hub/Editor/6000.0.43f1/Editor/Data/Managed'
Mono path[1] = 'C:/Program Files/Unity/Hub/Editor/6000.0.43f1/Editor/Data/MonoBleedingEdge/lib/mono/unityjit-win32'
Mono config path = 'C:/Program Files/Unity/Hub/Editor/6000.0.43f1/Editor/Data/MonoBleedingEdge/etc'
Using monoOptions --debugger-agent=transport=dt_socket,embedding=1,server=y,suspend=n,address=127.0.0.1:56584
Begin MonoManager ReloadAssembly
Registering precompiled unity dll's ...
Register platform support module: C:/Program Files/Unity/Hub/Editor/6000.0.43f1/Editor/Data/PlaybackEngines/WebGLSupport/UnityEditor.WebGL.Extensions.dll
Register platform support module: C:/Program Files/Unity/Hub/Editor/6000.0.43f1/Editor/Data/PlaybackEngines/WindowsStandaloneSupport/UnityEditor.WindowsStandalone.Extensions.dll
Register platform support module: C:/Program Files/Unity/Hub/Editor/6000.0.43f1/Editor/Data/PlaybackEngines/AndroidPlayer/UnityEditor.Android.Extensions.dll
Registered in 0.017879 seconds.
- Loaded All Assemblies, in  2.946 seconds
Native extension for Android target not found
Android Extension - Scanning For ADB Devices 758 ms
Native extension for WindowsStandalone target not found
Native extension for WebGL target not found
Mono: successfully reloaded assembly
- Finished resetting the current domain, in  3.932 seconds
Domain Reload Profiling: 6875ms
	BeginReloadAssembly (1110ms)
		ExecutionOrderSort (0ms)
		DisableScriptedObjects (0ms)
		BackupInstance (0ms)
		ReleaseScriptingObjects (0ms)
		CreateAndSetChildDomain (4ms)
	RebuildCommonClasses (647ms)
	RebuildNativeTypeToScriptingClass (70ms)
	initialDomainReloadingComplete (210ms)
	LoadAllAssembliesAndSetupDomain (904ms)
		LoadAssemblies (1102ms)
		RebuildTransferFunctionScriptingTraits (0ms)
		AnalyzeDomain (891ms)
			TypeCache.Refresh (884ms)
				TypeCache.ScanAssembly (795ms)
			BuildScriptInfoCaches (0ms)
			ResolveRequiredComponents (3ms)
	FinalizeReload (3935ms)
		ReleaseScriptCaches (0ms)
		RebuildScriptCaches (0ms)
		SetupLoadedEditorAssemblies (3720ms)
			LogAssemblyErrors (0ms)
			InitializePlatformSupportModulesInManaged (1137ms)
			SetLoadedEditorAssemblies (43ms)
			BeforeProcessingInitializeOnLoad (232ms)
			ProcessInitializeOnLoadAttributes (1107ms)
			ProcessInitializeOnLoadMethodAttributes (1201ms)
			AfterProcessingInitializeOnLoad (0ms)
			EditorAssembliesLoaded (0ms)
		ExecutionOrderSort2 (0ms)
		AwakeInstancesAfterBackupRestoration (0ms)
========================================================================
Worker process is ready to serve import requests
Import Worker Mode flag is 0x00
Begin MonoManager ReloadAssembly
Symbol file LoadedFromMemory is not a mono symbol file
- Loaded All Assemblies, in  5.308 seconds
Refreshing native plugins compatible for Editor in 31.77 ms, found 3 plugins.
Native extension for Android target not found
Native extension for WindowsStandalone target not found
Native extension for WebGL target not found
Refreshing native plugins compatible for Editor in 43.32 ms, found 3 plugins.
Mono: successfully reloaded assembly
- Finished resetting the current domain, in  6.633 seconds
Domain Reload Profiling: 11929ms
	BeginReloadAssembly (1034ms)
		ExecutionOrderSort (0ms)
		DisableScriptedObjects (38ms)
		BackupInstance (0ms)
		ReleaseScriptingObjects (0ms)
		CreateAndSetChildDomain (125ms)
	RebuildCommonClasses (141ms)
	RebuildNativeTypeToScriptingClass (37ms)
	initialDomainReloadingComplete (134ms)
	LoadAllAssembliesAndSetupDomain (3945ms)
		LoadAssemblies (2709ms)
		RebuildTransferFunctionScriptingTraits (0ms)
		AnalyzeDomain (1859ms)
			TypeCache.Refresh (1651ms)
				TypeCache.ScanAssembly (1591ms)
			BuildScriptInfoCaches (176ms)
			ResolveRequiredComponents (25ms)
	FinalizeReload (6637ms)
		ReleaseScriptCaches (0ms)
		RebuildScriptCaches (0ms)
		SetupLoadedEditorAssemblies (6064ms)
			LogAssemblyErrors (0ms)
			InitializePlatformSupportModulesInManaged (29ms)
			SetLoadedEditorAssemblies (8ms)
			BeforeProcessingInitializeOnLoad (2738ms)
			ProcessInitializeOnLoadAttributes (2418ms)
			ProcessInitializeOnLoadMethodAttributes (858ms)
			AfterProcessingInitializeOnLoad (13ms)
			EditorAssembliesLoaded (1ms)
		ExecutionOrderSort2 (0ms)
		AwakeInstancesAfterBackupRestoration (10ms)
Launched and connected shader compiler UnityShaderCompiler.exe after 0.12 seconds
Refreshing native plugins compatible for Editor in 84.09 ms, found 3 plugins.
Preloading 0 native plugins for Editor in 0.00 ms.
Unloading 224 Unused Serialized files (Serialized files now loaded: 0)
Unloading 5743 unused Assets / (4.0 MB). Loaded Objects now: 6287.
Memory consumption went from 171.5 MB to 167.5 MB.
Total: 59.737300 ms (FindLiveObjects: 3.772000 ms CreateObjectMapping: 1.929000 ms MarkObjects: 38.507100 ms  DeleteObjects: 15.522800 ms)

========================================================================
Received Import Request.
  Time since last request: 123033.409355 seconds.
  path: Assets/Scenes/Initial Scene/GPGS Sign In Scene.unity
  artifactKey: Guid(01cd2e303ee31a84ab4603a9c3a34e72) Importer(2089858483,934ff659095e30574adcf32a4c2f97b5)
Start importing Assets/Scenes/Initial Scene/GPGS Sign In Scene.unity using Guid(01cd2e303ee31a84ab4603a9c3a34e72) Importer(2089858483,934ff659095e30574adcf32a4c2f97b5) (ScriptedImporter) -> (artifact id: 'a68ccca4f6482837192df0797727dbef') in 1.5192922 seconds
Number of updated asset objects reloaded before import = 0Number of asset objects unloaded after import = 1

========================================================================
Received Import Request.
  Time since last request: 0.000096 seconds.
  path: Assets/DefaultVolumeProfile.asset
  artifactKey: Guid(fa7b1812886e9464488ac6843d8d528c) Importer(2089858483,934ff659095e30574adcf32a4c2f97b5)
Start importing Assets/DefaultVolumeProfile.asset using Guid(fa7b1812886e9464488ac6843d8d528c) Importer(2089858483,934ff659095e30574adcf32a4c2f97b5) (ScriptedImporter) -> (artifact id: '8afbfb7a2265143ea1922663cdedcaa3') in 0.0481695 seconds
Number of updated asset objects reloaded before import = 0Number of asset objects unloaded after import = 0

========================================================================
Received Import Request.
  Time since last request: 0.000041 seconds.
  path: Assets/Scenes/Levels/Level 13.unity
  artifactKey: Guid(a0446b34d5ff3374ebebb61a9e19b22a) Importer(2089858483,934ff659095e30574adcf32a4c2f97b5)
Start importing Assets/Scenes/Levels/Level 13.unity using Guid(a0446b34d5ff3374ebebb61a9e19b22a) Importer(2089858483,934ff659095e30574adcf32a4c2f97b5) (ScriptedImporter) -> (artifact id: '4de80193576a463d067acccae8e05f4c') in 0.0298743 seconds
Number of updated asset objects reloaded before import = 0Number of asset objects unloaded after import = 1

========================================================================
Received Import Request.
  Time since last request: 0.000031 seconds.
  path: Assets/LunarConsole/Scripts/Constants.cs
  artifactKey: Guid(8252d3fd8fea642c1b3317065ec60bb8) Importer(2089858483,934ff659095e30574adcf32a4c2f97b5)
Start importing Assets/LunarConsole/Scripts/Constants.cs using Guid(8252d3fd8fea642c1b3317065ec60bb8) Importer(2089858483,934ff659095e30574adcf32a4c2f97b5) (ScriptedImporter) -> (artifact id: '20b6cb35f11a2588c3259bef0998c6f2') in 0.0322811 seconds
Number of updated asset objects reloaded before import = 0Number of asset objects unloaded after import = 0

========================================================================
Received Import Request.
  Time since last request: 0.000053 seconds.
  path: Assets/Lean/package.json
  artifactKey: Guid(32dcfd6f0d58c7642bcc6fb2b1e7c8ff) Importer(2089858483,934ff659095e30574adcf32a4c2f97b5)
Start importing Assets/Lean/package.json using Guid(32dcfd6f0d58c7642bcc6fb2b1e7c8ff) Importer(2089858483,934ff659095e30574adcf32a4c2f97b5) (ScriptedImporter) -> (artifact id: '20268192bbfbada009a546f9bc5255e2') in 0.0278221 seconds
Number of updated asset objects reloaded before import = 0Number of asset objects unloaded after import = 1

========================================================================
Received Import Request.
  Time since last request: 0.000030 seconds.
  path: Assets/AddressableAssetsData/AssetGroups/Localization-String-Tables-Spanish (Mexico) (es-MX).asset
  artifactKey: Guid(15dc900d32520074e88047fae448febc) Importer(2089858483,934ff659095e30574adcf32a4c2f97b5)
Start importing Assets/AddressableAssetsData/AssetGroups/Localization-String-Tables-Spanish (Mexico) (es-MX).asset using Guid(15dc900d32520074e88047fae448febc) Importer(2089858483,934ff659095e30574adcf32a4c2f97b5) (ScriptedImporter) -> (artifact id: '2711743cc754aef034e44a443733f84e') in 0.0862116 seconds
Number of updated asset objects reloaded before import = 0Number of asset objects unloaded after import = 1

========================================================================
Received Import Request.
  Time since last request: 0.000236 seconds.
  path: Assets/Scenes/Levels/Level 14.unity
  artifactKey: Guid(a4e44837ce48b554c9236142ef0d93c0) Importer(2089858483,934ff659095e30574adcf32a4c2f97b5)
Start importing Assets/Scenes/Levels/Level 14.unity using Guid(a4e44837ce48b554c9236142ef0d93c0) Importer(2089858483,934ff659095e30574adcf32a4c2f97b5) (ScriptedImporter) -> (artifact id: '183ca6d76b332cbbe4695ae165401d8c') in 0.051921 seconds
Number of updated asset objects reloaded before import = 0Number of asset objects unloaded after import = 1

========================================================================
Received Import Request.
  Time since last request: 0.009856 seconds.
  path: Assets/Scenes/Levels/Level 38.unity
  artifactKey: Guid(5d67cfdfa76dc7c41ae0c6454e250b15) Importer(2089858483,934ff659095e30574adcf32a4c2f97b5)
Start importing Assets/Scenes/Levels/Level 38.unity using Guid(5d67cfdfa76dc7c41ae0c6454e250b15) Importer(2089858483,934ff659095e30574adcf32a4c2f97b5) (ScriptedImporter) -> (artifact id: 'd0e50d03daece009a54baf62ab5fc431') in 0.1227502 seconds
Number of updated asset objects reloaded before import = 0Number of asset objects unloaded after import = 1

========================================================================
Received Import Request.
  Time since last request: 0.000041 seconds.
  path: Assets/LunarConsole/Editor/LunarConsoleEditor.asmdef
  artifactKey: Guid(5c7d218fa468a46909ce7ce06167450d) Importer(2089858483,934ff659095e30574adcf32a4c2f97b5)
Start importing Assets/LunarConsole/Editor/LunarConsoleEditor.asmdef using Guid(5c7d218fa468a46909ce7ce06167450d) Importer(2089858483,934ff659095e30574adcf32a4c2f97b5) (ScriptedImporter) -> (artifact id: '18f72d0bf2e27f8a0fc701c3b1a4e957') in 0.031468 seconds
Number of updated asset objects reloaded before import = 0Number of asset objects unloaded after import = 1

========================================================================
Received Import Request.
  Time since last request: 0.000048 seconds.
  path: Assets/Scenes/Levels/Level 12.unity
  artifactKey: Guid(b0acce211598c0649ba89f36be407d18) Importer(2089858483,934ff659095e30574adcf32a4c2f97b5)
Start importing Assets/Scenes/Levels/Level 12.unity using Guid(b0acce211598c0649ba89f36be407d18) Importer(2089858483,934ff659095e30574adcf32a4c2f97b5) (ScriptedImporter) -> (artifact id: 'e919b151a896ef6051568b1ba38a8647') in 0.0318661 seconds
Number of updated asset objects reloaded before import = 0Number of asset objects unloaded after import = 1

========================================================================
Received Import Request.
  Time since last request: 0.000036 seconds.
  path: Assets/Parse/Plugins/Unity.Tasks.dll
  artifactKey: Guid(93324a471a6d44bb8297d17d8b191e52) Importer(2089858483,934ff659095e30574adcf32a4c2f97b5)
Start importing Assets/Parse/Plugins/Unity.Tasks.dll using Guid(93324a471a6d44bb8297d17d8b191e52) Importer(2089858483,934ff659095e30574adcf32a4c2f97b5) (ScriptedImporter) -> (artifact id: 'af4b248bf5269f2f7f3c2616d54f050c') in 0.0328373 seconds
Number of updated asset objects reloaded before import = 0Number of asset objects unloaded after import = 0

========================================================================
Received Prepare
Begin MonoManager ReloadAssembly
Symbol file LoadedFromMemory is not a mono symbol file
- Loaded All Assemblies, in 11.506 seconds
Refreshing native plugins compatible for Editor in 46.33 ms, found 3 plugins.
Native extension for Android target not found
Native extension for WindowsStandalone target not found
Native extension for WebGL target not found
Mono: successfully reloaded assembly
- Finished resetting the current domain, in  3.038 seconds
Domain Reload Profiling: 14625ms
	BeginReloadAssembly (1451ms)
		ExecutionOrderSort (3ms)
		DisableScriptedObjects (177ms)
		BackupInstance (0ms)
		ReleaseScriptingObjects (5ms)
		CreateAndSetChildDomain (501ms)
	RebuildCommonClasses (65ms)
	RebuildNativeTypeToScriptingClass (22ms)
	initialDomainReloadingComplete (76ms)
	LoadAllAssembliesAndSetupDomain (9972ms)
		LoadAssemblies (6434ms)
		RebuildTransferFunctionScriptingTraits (0ms)
		AnalyzeDomain (3750ms)
			TypeCache.Refresh (3183ms)
				TypeCache.ScanAssembly (2557ms)
			BuildScriptInfoCaches (482ms)
			ResolveRequiredComponents (73ms)
	FinalizeReload (3038ms)
		ReleaseScriptCaches (0ms)
		RebuildScriptCaches (0ms)
		SetupLoadedEditorAssemblies (2450ms)
			LogAssemblyErrors (0ms)
			InitializePlatformSupportModulesInManaged (57ms)
			SetLoadedEditorAssemblies (20ms)
			BeforeProcessingInitializeOnLoad (701ms)
			ProcessInitializeOnLoadAttributes (1166ms)
			ProcessInitializeOnLoadMethodAttributes (495ms)
			AfterProcessingInitializeOnLoad (9ms)
			EditorAssembliesLoaded (1ms)
		ExecutionOrderSort2 (0ms)
		AwakeInstancesAfterBackupRestoration (27ms)
Refreshing native plugins compatible for Editor in 68.97 ms, found 3 plugins.
Preloading 0 native plugins for Editor in 0.00 ms.
Unloading 14 Unused Serialized files (Serialized files now loaded: 0)
Unloading 5734 unused Assets / (4.3 MB). Loaded Objects now: 6284.
Memory consumption went from 137.8 MB to 133.5 MB.
Total: 50.202100 ms (FindLiveObjects: 6.800400 ms CreateObjectMapping: 1.261000 ms MarkObjects: 32.102900 ms  DeleteObjects: 10.033900 ms)

Prepare: number of updated asset objects reloaded= 0
========================================================================
Received Import Request.
  Time since last request: 118.438001 seconds.
  path: Assets/Scenes/Levels/Level 95.unity
  artifactKey: Guid(c7bd5cca4f1ee1c49b5d9fb03d51ff8d) Importer(2089858483,934ff659095e30574adcf32a4c2f97b5)
Start importing Assets/Scenes/Levels/Level 95.unity using Guid(c7bd5cca4f1ee1c49b5d9fb03d51ff8d) Importer(2089858483,934ff659095e30574adcf32a4c2f97b5) (ScriptedImporter)
=================================================================
	Native Crash Reporting
=================================================================
Got a UNKNOWN while executing native code. This usually indicates
a fatal error in the mono runtime or one of the native libraries 
used by your application.
=================================================================

=================================================================
	Managed Stacktrace:
=================================================================
	  at <unknown> <0xffffffff>
	  at System.Reflection.RuntimePropertyInfo:get_property_info <0x0007c>
	  at System.Reflection.RuntimePropertyInfo:CachePropertyInfo <0x00042>
	  at System.Reflection.RuntimePropertyInfo:get_PropertyType <0x00022>
	  at UnityEditor.Rendering.Universal.MaterialReferenceBuilder:HasMaterialProperty <0x00017>
	  at System.Linq.Enumerable:Any <0x00096>
	  at <>c:<GetMaterialReferenceLookup>b__2_0 <0x0009a>
	  at WhereEnumerableIterator`1:MoveNext <0x000ea>
	  at UnityEditor.Rendering.Universal.MaterialReferenceBuilder:GetMaterialReferenceLookup <0x00478>
	  at UnityEditor.Rendering.Universal.MaterialReferenceBuilder:.cctor <0x00032>
	  at System.Object:runtime_invoke_void <0x00084>
	  at <unknown> <0xffffffff>
	  at System.Object:__icall_wrapper_mono_generic_class_init <0x0006a>
	  at UnityEditor.Rendering.Universal.ConversionIndexers:ConversionIndexer <0x0006a>
	  at <Module>:invoke_void_CustomObjectIndexerTarget_ObjectIndexer <0x00113>
	  at UnityEditor.Search.ObjectIndexer:CallCustomIndexers <0x004c9>
	  at UnityEditor.Search.ObjectIndexer:IndexCustomProperties <0x00132>
	  at UnityEditor.Search.AssetIndexer:IndexProperties <0x0041a>
	  at UnityEditor.Search.AssetIndexer:IndexDocument <0x00e22>
	  at UnityEditor.Search.SearchIndexEntryImporter:OnImportAsset <0x00163>
	  at UnityEditor.AssetImporters.ScriptedImporter:GenerateAssetData <0x00018>
	  at <Module>:runtime_invoke_void__this___object <0x00092>
=================================================================
 -> (artifact id: '7c90b397e83006f631ced409ecbbb5ee') in 1.6150222 seconds
Number of updated asset objects reloaded before import = 0Number of asset objects unloaded after import = 1

========================================================================
Received Import Request.
  Time since last request: 0.000081 seconds.
  path: Assets/Scenes/Levels/Level 96.unity
  artifactKey: Guid(92072d88f6296c54890999578625e69f) Importer(2089858483,934ff659095e30574adcf32a4c2f97b5)
Start importing Assets/Scenes/Levels/Level 96.unity using Guid(92072d88f6296c54890999578625e69f) Importer(2089858483,934ff659095e30574adcf32a4c2f97b5) (ScriptedImporter) -> (artifact id: '1524e43eabcc6901d2ff484d505cd704') in 0.0402009 seconds
Number of updated asset objects reloaded before import = 0Number of asset objects unloaded after import = 1

========================================================================
Received Import Request.
  Time since last request: 0.000030 seconds.
  path: Assets/Scenes/Levels/Level 94.unity
  artifactKey: Guid(9c1927c7b77671e43bc826d363060a7d) Importer(2089858483,934ff659095e30574adcf32a4c2f97b5)
Start importing Assets/Scenes/Levels/Level 94.unity using Guid(9c1927c7b77671e43bc826d363060a7d) Importer(2089858483,934ff659095e30574adcf32a4c2f97b5) (ScriptedImporter) -> (artifact id: '53b4b0117e526a3e649f2294ea59e648') in 0.1055165 seconds
Number of updated asset objects reloaded before import = 0Number of asset objects unloaded after import = 1

========================================================================
Received Import Request.
  Time since last request: 0.000086 seconds.
  path: Assets/Scenes/Levels/Level 84.unity
  artifactKey: Guid(8e9c7dd424029014ba6b657b95b9effb) Importer(2089858483,934ff659095e30574adcf32a4c2f97b5)
Start importing Assets/Scenes/Levels/Level 84.unity using Guid(8e9c7dd424029014ba6b657b95b9effb) Importer(2089858483,934ff659095e30574adcf32a4c2f97b5) (ScriptedImporter) -> (artifact id: '485b6f55fb0e61ba36403b325331d9e7') in 0.0733811 seconds
Number of updated asset objects reloaded before import = 0Number of asset objects unloaded after import = 1

========================================================================
Received Import Request.
  Time since last request: 0.000060 seconds.
  path: Assets/Scenes/Levels/Level 70.unity
  artifactKey: Guid(d07146201facb964a8f54ef44ca9cb51) Importer(2089858483,934ff659095e30574adcf32a4c2f97b5)
Start importing Assets/Scenes/Levels/Level 70.unity using Guid(d07146201facb964a8f54ef44ca9cb51) Importer(2089858483,934ff659095e30574adcf32a4c2f97b5) (ScriptedImporter) -> (artifact id: '7090cc315367def6a0bdb2f2d9e432c4') in 0.0528278 seconds
Number of updated asset objects reloaded before import = 0Number of asset objects unloaded after import = 1

========================================================================
Received Import Request.
  Time since last request: 0.000031 seconds.
  path: Assets/Scenes/Levels/Level 55.unity
  artifactKey: Guid(9b80b5b8e1271b44fb0ae47111ffaa2d) Importer(2089858483,934ff659095e30574adcf32a4c2f97b5)
Start importing Assets/Scenes/Levels/Level 55.unity using Guid(9b80b5b8e1271b44fb0ae47111ffaa2d) Importer(2089858483,934ff659095e30574adcf32a4c2f97b5) (ScriptedImporter) -> (artifact id: '752059f75bd0439f72e99415ba4b7833') in 0.0325794 seconds
Number of updated asset objects reloaded before import = 0Number of asset objects unloaded after import = 1

========================================================================
Received Import Request.
  Time since last request: 0.000029 seconds.
  path: Assets/Scenes/Levels/Level 53.unity
  artifactKey: Guid(96696f6b7b010d6439d9a74cec74fce5) Importer(2089858483,934ff659095e30574adcf32a4c2f97b5)
Start importing Assets/Scenes/Levels/Level 53.unity using Guid(96696f6b7b010d6439d9a74cec74fce5) Importer(2089858483,934ff659095e30574adcf32a4c2f97b5) (ScriptedImporter) -> (artifact id: '9d62260837a45fc7bfdc14bf78a5b175') in 0.0356861 seconds
Number of updated asset objects reloaded before import = 0Number of asset objects unloaded after import = 1

========================================================================
Received Import Request.
  Time since last request: 0.000055 seconds.
  path: Assets/Scenes/Levels/Level 9.unity
  artifactKey: Guid(65d0f6bec55712c489654f2105cff077) Importer(2089858483,934ff659095e30574adcf32a4c2f97b5)
Start importing Assets/Scenes/Levels/Level 9.unity using Guid(65d0f6bec55712c489654f2105cff077) Importer(2089858483,934ff659095e30574adcf32a4c2f97b5) (ScriptedImporter) -> (artifact id: '985839c88747a04caa2ce625583f63a1') in 0.0322284 seconds
Number of updated asset objects reloaded before import = 0Number of asset objects unloaded after import = 1

========================================================================
Received Import Request.
  Time since last request: 0.000035 seconds.
  path: Assets/Scenes/Levels/Level 65.unity
  artifactKey: Guid(b669ceccaf2bc114aaf1a6a9b9eb5eb5) Importer(2089858483,934ff659095e30574adcf32a4c2f97b5)
Start importing Assets/Scenes/Levels/Level 65.unity using Guid(b669ceccaf2bc114aaf1a6a9b9eb5eb5) Importer(2089858483,934ff659095e30574adcf32a4c2f97b5) (ScriptedImporter) -> (artifact id: '88e26c6e0ff2d9adc8838c6ff3944fb4') in 0.0532089 seconds
Number of updated asset objects reloaded before import = 0Number of asset objects unloaded after import = 1

========================================================================
Received Import Request.
  Time since last request: 0.000047 seconds.
  path: Assets/Scenes/Levels/Level 78.unity
  artifactKey: Guid(7c3155eabdf748a45ab1744e00dfe2ca) Importer(2089858483,934ff659095e30574adcf32a4c2f97b5)
Start importing Assets/Scenes/Levels/Level 78.unity using Guid(7c3155eabdf748a45ab1744e00dfe2ca) Importer(2089858483,934ff659095e30574adcf32a4c2f97b5) (ScriptedImporter) -> (artifact id: 'c2172c721bc38b32fa4e091c8a77e822') in 0.0361404 seconds
Number of updated asset objects reloaded before import = 0Number of asset objects unloaded after import = 1

========================================================================
Received Import Request.
  Time since last request: 0.000094 seconds.
  path: Assets/Scenes/Levels/Level 58.unity
  artifactKey: Guid(600a9d21a05526e439d60eac28ecf327) Importer(2089858483,934ff659095e30574adcf32a4c2f97b5)
Start importing Assets/Scenes/Levels/Level 58.unity using Guid(600a9d21a05526e439d60eac28ecf327) Importer(2089858483,934ff659095e30574adcf32a4c2f97b5) (ScriptedImporter) -> (artifact id: '00519fa317f1d9c90da636dd02de7fdb') in 0.0320535 seconds
Number of updated asset objects reloaded before import = 0Number of asset objects unloaded after import = 1

========================================================================
Received Import Request.
  Time since last request: 0.000039 seconds.
  path: Assets/Scenes/Levels/Level 68.unity
  artifactKey: Guid(425467c6445c47746a73887c3353aeb6) Importer(2089858483,934ff659095e30574adcf32a4c2f97b5)
Start importing Assets/Scenes/Levels/Level 68.unity using Guid(425467c6445c47746a73887c3353aeb6) Importer(2089858483,934ff659095e30574adcf32a4c2f97b5) (ScriptedImporter) -> (artifact id: 'e21a4550fd627e4cab353cd4d120e091') in 0.0353448 seconds
Number of updated asset objects reloaded before import = 0Number of asset objects unloaded after import = 1

========================================================================
Received Import Request.
  Time since last request: 0.000039 seconds.
  path: Assets/TextMesh Pro/Shaders/TMPro_Properties.cginc
  artifactKey: Guid(3997e2241185407d80309a82f9148466) Importer(2089858483,934ff659095e30574adcf32a4c2f97b5)
Start importing Assets/TextMesh Pro/Shaders/TMPro_Properties.cginc using Guid(3997e2241185407d80309a82f9148466) Importer(2089858483,934ff659095e30574adcf32a4c2f97b5) (ScriptedImporter) -> (artifact id: 'e7df094547819ac24d37125b0b858705') in 0.064473 seconds
Number of updated asset objects reloaded before import = 0Number of asset objects unloaded after import = 1

========================================================================
Received Import Request.
  Time since last request: 0.000142 seconds.
  path: Assets/TextMesh Pro/Shaders/TMP_Bitmap.shader
  artifactKey: Guid(128e987d567d4e2c824d754223b3f3b0) Importer(2089858483,934ff659095e30574adcf32a4c2f97b5)
Start importing Assets/TextMesh Pro/Shaders/TMP_Bitmap.shader using Guid(128e987d567d4e2c824d754223b3f3b0) Importer(2089858483,934ff659095e30574adcf32a4c2f97b5) (ScriptedImporter) -> (artifact id: 'cdd991f3d2037d5072b89516a5d1bec0') in 0.0641186 seconds
Number of updated asset objects reloaded before import = 0Number of asset objects unloaded after import = 1

========================================================================
Received Import Request.
  Time since last request: 0.000057 seconds.
  path: Assets/Scenes/Levels/Level 44.unity
  artifactKey: Guid(9bcff8a6225fd9f48a196cc051fd9883) Importer(2089858483,934ff659095e30574adcf32a4c2f97b5)
Start importing Assets/Scenes/Levels/Level 44.unity using Guid(9bcff8a6225fd9f48a196cc051fd9883) Importer(2089858483,934ff659095e30574adcf32a4c2f97b5) (ScriptedImporter) -> (artifact id: '32ef0691aa31d5dc38647f64678d7d0d') in 0.0554515 seconds
Number of updated asset objects reloaded before import = 0Number of asset objects unloaded after import = 1

========================================================================
Received Import Request.
  Time since last request: 0.000040 seconds.
  path: Assets/Scenes/Levels/Level 67.unity
  artifactKey: Guid(cfb7c3936c027cc4e9503cf345764d90) Importer(2089858483,934ff659095e30574adcf32a4c2f97b5)
Start importing Assets/Scenes/Levels/Level 67.unity using Guid(cfb7c3936c027cc4e9503cf345764d90) Importer(2089858483,934ff659095e30574adcf32a4c2f97b5) (ScriptedImporter) -> (artifact id: 'f25f304f0f39a2578c2aeb62fd830789') in 0.0402767 seconds
Number of updated asset objects reloaded before import = 0Number of asset objects unloaded after import = 1

========================================================================
Received Import Request.
  Time since last request: 0.000059 seconds.
  path: Assets/TextMesh Pro/Shaders/TMP_Bitmap-Custom-Atlas.shader
  artifactKey: Guid(48bb5f55d8670e349b6e614913f9d910) Importer(2089858483,934ff659095e30574adcf32a4c2f97b5)
Start importing Assets/TextMesh Pro/Shaders/TMP_Bitmap-Custom-Atlas.shader using Guid(48bb5f55d8670e349b6e614913f9d910) Importer(2089858483,934ff659095e30574adcf32a4c2f97b5) (ScriptedImporter) -> (artifact id: '26940a9021fb081e11022ea224d8274b') in 0.03878 seconds
Number of updated asset objects reloaded before import = 0Number of asset objects unloaded after import = 1

========================================================================
Received Import Request.
  Time since last request: 0.000056 seconds.
  path: Assets/TextMesh Pro/Resources/LineBreaking Leading Characters.txt
  artifactKey: Guid(d82c1b31c7e74239bff1220585707d2b) Importer(2089858483,934ff659095e30574adcf32a4c2f97b5)
Start importing Assets/TextMesh Pro/Resources/LineBreaking Leading Characters.txt using Guid(d82c1b31c7e74239bff1220585707d2b) Importer(2089858483,934ff659095e30574adcf32a4c2f97b5) (ScriptedImporter) -> (artifact id: '6a2dcc43272fe311b74d53a0cefbf44a') in 0.0615688 seconds
Number of updated asset objects reloaded before import = 0Number of asset objects unloaded after import = 1

========================================================================
Received Import Request.
  Time since last request: 0.000043 seconds.
  path: Assets/TextMesh Pro/Shaders/TMP_Sprite.shader
  artifactKey: Guid(cf81c85f95fe47e1a27f6ae460cf182c) Importer(2089858483,934ff659095e30574adcf32a4c2f97b5)
Start importing Assets/TextMesh Pro/Shaders/TMP_Sprite.shader using Guid(cf81c85f95fe47e1a27f6ae460cf182c) Importer(2089858483,934ff659095e30574adcf32a4c2f97b5) (ScriptedImporter) -> (artifact id: 'f4742d751ce2c64abc7a802ad475e9bc') in 0.084242 seconds
Number of updated asset objects reloaded before import = 0Number of asset objects unloaded after import = 1

========================================================================
Received Import Request.
  Time since last request: 0.000036 seconds.
  path: Assets/TextMesh Pro/Shaders/TMP_SDF-Surface-Mobile.shader
  artifactKey: Guid(85187c2149c549c5b33f0cdb02836b17) Importer(2089858483,934ff659095e30574adcf32a4c2f97b5)
Start importing Assets/TextMesh Pro/Shaders/TMP_SDF-Surface-Mobile.shader using Guid(85187c2149c549c5b33f0cdb02836b17) Importer(2089858483,934ff659095e30574adcf32a4c2f97b5) (ScriptedImporter) -> (artifact id: 'de702c1fc9d0e4a63c3e752e567810fa') in 0.0659637 seconds
Number of updated asset objects reloaded before import = 0Number of asset objects unloaded after import = 1

========================================================================
Received Import Request.
  Time since last request: 0.000231 seconds.
  path: Assets/_Assets/Audios/05 Egg Placement in Bowl.wav
  artifactKey: Guid(aa30e626c86eda94093484e2bf026db4) Importer(2089858483,934ff659095e30574adcf32a4c2f97b5)
Start importing Assets/_Assets/Audios/05 Egg Placement in Bowl.wav using Guid(aa30e626c86eda94093484e2bf026db4) Importer(2089858483,934ff659095e30574adcf32a4c2f97b5) (ScriptedImporter) -> (artifact id: '948f1db58cd7fd7b44515c583940fc5e') in 0.1708186 seconds
Number of updated asset objects reloaded before import = 0Number of asset objects unloaded after import = 1

========================================================================
Received Import Request.
  Time since last request: 0.000042 seconds.
  path: Assets/TextMesh Pro/Shaders/TMP_SDF-Surface.shader
  artifactKey: Guid(f7ada0af4f174f0694ca6a487b8f543d) Importer(2089858483,934ff659095e30574adcf32a4c2f97b5)
Start importing Assets/TextMesh Pro/Shaders/TMP_SDF-Surface.shader using Guid(f7ada0af4f174f0694ca6a487b8f543d) Importer(2089858483,934ff659095e30574adcf32a4c2f97b5) (ScriptedImporter) -> (artifact id: '1a9943671292d5ec26eb81890adeceae') in 0.0435798 seconds
Number of updated asset objects reloaded before import = 0Number of asset objects unloaded after import = 1

========================================================================
Received Import Request.
  Time since last request: 0.000084 seconds.
  path: Assets/Scenes/Levels/Level 99.unity
  artifactKey: Guid(64594bb67d8a6304ba18a18fffd789b0) Importer(2089858483,934ff659095e30574adcf32a4c2f97b5)
Start importing Assets/Scenes/Levels/Level 99.unity using Guid(64594bb67d8a6304ba18a18fffd789b0) Importer(2089858483,934ff659095e30574adcf32a4c2f97b5) (ScriptedImporter) -> (artifact id: 'c2b7c9da8624fcba2ffabd1291ab65d3') in 0.034628 seconds
Number of updated asset objects reloaded before import = 0Number of asset objects unloaded after import = 1

========================================================================
Received Import Request.
  Time since last request: 0.000029 seconds.
  path: Assets/TextMesh Pro/Shaders/TMP_SDF-URP Unlit.shadergraph
  artifactKey: Guid(124c112a6e8f1a54e8b0870e881b56d8) Importer(2089858483,934ff659095e30574adcf32a4c2f97b5)
Start importing Assets/TextMesh Pro/Shaders/TMP_SDF-URP Unlit.shadergraph using Guid(124c112a6e8f1a54e8b0870e881b56d8) Importer(2089858483,934ff659095e30574adcf32a4c2f97b5) (ScriptedImporter) -> (artifact id: '184bb0d07ea4d8e19fe443eee1c4e4f3') in 0.0490769 seconds
Number of updated asset objects reloaded before import = 0Number of asset objects unloaded after import = 3

========================================================================
Received Import Request.
  Time since last request: 0.000032 seconds.
  path: Assets/_Assets/Custome Assets/Leaderboard icon.png
  artifactKey: Guid(e5481d6cd4c54bc48a27449a4346c9f0) Importer(2089858483,934ff659095e30574adcf32a4c2f97b5)
Start importing Assets/_Assets/Custome Assets/Leaderboard icon.png using Guid(e5481d6cd4c54bc48a27449a4346c9f0) Importer(2089858483,934ff659095e30574adcf32a4c2f97b5) (ScriptedImporter) -> (artifact id: 'f930e9577cf5b5982bafb1c8f4f0de97') in 0.0848582 seconds
Number of updated asset objects reloaded before import = 0Number of asset objects unloaded after import = 2

========================================================================
Received Import Request.
  Time since last request: 0.000058 seconds.
  path: Assets/_Assets/Custome Assets/2-2.png
  artifactKey: Guid(8fef3d6ba28735b49a10c9fef302a5cc) Importer(2089858483,934ff659095e30574adcf32a4c2f97b5)
Start importing Assets/_Assets/Custome Assets/2-2.png using Guid(8fef3d6ba28735b49a10c9fef302a5cc) Importer(2089858483,934ff659095e30574adcf32a4c2f97b5) (ScriptedImporter) -> (artifact id: 'e02502c6bfd563e2fcd9f7f1168d5624') in 0.0399471 seconds
Number of updated asset objects reloaded before import = 0Number of asset objects unloaded after import = 2

========================================================================
Received Import Request.
  Time since last request: 0.000037 seconds.
  path: Assets/_Assets/Custome Assets/New Blue Bowl Top.png
  artifactKey: Guid(507b8516f6f07fd40b6154928bd90a1f) Importer(2089858483,934ff659095e30574adcf32a4c2f97b5)
Start importing Assets/_Assets/Custome Assets/New Blue Bowl Top.png using Guid(507b8516f6f07fd40b6154928bd90a1f) Importer(2089858483,934ff659095e30574adcf32a4c2f97b5) (ScriptedImporter) -> (artifact id: 'bb24160c6cb1b17314962243a16b82b1') in 0.031913 seconds
Number of updated asset objects reloaded before import = 0Number of asset objects unloaded after import = 2

========================================================================
Received Import Request.
  Time since last request: 0.000040 seconds.
  path: Assets/_Assets/Audios/0_Egg Drop 2.wav
  artifactKey: Guid(280f076c25430e645ad4f30403265314) Importer(2089858483,934ff659095e30574adcf32a4c2f97b5)
Start importing Assets/_Assets/Audios/0_Egg Drop 2.wav using Guid(280f076c25430e645ad4f30403265314) Importer(2089858483,934ff659095e30574adcf32a4c2f97b5) (ScriptedImporter) -> (artifact id: '1a0649f55cb7e4c99afe3ac08e1bd934') in 0.0421705 seconds
Number of updated asset objects reloaded before import = 0Number of asset objects unloaded after import = 1

========================================================================
Received Import Request.
  Time since last request: 0.000072 seconds.
  path: Assets/_Assets/Audios/0_Coin 2.wav
  artifactKey: Guid(f8d04153859db964e905f6786cf9b7f8) Importer(2089858483,934ff659095e30574adcf32a4c2f97b5)
Start importing Assets/_Assets/Audios/0_Coin 2.wav using Guid(f8d04153859db964e905f6786cf9b7f8) Importer(2089858483,934ff659095e30574adcf32a4c2f97b5) (ScriptedImporter) -> (artifact id: '209d82c54c06eb594b8dea5e00437fbc') in 0.0561307 seconds
Number of updated asset objects reloaded before import = 0Number of asset objects unloaded after import = 1

========================================================================
Received Import Request.
  Time since last request: 0.000142 seconds.
  path: Assets/_Assets/Custome Assets/New Blue Egg Cracked.png
  artifactKey: Guid(79739585e70d0c846b43882a7a132c3b) Importer(2089858483,934ff659095e30574adcf32a4c2f97b5)
Start importing Assets/_Assets/Custome Assets/New Blue Egg Cracked.png using Guid(79739585e70d0c846b43882a7a132c3b) Importer(2089858483,934ff659095e30574adcf32a4c2f97b5) (ScriptedImporter) -> (artifact id: 'db733b3e12fb365e3c4374f52a3c22f6') in 0.0424074 seconds
Number of updated asset objects reloaded before import = 0Number of asset objects unloaded after import = 2

========================================================================
Received Import Request.
  Time since last request: 0.000031 seconds.
  path: Assets/TextMesh Pro/Shaders/TMP_SDF-HDRP LIT.shadergraph
  artifactKey: Guid(ca2ed216f98028c4dae6c5224a952b3c) Importer(2089858483,934ff659095e30574adcf32a4c2f97b5)
Start importing Assets/TextMesh Pro/Shaders/TMP_SDF-HDRP LIT.shadergraph using Guid(ca2ed216f98028c4dae6c5224a952b3c) Importer(2089858483,934ff659095e30574adcf32a4c2f97b5) (ScriptedImporter) -> (artifact id: '707b71eab1652f82b2e3e55578f2d368') in 0.0412243 seconds
Number of updated asset objects reloaded before import = 0Number of asset objects unloaded after import = 3

========================================================================
Received Import Request.
  Time since last request: 0.000032 seconds.
  path: Assets/Scenes/Levels/Level 61.unity
  artifactKey: Guid(e520e81b972fd344e9adbadf7ba1c77d) Importer(2089858483,934ff659095e30574adcf32a4c2f97b5)
Start importing Assets/Scenes/Levels/Level 61.unity using Guid(e520e81b972fd344e9adbadf7ba1c77d) Importer(2089858483,934ff659095e30574adcf32a4c2f97b5) (ScriptedImporter) -> (artifact id: '6bdfc4063e0e08eac2eb3381c91fd723') in 0.0400209 seconds
Number of updated asset objects reloaded before import = 0Number of asset objects unloaded after import = 1

========================================================================
Received Import Request.
  Time since last request: 0.000039 seconds.
  path: Assets/_Assets/Custome Assets/New Red Bowl Top.png
  artifactKey: Guid(53c3286e2c25b9b4ca30784c9f4a67ad) Importer(2089858483,934ff659095e30574adcf32a4c2f97b5)
Start importing Assets/_Assets/Custome Assets/New Red Bowl Top.png using Guid(53c3286e2c25b9b4ca30784c9f4a67ad) Importer(2089858483,934ff659095e30574adcf32a4c2f97b5) (ScriptedImporter) -> (artifact id: '2a1d15d273321bb755277ff1a9de7fec') in 0.0421385 seconds
Number of updated asset objects reloaded before import = 0Number of asset objects unloaded after import = 2

========================================================================
Received Import Request.
  Time since last request: 0.000064 seconds.
  path: Assets/_Assets/Custome Assets/New Red Egg Cracked.png
  artifactKey: Guid(a7489a606c0a57f4882efff9cd3cd062) Importer(2089858483,934ff659095e30574adcf32a4c2f97b5)
Start importing Assets/_Assets/Custome Assets/New Red Egg Cracked.png using Guid(a7489a606c0a57f4882efff9cd3cd062) Importer(2089858483,934ff659095e30574adcf32a4c2f97b5) (ScriptedImporter) -> (artifact id: '1ef36df99629f1246767e890b02f26b5') in 0.0410285 seconds
Number of updated asset objects reloaded before import = 0Number of asset objects unloaded after import = 2

========================================================================
Received Import Request.
  Time since last request: 0.000042 seconds.
  path: Assets/_Assets/Custome Assets/New Red Bowl Bottom.png
  artifactKey: Guid(08ace383465019a42afd8fd88bfc510e) Importer(2089858483,934ff659095e30574adcf32a4c2f97b5)
Start importing Assets/_Assets/Custome Assets/New Red Bowl Bottom.png using Guid(08ace383465019a42afd8fd88bfc510e) Importer(2089858483,934ff659095e30574adcf32a4c2f97b5) (ScriptedImporter) -> (artifact id: '95d04f5daca637a2e35e9ce4059dc99e') in 0.0378536 seconds
Number of updated asset objects reloaded before import = 0Number of asset objects unloaded after import = 2

========================================================================
Received Import Request.
  Time since last request: 0.000175 seconds.
  path: Assets/_Assets/Materials/Cicle.mat
  artifactKey: Guid(f39d325a46314a24c919622097b79208) Importer(2089858483,934ff659095e30574adcf32a4c2f97b5)
Start importing Assets/_Assets/Materials/Cicle.mat using Guid(f39d325a46314a24c919622097b79208) Importer(2089858483,934ff659095e30574adcf32a4c2f97b5) (ScriptedImporter) -> (artifact id: '2506f255c07394f11e89705747654647') in 0.031506 seconds
Number of updated asset objects reloaded before import = 0Number of asset objects unloaded after import = 1

========================================================================
Received Import Request.
  Time since last request: 0.000039 seconds.
  path: Assets/_Assets/Materials/Egg Friciton.physicsMaterial2D
  artifactKey: Guid(b56c238a2a01c6e47b674eb62e109350) Importer(2089858483,934ff659095e30574adcf32a4c2f97b5)
Start importing Assets/_Assets/Materials/Egg Friciton.physicsMaterial2D using Guid(b56c238a2a01c6e47b674eb62e109350) Importer(2089858483,934ff659095e30574adcf32a4c2f97b5) (ScriptedImporter) -> (artifact id: 'd88227388414ac20bd30782fdea9f043') in 0.0368369 seconds
Number of updated asset objects reloaded before import = 0Number of asset objects unloaded after import = 1

========================================================================
Received Import Request.
  Time since last request: 0.000062 seconds.
  path: Assets/TextMesh Pro/Shaders/TMP_SDF-Mobile-2-Pass.shader
  artifactKey: Guid(0178fcb869bafef4690d177d31d17db8) Importer(2089858483,934ff659095e30574adcf32a4c2f97b5)
Start importing Assets/TextMesh Pro/Shaders/TMP_SDF-Mobile-2-Pass.shader using Guid(0178fcb869bafef4690d177d31d17db8) Importer(2089858483,934ff659095e30574adcf32a4c2f97b5) (ScriptedImporter) -> (artifact id: '0bbf0ac03f67d507663f572f648de595') in 0.0306344 seconds
Number of updated asset objects reloaded before import = 0Number of asset objects unloaded after import = 1

========================================================================
Received Import Request.
  Time since last request: 0.000039 seconds.
  path: Assets/LunarConsole/Scripts/LunarConsole.prefab
  artifactKey: Guid(6d0acc00cc82d436b9d11446d2ddfef6) Importer(2089858483,934ff659095e30574adcf32a4c2f97b5)
Start importing Assets/LunarConsole/Scripts/LunarConsole.prefab using Guid(6d0acc00cc82d436b9d11446d2ddfef6) Importer(2089858483,934ff659095e30574adcf32a4c2f97b5) (ScriptedImporter) -> (artifact id: '621d32ed38db8fe2d415caabde1a5f69') in 0.0527222 seconds
Number of updated asset objects reloaded before import = 0Number of asset objects unloaded after import = 5

========================================================================
Received Import Request.
  Time since last request: 0.000041 seconds.
  path: Assets/Lean/Third-Party Notices.txt
  artifactKey: Guid(0e61dc046618c394d8d69f70fda62ce1) Importer(2089858483,934ff659095e30574adcf32a4c2f97b5)
Start importing Assets/Lean/Third-Party Notices.txt using Guid(0e61dc046618c394d8d69f70fda62ce1) Importer(2089858483,934ff659095e30574adcf32a4c2f97b5) (ScriptedImporter) -> (artifact id: '9fbc4ec0d40324a0ae0b430bb01ec118') in 0.0284264 seconds
Number of updated asset objects reloaded before import = 0Number of asset objects unloaded after import = 1

========================================================================
Received Import Request.
  Time since last request: 0.000083 seconds.
  path: Assets/AddressableAssetsData/AssetGroups/Schemas/Default Local Group_BundledAssetGroupSchema.asset
  artifactKey: Guid(28cbdc04040b8af4aa4336c24dcab2db) Importer(2089858483,934ff659095e30574adcf32a4c2f97b5)
Start importing Assets/AddressableAssetsData/AssetGroups/Schemas/Default Local Group_BundledAssetGroupSchema.asset using Guid(28cbdc04040b8af4aa4336c24dcab2db) Importer(2089858483,934ff659095e30574adcf32a4c2f97b5) (ScriptedImporter) -> (artifact id: 'da811e20e033fa231893dfe38826eac3') in 0.0281196 seconds
Number of updated asset objects reloaded before import = 0Number of asset objects unloaded after import = 1

========================================================================
Received Import Request.
  Time since last request: 0.000058 seconds.
  path: Assets/AddressableAssetsData/AssetGroups/Schemas/Localization-String-Tables-English (United Kingdom) (en-GB)_ContentUpdateGroupSchema.asset
  artifactKey: Guid(3671d0374368ac546a6e9b24e712d3f6) Importer(2089858483,934ff659095e30574adcf32a4c2f97b5)
Start importing Assets/AddressableAssetsData/AssetGroups/Schemas/Localization-String-Tables-English (United Kingdom) (en-GB)_ContentUpdateGroupSchema.asset using Guid(3671d0374368ac546a6e9b24e712d3f6) Importer(2089858483,934ff659095e30574adcf32a4c2f97b5) (ScriptedImporter) -> (artifact id: 'e52fcbaf0a3c65944344abab187efcf6') in 0.0387663 seconds
Number of updated asset objects reloaded before import = 0Number of asset objects unloaded after import = 1

========================================================================
Received Import Request.
  Time since last request: 0.000048 seconds.
  path: Assets/AddressableAssetsData/AssetGroups/Schemas/Localization-Locales_BundledAssetGroupSchema.asset
  artifactKey: Guid(b0c1501eeb56d63428693efb4427cb5c) Importer(2089858483,934ff659095e30574adcf32a4c2f97b5)
Start importing Assets/AddressableAssetsData/AssetGroups/Schemas/Localization-Locales_BundledAssetGroupSchema.asset using Guid(b0c1501eeb56d63428693efb4427cb5c) Importer(2089858483,934ff659095e30574adcf32a4c2f97b5) (ScriptedImporter) -> (artifact id: 'd6bce428e76ac7b6fd620b33d4afa4b9') in 0.0325009 seconds
Number of updated asset objects reloaded before import = 0Number of asset objects unloaded after import = 1

========================================================================
Received Import Request.
  Time since last request: 0.000035 seconds.
  path: Assets/AddressableAssetsData/AssetGroups/Schemas/Default Local Group_ContentUpdateGroupSchema.asset
  artifactKey: Guid(1dcc1337df213e14f8dc3aceccc678b2) Importer(2089858483,934ff659095e30574adcf32a4c2f97b5)
Start importing Assets/AddressableAssetsData/AssetGroups/Schemas/Default Local Group_ContentUpdateGroupSchema.asset using Guid(1dcc1337df213e14f8dc3aceccc678b2) Importer(2089858483,934ff659095e30574adcf32a4c2f97b5) (ScriptedImporter) -> (artifact id: '82dcde92e85c88f60b95617846f222ea') in 0.0330573 seconds
Number of updated asset objects reloaded before import = 0Number of asset objects unloaded after import = 1

========================================================================
Received Import Request.
  Time since last request: 0.000057 seconds.
  path: Assets/_Assets/Scriptable Objects/Settings Data.asset
  artifactKey: Guid(232ae955eae6ace47b83696860c0baac) Importer(2089858483,934ff659095e30574adcf32a4c2f97b5)
Start importing Assets/_Assets/Scriptable Objects/Settings Data.asset using Guid(232ae955eae6ace47b83696860c0baac) Importer(2089858483,934ff659095e30574adcf32a4c2f97b5) (ScriptedImporter) -> (artifact id: '89e1b1c193536b249c56aadd86bdadf9') in 0.0354405 seconds
Number of updated asset objects reloaded before import = 0Number of asset objects unloaded after import = 1

========================================================================
Received Import Request.
  Time since last request: 0.000077 seconds.
  path: Assets/AddressableAssetsData/AssetGroups/Schemas/Localization-String-Tables-English (United Kingdom) (en-GB)_BundledAssetGroupSchema.asset
  artifactKey: Guid(192d441dc0542e24fb983e24b15dd125) Importer(2089858483,934ff659095e30574adcf32a4c2f97b5)
Start importing Assets/AddressableAssetsData/AssetGroups/Schemas/Localization-String-Tables-English (United Kingdom) (en-GB)_BundledAssetGroupSchema.asset using Guid(192d441dc0542e24fb983e24b15dd125) Importer(2089858483,934ff659095e30574adcf32a4c2f97b5) (ScriptedImporter) -> (artifact id: '6fd647902e332e5e2ed9bd66ae1e2c41') in 0.0331232 seconds
Number of updated asset objects reloaded before import = 0Number of asset objects unloaded after import = 1

========================================================================
Received Import Request.
  Time since last request: 0.000042 seconds.
  path: Assets/_Assets/Materials/Falling Leaves.mat
  artifactKey: Guid(ae033472c45afb845b7cf676a1f7bfb4) Importer(2089858483,934ff659095e30574adcf32a4c2f97b5)
Start importing Assets/_Assets/Materials/Falling Leaves.mat using Guid(ae033472c45afb845b7cf676a1f7bfb4) Importer(2089858483,934ff659095e30574adcf32a4c2f97b5) (ScriptedImporter) -> (artifact id: '706b710d422d2856b700749d7946ae80') in 0.0381997 seconds
Number of updated asset objects reloaded before import = 0Number of asset objects unloaded after import = 1

========================================================================
Received Import Request.
  Time since last request: 0.000043 seconds.
  path: Assets/AddressableAssetsData/DataBuilders/BuildScriptFastMode.asset
  artifactKey: Guid(f614bc0e02d85b744a7fbcf36e395fee) Importer(2089858483,934ff659095e30574adcf32a4c2f97b5)
Start importing Assets/AddressableAssetsData/DataBuilders/BuildScriptFastMode.asset using Guid(f614bc0e02d85b744a7fbcf36e395fee) Importer(2089858483,934ff659095e30574adcf32a4c2f97b5) (ScriptedImporter) -> (artifact id: '9742015dec860e08713a90dee2e737f2') in 0.0415719 seconds
Number of updated asset objects reloaded before import = 0Number of asset objects unloaded after import = 1

========================================================================
Received Import Request.
  Time since last request: 0.000033 seconds.
  path: Assets/Lean/Common/Documentation/Documentation.html
  artifactKey: Guid(343b9ec9f5c2b3a43b6e4cd68f5286ca) Importer(2089858483,934ff659095e30574adcf32a4c2f97b5)
Start importing Assets/Lean/Common/Documentation/Documentation.html using Guid(343b9ec9f5c2b3a43b6e4cd68f5286ca) Importer(2089858483,934ff659095e30574adcf32a4c2f97b5) (ScriptedImporter) -> (artifact id: '338c750ce513b6d02fa7f9ac04f285e3') in 0.036369 seconds
Number of updated asset objects reloaded before import = 0Number of asset objects unloaded after import = 1

========================================================================
Received Import Request.
  Time since last request: 0.000056 seconds.
  path: Assets/AddressableAssetsData/AssetGroups/Schemas/Localization-String-Tables-Hindi (India) (hi-IN)_ContentUpdateGroupSchema.asset
  artifactKey: Guid(e03230292f3d5ce4f83645988c4670ba) Importer(2089858483,934ff659095e30574adcf32a4c2f97b5)
Start importing Assets/AddressableAssetsData/AssetGroups/Schemas/Localization-String-Tables-Hindi (India) (hi-IN)_ContentUpdateGroupSchema.asset using Guid(e03230292f3d5ce4f83645988c4670ba) Importer(2089858483,934ff659095e30574adcf32a4c2f97b5) (ScriptedImporter) -> (artifact id: '77f96eca505f5c7ae649e4d95722945f') in 0.0408796 seconds
Number of updated asset objects reloaded before import = 0Number of asset objects unloaded after import = 1

========================================================================
Received Import Request.
  Time since last request: 0.000032 seconds.
  path: Assets/AddressableAssetsData/AssetGroups/Schemas/Localization-String-Tables-Hindi (India) (hi-IN)_BundledAssetGroupSchema.asset
  artifactKey: Guid(166c8500056540d408af8027ad0c73da) Importer(2089858483,934ff659095e30574adcf32a4c2f97b5)
Start importing Assets/AddressableAssetsData/AssetGroups/Schemas/Localization-String-Tables-Hindi (India) (hi-IN)_BundledAssetGroupSchema.asset using Guid(166c8500056540d408af8027ad0c73da) Importer(2089858483,934ff659095e30574adcf32a4c2f97b5) (ScriptedImporter) -> (artifact id: '0541960fd997b00ccee79329639abdd1') in 0.0312855 seconds
Number of updated asset objects reloaded before import = 0Number of asset objects unloaded after import = 1

========================================================================
Received Import Request.
  Time since last request: 0.000030 seconds.
  path: Assets/Lean/Common/Documentation/LeanGuide.cs
  artifactKey: Guid(65f14352023e7024bbd09d26a3e8379e) Importer(2089858483,934ff659095e30574adcf32a4c2f97b5)
Start importing Assets/Lean/Common/Documentation/LeanGuide.cs using Guid(65f14352023e7024bbd09d26a3e8379e) Importer(2089858483,934ff659095e30574adcf32a4c2f97b5) (ScriptedImporter) -> (artifact id: '5e38e6dc34ab57270a971618c98ac390') in 0.0310359 seconds
Number of updated asset objects reloaded before import = 0Number of asset objects unloaded after import = 0

========================================================================
Received Import Request.
  Time since last request: 0.000036 seconds.
  path: Assets/AddressableAssetsData/AssetGroups/Schemas/Localization-String-Tables-Hindi (hi)_BundledAssetGroupSchema.asset
  artifactKey: Guid(d49eef263b679f64daa9199bfca9a353) Importer(2089858483,934ff659095e30574adcf32a4c2f97b5)
Start importing Assets/AddressableAssetsData/AssetGroups/Schemas/Localization-String-Tables-Hindi (hi)_BundledAssetGroupSchema.asset using Guid(d49eef263b679f64daa9199bfca9a353) Importer(2089858483,934ff659095e30574adcf32a4c2f97b5) (ScriptedImporter) -> (artifact id: 'cbefc43fefb8a665128d0f42094a0ad8') in 0.0238691 seconds
Number of updated asset objects reloaded before import = 0Number of asset objects unloaded after import = 1

========================================================================
Received Import Request.
  Time since last request: 0.000066 seconds.
  path: Assets/Lean/Common/Extras/LeanSelect.cs
  artifactKey: Guid(d63d4be4bed5744479160ea1148b5821) Importer(2089858483,934ff659095e30574adcf32a4c2f97b5)
Start importing Assets/Lean/Common/Extras/LeanSelect.cs using Guid(d63d4be4bed5744479160ea1148b5821) Importer(2089858483,934ff659095e30574adcf32a4c2f97b5) (ScriptedImporter) -> (artifact id: 'dcb81baeadd2c58c220f985c36a44eb8') in 0.032929 seconds
Number of updated asset objects reloaded before import = 0Number of asset objects unloaded after import = 0

========================================================================
Received Import Request.
  Time since last request: 0.000026 seconds.
  path: Assets/AddressableAssetsData/AssetGroups/Schemas/Localization-String-Tables-Spanish (Mexico) (es-MX)_BundledAssetGroupSchema.asset
  artifactKey: Guid(aff789425db99354e9a90b3d02ba7dfa) Importer(2089858483,934ff659095e30574adcf32a4c2f97b5)
Start importing Assets/AddressableAssetsData/AssetGroups/Schemas/Localization-String-Tables-Spanish (Mexico) (es-MX)_BundledAssetGroupSchema.asset using Guid(aff789425db99354e9a90b3d02ba7dfa) Importer(2089858483,934ff659095e30574adcf32a4c2f97b5) (ScriptedImporter) -> (artifact id: '3f6f9952c318d51a9bb7008950d7b4f8') in 0.0393605 seconds
Number of updated asset objects reloaded before import = 0Number of asset objects unloaded after import = 1

========================================================================
Received Import Request.
  Time since last request: 0.000044 seconds.
  path: Assets/Lean/Common/Scripts/LeanHelper.cs
  artifactKey: Guid(74ff7c06330793042a1bb0a7fc0accb5) Importer(2089858483,934ff659095e30574adcf32a4c2f97b5)
Start importing Assets/Lean/Common/Scripts/LeanHelper.cs using Guid(74ff7c06330793042a1bb0a7fc0accb5) Importer(2089858483,934ff659095e30574adcf32a4c2f97b5) (ScriptedImporter) -> (artifact id: 'dc06acf6ac3e790169390527bb9553b0') in 0.0228797 seconds
Number of updated asset objects reloaded before import = 0Number of asset objects unloaded after import = 0

========================================================================
Received Import Request.
  Time since last request: 0.000118 seconds.
  path: Assets/Lean/Localization/Examples/02 Phrase.unity
  artifactKey: Guid(5b95476ffbccd1946b71c04e2a987e17) Importer(2089858483,934ff659095e30574adcf32a4c2f97b5)
Start importing Assets/Lean/Localization/Examples/02 Phrase.unity using Guid(5b95476ffbccd1946b71c04e2a987e17) Importer(2089858483,934ff659095e30574adcf32a4c2f97b5) (ScriptedImporter) -> (artifact id: '6666d49b1dbdc760b0825391226139bc') in 0.0265226 seconds
Number of updated asset objects reloaded before import = 0Number of asset objects unloaded after import = 1

========================================================================
Received Import Request.
  Time since last request: 0.000056 seconds.
  path: Assets/_Assets/Custome Assets/New Green Egg.png
  artifactKey: Guid(7675c6095f5307143a3b2c06cd37da9c) Importer(2089858483,934ff659095e30574adcf32a4c2f97b5)
Start importing Assets/_Assets/Custome Assets/New Green Egg.png using Guid(7675c6095f5307143a3b2c06cd37da9c) Importer(2089858483,934ff659095e30574adcf32a4c2f97b5) (ScriptedImporter) -> (artifact id: '381f9aa969b2832b510b2941d5c71641') in 0.0426888 seconds
Number of updated asset objects reloaded before import = 0Number of asset objects unloaded after import = 2

========================================================================
Received Import Request.
  Time since last request: 0.000036 seconds.
  path: Assets/Scenes/Levels/Level 47.unity
  artifactKey: Guid(288fd8a196279a541ac41df167b84af5) Importer(2089858483,934ff659095e30574adcf32a4c2f97b5)
Start importing Assets/Scenes/Levels/Level 47.unity using Guid(288fd8a196279a541ac41df167b84af5) Importer(2089858483,934ff659095e30574adcf32a4c2f97b5) (ScriptedImporter) -> (artifact id: '0ba442d818bc2ac91844b11bf73ef2fb') in 0.0582146 seconds
Number of updated asset objects reloaded before import = 0Number of asset objects unloaded after import = 1

========================================================================
Received Import Request.
  Time since last request: 0.000091 seconds.
  path: Assets/Scenes/Levels/Level 25.unity
  artifactKey: Guid(55d9f6bb367829b4b905278599a97a13) Importer(2089858483,934ff659095e30574adcf32a4c2f97b5)
Start importing Assets/Scenes/Levels/Level 25.unity using Guid(55d9f6bb367829b4b905278599a97a13) Importer(2089858483,934ff659095e30574adcf32a4c2f97b5) (ScriptedImporter) -> (artifact id: '693ea71e110f060c257314d718a07a29') in 0.0292637 seconds
Number of updated asset objects reloaded before import = 0Number of asset objects unloaded after import = 1

========================================================================
Received Import Request.
  Time since last request: 0.000041 seconds.
  path: Assets/Scenes/Levels/Level 64.unity
  artifactKey: Guid(fcccf03ed8df97e4499d14a0c748ee74) Importer(2089858483,934ff659095e30574adcf32a4c2f97b5)
Start importing Assets/Scenes/Levels/Level 64.unity using Guid(fcccf03ed8df97e4499d14a0c748ee74) Importer(2089858483,934ff659095e30574adcf32a4c2f97b5) (ScriptedImporter) -> (artifact id: 'ec693945bdb1bba74b719a49f25b1144') in 0.0454987 seconds
Number of updated asset objects reloaded before import = 0Number of asset objects unloaded after import = 1

========================================================================
Received Import Request.
  Time since last request: 0.000038 seconds.
  path: Assets/Scenes/Levels/Level 7.unity
  artifactKey: Guid(79a2ac8bef115f54fbe89fd29bef0fa3) Importer(2089858483,934ff659095e30574adcf32a4c2f97b5)
Start importing Assets/Scenes/Levels/Level 7.unity using Guid(79a2ac8bef115f54fbe89fd29bef0fa3) Importer(2089858483,934ff659095e30574adcf32a4c2f97b5) (ScriptedImporter) -> (artifact id: '112fa038a5e94187ce0d0672966f17d0') in 0.040056 seconds
Number of updated asset objects reloaded before import = 0Number of asset objects unloaded after import = 1

========================================================================
Received Import Request.
  Time since last request: 0.000046 seconds.
  path: Assets/Lean/Localization/Examples/10 Organization.unity
  artifactKey: Guid(97f494be067d71f40997356698708501) Importer(2089858483,934ff659095e30574adcf32a4c2f97b5)
Start importing Assets/Lean/Localization/Examples/10 Organization.unity using Guid(97f494be067d71f40997356698708501) Importer(2089858483,934ff659095e30574adcf32a4c2f97b5) (ScriptedImporter) -> (artifact id: '53f206b6098c149011df5eebe2bb43f8') in 0.0362351 seconds
Number of updated asset objects reloaded before import = 0Number of asset objects unloaded after import = 1

========================================================================
Received Import Request.
  Time since last request: 0.000052 seconds.
  path: Assets/Lean/Localization/Languages/French.prefab
  artifactKey: Guid(3ac841b7dad7d0a45bd0e21e9da426a1) Importer(2089858483,934ff659095e30574adcf32a4c2f97b5)
Start importing Assets/Lean/Localization/Languages/French.prefab using Guid(3ac841b7dad7d0a45bd0e21e9da426a1) Importer(2089858483,934ff659095e30574adcf32a4c2f97b5) (ScriptedImporter) -> (artifact id: '267b370fc4b4229c3d70e47fab0a2bc3') in 0.0365378 seconds
Number of updated asset objects reloaded before import = 0Number of asset objects unloaded after import = 5

========================================================================
Received Import Request.
  Time since last request: 0.000184 seconds.
  path: Assets/Scenes/Levels/Level 82.unity
  artifactKey: Guid(4b7652a53b8e5e14f88929ef2aa6baac) Importer(2089858483,934ff659095e30574adcf32a4c2f97b5)
Start importing Assets/Scenes/Levels/Level 82.unity using Guid(4b7652a53b8e5e14f88929ef2aa6baac) Importer(2089858483,934ff659095e30574adcf32a4c2f97b5) (ScriptedImporter) -> (artifact id: '1fc15eb6f0da069091716333009fcf62') in 0.0324378 seconds
Number of updated asset objects reloaded before import = 0Number of asset objects unloaded after import = 1

========================================================================
Received Import Request.
  Time since last request: 0.000051 seconds.
  path: Assets/_Assets/Custome Assets/New Green Bowl Bottom.png
  artifactKey: Guid(f0925e6775cad6f4797bd829af16ab39) Importer(2089858483,934ff659095e30574adcf32a4c2f97b5)
Start importing Assets/_Assets/Custome Assets/New Green Bowl Bottom.png using Guid(f0925e6775cad6f4797bd829af16ab39) Importer(2089858483,934ff659095e30574adcf32a4c2f97b5) (ScriptedImporter) -> (artifact id: '33d10e10d7660b58ca009ac54d191043') in 0.0412299 seconds
Number of updated asset objects reloaded before import = 0Number of asset objects unloaded after import = 2

========================================================================
Received Import Request.
  Time since last request: 0.000030 seconds.
  path: Assets/TextMesh Pro/Shaders/TMP_SDF-Mobile SSD.shader
  artifactKey: Guid(c8d12adcee749c344b8117cf7c7eb912) Importer(2089858483,934ff659095e30574adcf32a4c2f97b5)
Start importing Assets/TextMesh Pro/Shaders/TMP_SDF-Mobile SSD.shader using Guid(c8d12adcee749c344b8117cf7c7eb912) Importer(2089858483,934ff659095e30574adcf32a4c2f97b5) (ScriptedImporter) -> (artifact id: 'b3d191f9fa037916ba7bb88eb1a9fc81') in 0.0267788 seconds
Number of updated asset objects reloaded before import = 0Number of asset objects unloaded after import = 1

========================================================================
Received Import Request.
  Time since last request: 0.000092 seconds.
  path: Assets/_Assets/Custome Assets/New Red Egg.png
  artifactKey: Guid(ba2d8e424ef48894091918476c8a0955) Importer(2089858483,934ff659095e30574adcf32a4c2f97b5)
Start importing Assets/_Assets/Custome Assets/New Red Egg.png using Guid(ba2d8e424ef48894091918476c8a0955) Importer(2089858483,934ff659095e30574adcf32a4c2f97b5) (ScriptedImporter) -> (artifact id: '16e0371e50a8a65cc0804f6a74502869') in 0.041839 seconds
Number of updated asset objects reloaded before import = 0Number of asset objects unloaded after import = 2

========================================================================
Received Import Request.
  Time since last request: 0.000049 seconds.
  path: Assets/Lean/Localization/Scripts/LeanLanguageNameAttribute.cs
  artifactKey: Guid(d7c5bcbe9b4b15742a9a64d98f3f8305) Importer(2089858483,934ff659095e30574adcf32a4c2f97b5)
Start importing Assets/Lean/Localization/Scripts/LeanLanguageNameAttribute.cs using Guid(d7c5bcbe9b4b15742a9a64d98f3f8305) Importer(2089858483,934ff659095e30574adcf32a4c2f97b5) (ScriptedImporter) -> (artifact id: 'c0d2b9e0da87897cb4c1775dd9032d7a') in 0.0334335 seconds
Number of updated asset objects reloaded before import = 0Number of asset objects unloaded after import = 0

========================================================================
Received Import Request.
  Time since last request: 0.000056 seconds.
  path: Assets/Scenes/Levels/Level 27.unity
  artifactKey: Guid(efb9c54fcb9d4f843996336b58c51609) Importer(2089858483,934ff659095e30574adcf32a4c2f97b5)
Start importing Assets/Scenes/Levels/Level 27.unity using Guid(efb9c54fcb9d4f843996336b58c51609) Importer(2089858483,934ff659095e30574adcf32a4c2f97b5) (ScriptedImporter) -> (artifact id: '45abae32520a32fc2b97ce2eab34958a') in 0.0406755 seconds
Number of updated asset objects reloaded before import = 0Number of asset objects unloaded after import = 1

========================================================================
Received Import Request.
  Time since last request: 0.000076 seconds.
  path: Assets/Scenes/Levels/Level 57.unity
  artifactKey: Guid(241891ebbc5f9434a9e28d23c24c63e8) Importer(2089858483,934ff659095e30574adcf32a4c2f97b5)
Start importing Assets/Scenes/Levels/Level 57.unity using Guid(241891ebbc5f9434a9e28d23c24c63e8) Importer(2089858483,934ff659095e30574adcf32a4c2f97b5) (ScriptedImporter) -> (artifact id: '8acd5300541327db9103e5a69cd0c9c5') in 0.0473965 seconds
Number of updated asset objects reloaded before import = 0Number of asset objects unloaded after import = 1

========================================================================
Received Import Request.
  Time since last request: 0.000035 seconds.
  path: Assets/Scenes/Levels/Level 39.unity
  artifactKey: Guid(189e9c767928dfd4892e16417fdc533f) Importer(2089858483,934ff659095e30574adcf32a4c2f97b5)
Start importing Assets/Scenes/Levels/Level 39.unity using Guid(189e9c767928dfd4892e16417fdc533f) Importer(2089858483,934ff659095e30574adcf32a4c2f97b5) (ScriptedImporter) -> (artifact id: '5d88d2b1cf0ee1c70a4ecd6b22331f26') in 0.1232005 seconds
Number of updated asset objects reloaded before import = 0Number of asset objects unloaded after import = 1

========================================================================
Received Import Request.
  Time since last request: 0.017744 seconds.
  path: Assets/LunarConsole/Editor/Automation/enable_lunar_console.sh
  artifactKey: Guid(41fd244c4e8914afb8cd8f46d201fe1c) Importer(2089858483,934ff659095e30574adcf32a4c2f97b5)
Start importing Assets/LunarConsole/Editor/Automation/enable_lunar_console.sh using Guid(41fd244c4e8914afb8cd8f46d201fe1c) Importer(2089858483,934ff659095e30574adcf32a4c2f97b5) (ScriptedImporter) -> (artifact id: 'c15b0183b56acf70fae5fa0929ca2fde') in 0.0470725 seconds
Number of updated asset objects reloaded before import = 0Number of asset objects unloaded after import = 1

========================================================================
Received Import Request.
  Time since last request: 0.000027 seconds.
  path: Assets/Lean/Localization/Scripts/LeanLocalToken.cs
  artifactKey: Guid(745231fbdbf586e4298534ca1ae2f92d) Importer(2089858483,934ff659095e30574adcf32a4c2f97b5)
Start importing Assets/Lean/Localization/Scripts/LeanLocalToken.cs using Guid(745231fbdbf586e4298534ca1ae2f92d) Importer(2089858483,934ff659095e30574adcf32a4c2f97b5) (ScriptedImporter) -> (artifact id: '9ab2a6ca41359799854fbf1dae44b73f') in 0.0750992 seconds
Number of updated asset objects reloaded before import = 0Number of asset objects unloaded after import = 0

========================================================================
Received Import Request.
  Time since last request: 0.036445 seconds.
  path: Assets/LunarConsole/Editor/iOS/Lunar.projmods
  artifactKey: Guid(db8a22dd0feb84c5ba14ad9d05cdc3f1) Importer(2089858483,934ff659095e30574adcf32a4c2f97b5)
Start importing Assets/LunarConsole/Editor/iOS/Lunar.projmods using Guid(db8a22dd0feb84c5ba14ad9d05cdc3f1) Importer(2089858483,934ff659095e30574adcf32a4c2f97b5) (ScriptedImporter) -> (artifact id: '7e5b6dd0fe284955e4c88a725b7c78e1') in 0.0559804 seconds
Number of updated asset objects reloaded before import = 0Number of asset objects unloaded after import = 1

========================================================================
Received Import Request.
  Time since last request: 0.000121 seconds.
  path: Assets/Lean/Localization/Examples/01 Localization.unity
  artifactKey: Guid(8a962b27f87d08e46a190c2a75f9a911) Importer(2089858483,934ff659095e30574adcf32a4c2f97b5)
Start importing Assets/Lean/Localization/Examples/01 Localization.unity using Guid(8a962b27f87d08e46a190c2a75f9a911) Importer(2089858483,934ff659095e30574adcf32a4c2f97b5) (ScriptedImporter) -> (artifact id: 'bc5575e9ab80e30145fa685773ea08c0') in 0.0393016 seconds
Number of updated asset objects reloaded before import = 0Number of asset objects unloaded after import = 1

========================================================================
Received Import Request.
  Time since last request: 0.000044 seconds.
  path: Assets/LunarConsole/Scripts/Actions/CVar.cs
  artifactKey: Guid(552d62cbcb69c429c8b15ba021063a93) Importer(2089858483,934ff659095e30574adcf32a4c2f97b5)
Start importing Assets/LunarConsole/Scripts/Actions/CVar.cs using Guid(552d62cbcb69c429c8b15ba021063a93) Importer(2089858483,934ff659095e30574adcf32a4c2f97b5) (ScriptedImporter) -> (artifact id: '835479266fca58e03e1cc018b4ae1ab5') in 0.0310415 seconds
Number of updated asset objects reloaded before import = 0Number of asset objects unloaded after import = 0

========================================================================
Received Import Request.
  Time since last request: 0.000049 seconds.
  path: Assets/AddressableAssetsData/AssetGroups/Schemas/Localization-String-Tables-Spanish (Mexico) (es-MX)_ContentUpdateGroupSchema.asset
  artifactKey: Guid(4d01a9a41d8f6f443a8207c56c1f80c0) Importer(2089858483,934ff659095e30574adcf32a4c2f97b5)
Start importing Assets/AddressableAssetsData/AssetGroups/Schemas/Localization-String-Tables-Spanish (Mexico) (es-MX)_ContentUpdateGroupSchema.asset using Guid(4d01a9a41d8f6f443a8207c56c1f80c0) Importer(2089858483,934ff659095e30574adcf32a4c2f97b5) (ScriptedImporter) -> (artifact id: '1a5dd92a56ebaacb08e48be3595c4894') in 0.0429157 seconds
Number of updated asset objects reloaded before import = 0Number of asset objects unloaded after import = 1

========================================================================
Received Import Request.
  Time since last request: 0.000098 seconds.
  path: Assets/Scenes/Levels/Level 97.unity
  artifactKey: Guid(e97792dd2cb038d4e8a368ffeb901f46) Importer(2089858483,934ff659095e30574adcf32a4c2f97b5)
Start importing Assets/Scenes/Levels/Level 97.unity using Guid(e97792dd2cb038d4e8a368ffeb901f46) Importer(2089858483,934ff659095e30574adcf32a4c2f97b5) (ScriptedImporter) -> (artifact id: '836a9d2c130c2e7f64c498fe47628961') in 0.0327856 seconds
Number of updated asset objects reloaded before import = 0Number of asset objects unloaded after import = 1

========================================================================
Received Import Request.
  Time since last request: 0.000076 seconds.
  path: Assets/Lean/Common/Extras/LeanSpawn.cs
  artifactKey: Guid(3bb775feca211c748b48cd3f9b59a4cf) Importer(2089858483,934ff659095e30574adcf32a4c2f97b5)
Start importing Assets/Lean/Common/Extras/LeanSpawn.cs using Guid(3bb775feca211c748b48cd3f9b59a4cf) Importer(2089858483,934ff659095e30574adcf32a4c2f97b5) (ScriptedImporter) -> (artifact id: '8f0014ba0036fd58a9a63c86aba332b8') in 0.0323902 seconds
Number of updated asset objects reloaded before import = 0Number of asset objects unloaded after import = 0

========================================================================
Received Import Request.
  Time since last request: 0.000051 seconds.
  path: Assets/Lean/Localization/Examples/13 Debug.unity
  artifactKey: Guid(e649adc71337bb947831796eed3eb390) Importer(2089858483,934ff659095e30574adcf32a4c2f97b5)
Start importing Assets/Lean/Localization/Examples/13 Debug.unity using Guid(e649adc71337bb947831796eed3eb390) Importer(2089858483,934ff659095e30574adcf32a4c2f97b5) (ScriptedImporter) -> (artifact id: '7881a9210eb0832eb6c0d53d41b20870') in 0.0323885 seconds
Number of updated asset objects reloaded before import = 0Number of asset objects unloaded after import = 1

========================================================================
Received Import Request.
  Time since last request: 0.000136 seconds.
  path: Assets/Lean/Localization/Examples/03 Text.unity
  artifactKey: Guid(9a10fc8abd4f7194c9aefa85387d1d2c) Importer(2089858483,934ff659095e30574adcf32a4c2f97b5)
Start importing Assets/Lean/Localization/Examples/03 Text.unity using Guid(9a10fc8abd4f7194c9aefa85387d1d2c) Importer(2089858483,934ff659095e30574adcf32a4c2f97b5) (ScriptedImporter) -> (artifact id: '9b8c88401ebd9b30f23185947df5e7ea') in 0.0363505 seconds
Number of updated asset objects reloaded before import = 0Number of asset objects unloaded after import = 1

========================================================================
Received Import Request.
  Time since last request: 0.000108 seconds.
  path: Assets/_Assets/Prefab/Game Data/Game Data.prefab
  artifactKey: Guid(38718ad38ae152847a4b29a98c00ea09) Importer(2089858483,934ff659095e30574adcf32a4c2f97b5)
Start importing Assets/_Assets/Prefab/Game Data/Game Data.prefab using Guid(38718ad38ae152847a4b29a98c00ea09) Importer(2089858483,934ff659095e30574adcf32a4c2f97b5) (ScriptedImporter) -> (artifact id: '7706adf0f7a0e9f6a3914abcb3858955') in 0.4586433 seconds
Number of updated asset objects reloaded before import = 0Number of asset objects unloaded after import = 706

========================================================================
Received Import Request.
  Time since last request: 0.000058 seconds.
  path: Assets/_Assets/Fonts/Londrina_Solid/LondrinaSolid-Black.ttf
  artifactKey: Guid(0ad66e9710c7ef247ba0d5b9977c5a6b) Importer(2089858483,934ff659095e30574adcf32a4c2f97b5)
Start importing Assets/_Assets/Fonts/Londrina_Solid/LondrinaSolid-Black.ttf using Guid(0ad66e9710c7ef247ba0d5b9977c5a6b) Importer(2089858483,934ff659095e30574adcf32a4c2f97b5) (ScriptedImporter) -> (artifact id: '89c85ad1b9905936682ba123dd45b0ab') in 0.0378761 seconds
Number of updated asset objects reloaded before import = 0Number of asset objects unloaded after import = 3

========================================================================
Received Import Request.
  Time since last request: 0.000077 seconds.
  path: Assets/Lean/Localization/Examples/08    Local Token.unity
  artifactKey: Guid(8fd142c90e72c5b4b8c5ac9b4d04c7fb) Importer(2089858483,934ff659095e30574adcf32a4c2f97b5)
Start importing Assets/Lean/Localization/Examples/08    Local Token.unity using Guid(8fd142c90e72c5b4b8c5ac9b4d04c7fb) Importer(2089858483,934ff659095e30574adcf32a4c2f97b5) (ScriptedImporter) -> (artifact id: '5033aba0169e262f9d3557acea591c43') in 0.0255148 seconds
Number of updated asset objects reloaded before import = 0Number of asset objects unloaded after import = 1

========================================================================
Received Import Request.
  Time since last request: 0.000030 seconds.
  path: Assets/Lean/Localization/Languages/English.prefab
  artifactKey: Guid(971ef8207f535194faf411d40b27fb77) Importer(2089858483,934ff659095e30574adcf32a4c2f97b5)
Start importing Assets/Lean/Localization/Languages/English.prefab using Guid(971ef8207f535194faf411d40b27fb77) Importer(2089858483,934ff659095e30574adcf32a4c2f97b5) (ScriptedImporter) -> (artifact id: 'd75432b628ce6bfdbe53f2c59ba2fe08') in 0.0254812 seconds
Number of updated asset objects reloaded before import = 0Number of asset objects unloaded after import = 5

========================================================================
Received Import Request.
  Time since last request: 0.000033 seconds.
  path: Assets/Lean/Common/Extras/LeanSelectableSpriteRendererColor.cs
  artifactKey: Guid(a45146ec471801c4dbce44f8dd62608f) Importer(2089858483,934ff659095e30574adcf32a4c2f97b5)
Start importing Assets/Lean/Common/Extras/LeanSelectableSpriteRendererColor.cs using Guid(a45146ec471801c4dbce44f8dd62608f) Importer(2089858483,934ff659095e30574adcf32a4c2f97b5) (ScriptedImporter) -> (artifact id: 'b4e5da655c50a78bbc20cf2354b0eed0') in 0.0217525 seconds
Number of updated asset objects reloaded before import = 0Number of asset objects unloaded after import = 0

========================================================================
Received Import Request.
  Time since last request: 0.000067 seconds.
  path: Assets/Scenes/Levels/Level 81.unity
  artifactKey: Guid(dd66317985fde2a458b612fbfb0ab02b) Importer(2089858483,934ff659095e30574adcf32a4c2f97b5)
Start importing Assets/Scenes/Levels/Level 81.unity using Guid(dd66317985fde2a458b612fbfb0ab02b) Importer(2089858483,934ff659095e30574adcf32a4c2f97b5) (ScriptedImporter) -> (artifact id: 'b4a554b5ed8c76c2e02ad726a7b755e2') in 0.0275573 seconds
Number of updated asset objects reloaded before import = 0Number of asset objects unloaded after import = 1

========================================================================
Received Import Request.
  Time since last request: 0.000074 seconds.
  path: Assets/Lean/Common/Extras/LeanPlane.cs
  artifactKey: Guid(e167f5141e8fbbb429990fdd6dca01c5) Importer(2089858483,934ff659095e30574adcf32a4c2f97b5)
Start importing Assets/Lean/Common/Extras/LeanPlane.cs using Guid(e167f5141e8fbbb429990fdd6dca01c5) Importer(2089858483,934ff659095e30574adcf32a4c2f97b5) (ScriptedImporter) -> (artifact id: 'd8392f03b93cb597789f5de4ef346c2b') in 0.0242165 seconds
Number of updated asset objects reloaded before import = 0Number of asset objects unloaded after import = 0

========================================================================
Received Import Request.
  Time since last request: 0.000043 seconds.
  path: Assets/AddressableAssetsData/AssetGroups/Localization-String-Tables-English (United Kingdom) (en-GB).asset
  artifactKey: Guid(8d64d59fe79eba04383783735acfa74b) Importer(2089858483,934ff659095e30574adcf32a4c2f97b5)
Start importing Assets/AddressableAssetsData/AssetGroups/Localization-String-Tables-English (United Kingdom) (en-GB).asset using Guid(8d64d59fe79eba04383783735acfa74b) Importer(2089858483,934ff659095e30574adcf32a4c2f97b5) (ScriptedImporter) -> (artifact id: 'aee762a8ab3cc4be6dfdbbe427a62927') in 0.0294225 seconds
Number of updated asset objects reloaded before import = 0Number of asset objects unloaded after import = 1

========================================================================
Received Import Request.
  Time since last request: 0.000021 seconds.
  path: Assets/LunarConsole/readme.txt
  artifactKey: Guid(46b886d965cb74cdf9ccdfc0162376e6) Importer(2089858483,934ff659095e30574adcf32a4c2f97b5)
Start importing Assets/LunarConsole/readme.txt using Guid(46b886d965cb74cdf9ccdfc0162376e6) Importer(2089858483,934ff659095e30574adcf32a4c2f97b5) (ScriptedImporter) -> (artifact id: '224c6eb98e6722e297cd0ceb1c2ca120') in 0.0205965 seconds
Number of updated asset objects reloaded before import = 0Number of asset objects unloaded after import = 1

========================================================================
Received Import Request.
  Time since last request: 0.000023 seconds.
  path: Assets/TextMesh Pro/Resources/TMP Settings.asset
  artifactKey: Guid(3f5b5dff67a942289a9defa416b206f3) Importer(2089858483,934ff659095e30574adcf32a4c2f97b5)
Start importing Assets/TextMesh Pro/Resources/TMP Settings.asset using Guid(3f5b5dff67a942289a9defa416b206f3) Importer(2089858483,934ff659095e30574adcf32a4c2f97b5) (ScriptedImporter) -> (artifact id: 'cae44b29209a92fea6108173d0b2fb66') in 0.06179 seconds
Number of updated asset objects reloaded before import = 0Number of asset objects unloaded after import = 15

========================================================================
Received Import Request.
  Time since last request: 0.000025 seconds.
  path: Assets/Lean/Common/GUIDE.asset
  artifactKey: Guid(fee5243b4c3305f4393657b324b1a5c4) Importer(2089858483,934ff659095e30574adcf32a4c2f97b5)
Start importing Assets/Lean/Common/GUIDE.asset using Guid(fee5243b4c3305f4393657b324b1a5c4) Importer(2089858483,934ff659095e30574adcf32a4c2f97b5) (ScriptedImporter) -> (artifact id: '61771bd8a7e4893b22b0a9477bd80f08') in 0.026887 seconds
Number of updated asset objects reloaded before import = 0Number of asset objects unloaded after import = 2

========================================================================
Received Import Request.
  Time since last request: 0.000046 seconds.
  path: Assets/Lean/Common/Extras/LeanSelectableGraphicColor.cs
  artifactKey: Guid(0e3837cd44482a8459c76be5c56a41d3) Importer(2089858483,934ff659095e30574adcf32a4c2f97b5)
Start importing Assets/Lean/Common/Extras/LeanSelectableGraphicColor.cs using Guid(0e3837cd44482a8459c76be5c56a41d3) Importer(2089858483,934ff659095e30574adcf32a4c2f97b5) (ScriptedImporter) -> (artifact id: '49d1f4c56f790981da8b59768cdd2d63') in 0.0281 seconds
Number of updated asset objects reloaded before import = 0Number of asset objects unloaded after import = 0

========================================================================
Received Import Request.
  Time since last request: 0.000039 seconds.
  path: Assets/Scenes/Levels/Level 60.unity
  artifactKey: Guid(30591b2862c5f5e41b5ebd16c0667daf) Importer(2089858483,934ff659095e30574adcf32a4c2f97b5)
Start importing Assets/Scenes/Levels/Level 60.unity using Guid(30591b2862c5f5e41b5ebd16c0667daf) Importer(2089858483,934ff659095e30574adcf32a4c2f97b5) (ScriptedImporter) -> (artifact id: '66499eb945a8385d2eddfe980c031ff5') in 0.0225113 seconds
Number of updated asset objects reloaded before import = 0Number of asset objects unloaded after import = 1

========================================================================
Received Import Request.
  Time since last request: 0.000024 seconds.
  path: Assets/Scenes/Levels/Level 86.unity
  artifactKey: Guid(94a6308739552604cbaca8357fff1dd2) Importer(2089858483,934ff659095e30574adcf32a4c2f97b5)
Start importing Assets/Scenes/Levels/Level 86.unity using Guid(94a6308739552604cbaca8357fff1dd2) Importer(2089858483,934ff659095e30574adcf32a4c2f97b5) (ScriptedImporter) -> (artifact id: 'b4d0c70b3971d8451403097b1548788f') in 0.0212198 seconds
Number of updated asset objects reloaded before import = 0Number of asset objects unloaded after import = 1

========================================================================
Received Import Request.
  Time since last request: 0.000034 seconds.
  path: Assets/Lean/Localization/Examples/09 CSV.unity
  artifactKey: Guid(8166101bdfd7cc7419ee366b7e0c5c68) Importer(2089858483,934ff659095e30574adcf32a4c2f97b5)
Start importing Assets/Lean/Localization/Examples/09 CSV.unity using Guid(8166101bdfd7cc7419ee366b7e0c5c68) Importer(2089858483,934ff659095e30574adcf32a4c2f97b5) (ScriptedImporter) -> (artifact id: '56d30f14a08c48eacc2f500508838f29') in 0.021825 seconds
Number of updated asset objects reloaded before import = 0Number of asset objects unloaded after import = 1

========================================================================
Received Import Request.
  Time since last request: 0.000027 seconds.
  path: Assets/_Assets/Scriptable Objects/Level Data/Level 100.asset
  artifactKey: Guid(1a70b1d6b51948f45b1372309957ce34) Importer(2089858483,934ff659095e30574adcf32a4c2f97b5)
Start importing Assets/_Assets/Scriptable Objects/Level Data/Level 100.asset using Guid(1a70b1d6b51948f45b1372309957ce34) Importer(2089858483,934ff659095e30574adcf32a4c2f97b5) (ScriptedImporter) -> (artifact id: '8288912a317387413f03e4c262ee7739') in 0.046924 seconds
Number of updated asset objects reloaded before import = 0Number of asset objects unloaded after import = 312

========================================================================
Received Import Request.
  Time since last request: 3.013512 seconds.
  path: Assets/_Assets/Scriptable Objects/Level Data/Level 12.asset
  artifactKey: Guid(c22e3a4e27b469a489ed73b9e70634f8) Importer(2089858483,934ff659095e30574adcf32a4c2f97b5)
Start importing Assets/_Assets/Scriptable Objects/Level Data/Level 12.asset using Guid(c22e3a4e27b469a489ed73b9e70634f8) Importer(2089858483,934ff659095e30574adcf32a4c2f97b5) (ScriptedImporter) -> (artifact id: '5ad51f2e411899d1a6c6503bb429c2aa') in 0.0630113 seconds
Number of updated asset objects reloaded before import = 0Number of asset objects unloaded after import = 266

========================================================================
Received Import Request.
  Time since last request: 0.000039 seconds.
  path: Assets/_Assets/Scriptable Objects/Level Data/Level 91.asset
  artifactKey: Guid(a8d7337cfdfd0fa4b96dab7b3dcc4c65) Importer(2089858483,934ff659095e30574adcf32a4c2f97b5)
Start importing Assets/_Assets/Scriptable Objects/Level Data/Level 91.asset using Guid(a8d7337cfdfd0fa4b96dab7b3dcc4c65) Importer(2089858483,934ff659095e30574adcf32a4c2f97b5) (ScriptedImporter) -> (artifact id: 'a1fb5e7e67996c9ec421251da86ecc1e') in 0.0785302 seconds
Number of updated asset objects reloaded before import = 0Number of asset objects unloaded after import = 312

========================================================================
Received Import Request.
  Time since last request: 0.000222 seconds.
  path: Assets/_Assets/Scriptable Objects/Level Data/Level 72.asset
  artifactKey: Guid(4627482c53e5f1e408b1862e44b0ccbf) Importer(2089858483,934ff659095e30574adcf32a4c2f97b5)
Start importing Assets/_Assets/Scriptable Objects/Level Data/Level 72.asset using Guid(4627482c53e5f1e408b1862e44b0ccbf) Importer(2089858483,934ff659095e30574adcf32a4c2f97b5) (ScriptedImporter) -> (artifact id: '7f22beb5e626d44cfb0683ed5ebe58a4') in 0.0642066 seconds
Number of updated asset objects reloaded before import = 0Number of asset objects unloaded after import = 312

========================================================================
Received Import Request.
  Time since last request: 0.000083 seconds.
  path: Assets/_Assets/Scriptable Objects/Level Data/Level 99.asset
  artifactKey: Guid(69d329786f1997245b8ff37abb3b8cd6) Importer(2089858483,934ff659095e30574adcf32a4c2f97b5)
Start importing Assets/_Assets/Scriptable Objects/Level Data/Level 99.asset using Guid(69d329786f1997245b8ff37abb3b8cd6) Importer(2089858483,934ff659095e30574adcf32a4c2f97b5) (ScriptedImporter) -> (artifact id: '34a5ae17be3999542a7b99402ad25107') in 0.0632409 seconds
Number of updated asset objects reloaded before import = 0Number of asset objects unloaded after import = 312

========================================================================
Received Import Request.
  Time since last request: 0.000064 seconds.
  path: Assets/_Assets/Scriptable Objects/Level Data/Level 79.asset
  artifactKey: Guid(fcc02eb09caf07a4096e0e368f69a613) Importer(2089858483,934ff659095e30574adcf32a4c2f97b5)
Start importing Assets/_Assets/Scriptable Objects/Level Data/Level 79.asset using Guid(fcc02eb09caf07a4096e0e368f69a613) Importer(2089858483,934ff659095e30574adcf32a4c2f97b5) (ScriptedImporter) -> (artifact id: '329ea7492669c22aa442a848b5c2d45b') in 0.0653845 seconds
Number of updated asset objects reloaded before import = 0Number of asset objects unloaded after import = 312

========================================================================
Received Import Request.
  Time since last request: 0.000065 seconds.
  path: Assets/_Assets/Scripts/UI Scripts/UImanager.cs
  artifactKey: Guid(a3923229993593849bd88981cbf03db1) Importer(2089858483,934ff659095e30574adcf32a4c2f97b5)
Start importing Assets/_Assets/Scripts/UI Scripts/UImanager.cs using Guid(a3923229993593849bd88981cbf03db1) Importer(2089858483,934ff659095e30574adcf32a4c2f97b5) (ScriptedImporter) -> (artifact id: 'b4c00f7397e68aef8a1e58e16c88433e') in 0.0366887 seconds
Number of updated asset objects reloaded before import = 0Number of asset objects unloaded after import = 0

========================================================================
Received Import Request.
  Time since last request: 0.000039 seconds.
  path: Assets/_Assets/Scripts/Bowl/StationeyBowls.cs
  artifactKey: Guid(3eb13d52d752a0945bbb8e56e04e381d) Importer(2089858483,934ff659095e30574adcf32a4c2f97b5)
Start importing Assets/_Assets/Scripts/Bowl/StationeyBowls.cs using Guid(3eb13d52d752a0945bbb8e56e04e381d) Importer(2089858483,934ff659095e30574adcf32a4c2f97b5) (ScriptedImporter) -> (artifact id: 'a6c696a059f39d12f2df8b078dcc0646') in 0.03166 seconds
Number of updated asset objects reloaded before import = 0Number of asset objects unloaded after import = 0

========================================================================
Received Import Request.
  Time since last request: 0.000040 seconds.
  path: Assets/_Assets/Scripts/Utility Scripts/LevelLoader.cs
  artifactKey: Guid(19b37361bf8708c4cbaa92450fcb1a1f) Importer(2089858483,934ff659095e30574adcf32a4c2f97b5)
Start importing Assets/_Assets/Scripts/Utility Scripts/LevelLoader.cs using Guid(19b37361bf8708c4cbaa92450fcb1a1f) Importer(2089858483,934ff659095e30574adcf32a4c2f97b5) (ScriptedImporter) -> (artifact id: '275ac3d52716767ea14088ab7c222ff3') in 0.0330064 seconds
Number of updated asset objects reloaded before import = 0Number of asset objects unloaded after import = 0

========================================================================
Received Import Request.
  Time since last request: 0.000065 seconds.
  path: Assets/_Assets/Scriptable Objects/Level Data/Level 83.asset
  artifactKey: Guid(455ec8aad15f2c9458a23cafdc303e09) Importer(2089858483,934ff659095e30574adcf32a4c2f97b5)
Start importing Assets/_Assets/Scriptable Objects/Level Data/Level 83.asset using Guid(455ec8aad15f2c9458a23cafdc303e09) Importer(2089858483,934ff659095e30574adcf32a4c2f97b5) (ScriptedImporter) -> (artifact id: '793224681e6064c7b34e6461aa3baa67') in 0.0669314 seconds
Number of updated asset objects reloaded before import = 0Number of asset objects unloaded after import = 312

========================================================================
Received Import Request.
  Time since last request: 0.000142 seconds.
  path: Assets/Plugins/Pixelplacement/iTween/ReadMe!/ReadMe!.txt
  artifactKey: Guid(b68b11cac1ab04f95985e32ea67b8435) Importer(2089858483,934ff659095e30574adcf32a4c2f97b5)
Start importing Assets/Plugins/Pixelplacement/iTween/ReadMe!/ReadMe!.txt using Guid(b68b11cac1ab04f95985e32ea67b8435) Importer(2089858483,934ff659095e30574adcf32a4c2f97b5) (ScriptedImporter) -> (artifact id: 'f2f88258ab411aefa684fe39179823bf') in 0.0355595 seconds
Number of updated asset objects reloaded before import = 0Number of asset objects unloaded after import = 1

========================================================================
Received Import Request.
  Time since last request: 0.000029 seconds.
  path: Assets/Lean/Localization/Scripts/Behaviours/LeanLocalizedTextMeshFont.cs
  artifactKey: Guid(3904cf0d2d9103140ab648dbbee38d3f) Importer(2089858483,934ff659095e30574adcf32a4c2f97b5)
Start importing Assets/Lean/Localization/Scripts/Behaviours/LeanLocalizedTextMeshFont.cs using Guid(3904cf0d2d9103140ab648dbbee38d3f) Importer(2089858483,934ff659095e30574adcf32a4c2f97b5) (ScriptedImporter) -> (artifact id: 'c26d3df3f84e09d4892b3430a5afb15c') in 0.0261195 seconds
Number of updated asset objects reloaded before import = 0Number of asset objects unloaded after import = 0

========================================================================
Received Import Request.
  Time since last request: 0.000027 seconds.
  path: Assets/_Assets/Scripts/Player/Ground.cs
  artifactKey: Guid(571927d7e0043154f810c64ef2c1a958) Importer(2089858483,934ff659095e30574adcf32a4c2f97b5)
Start importing Assets/_Assets/Scripts/Player/Ground.cs using Guid(571927d7e0043154f810c64ef2c1a958) Importer(2089858483,934ff659095e30574adcf32a4c2f97b5) (ScriptedImporter) -> (artifact id: '01c2750a6ab6e3c93922006f1c96dfb4') in 0.0241232 seconds
Number of updated asset objects reloaded before import = 0Number of asset objects unloaded after import = 0

========================================================================
Received Import Request.
  Time since last request: 0.000031 seconds.
  path: Assets/_Assets/Scriptable Objects/Level Data/Level 34.asset
  artifactKey: Guid(47b1cd52270ace34a870442f3375a73d) Importer(2089858483,934ff659095e30574adcf32a4c2f97b5)
Start importing Assets/_Assets/Scriptable Objects/Level Data/Level 34.asset using Guid(47b1cd52270ace34a870442f3375a73d) Importer(2089858483,934ff659095e30574adcf32a4c2f97b5) (ScriptedImporter) -> (artifact id: 'a32dcce1da0add9de975c3a6fde287bf') in 0.0461817 seconds
Number of updated asset objects reloaded before import = 0Number of asset objects unloaded after import = 312

========================================================================
Received Import Request.
  Time since last request: 0.000073 seconds.
  path: Assets/Lean/Common/Examples/Fonts/VarelaRound-Regular.ttf
  artifactKey: Guid(d54323c94c164de478170d5e7d0273be) Importer(2089858483,934ff659095e30574adcf32a4c2f97b5)
Start importing Assets/Lean/Common/Examples/Fonts/VarelaRound-Regular.ttf using Guid(d54323c94c164de478170d5e7d0273be) Importer(2089858483,934ff659095e30574adcf32a4c2f97b5) (ScriptedImporter) -> (artifact id: 'baf84777abe6a5920851686fabaa6389') in 0.0267331 seconds
Number of updated asset objects reloaded before import = 0Number of asset objects unloaded after import = 3

========================================================================
Received Import Request.
  Time since last request: 0.000029 seconds.
  path: Assets/Lean/Common/Examples/Prefabs/InfoInWorld.prefab
  artifactKey: Guid(c2093cc4f6d9a10409c4aa0552892627) Importer(2089858483,934ff659095e30574adcf32a4c2f97b5)
Start importing Assets/Lean/Common/Examples/Prefabs/InfoInWorld.prefab using Guid(c2093cc4f6d9a10409c4aa0552892627) Importer(2089858483,934ff659095e30574adcf32a4c2f97b5) (ScriptedImporter) -> (artifact id: '640b83237d640edf3f60118ef80ad231') in 0.0229531 seconds
Number of updated asset objects reloaded before import = 0Number of asset objects unloaded after import = 4

========================================================================
Received Import Request.
  Time since last request: 0.000024 seconds.
  path: Assets/Lean/Localization/Examples/Media/Hello.prefab
  artifactKey: Guid(fd4f32358c1e55b4494faaa9c628be27) Importer(2089858483,934ff659095e30574adcf32a4c2f97b5)
Start importing Assets/Lean/Localization/Examples/Media/Hello.prefab using Guid(fd4f32358c1e55b4494faaa9c628be27) Importer(2089858483,934ff659095e30574adcf32a4c2f97b5) (ScriptedImporter) -> (artifact id: 'bcd04b47c31ad6b44c84b6bd2f78c2d6') in 0.0256212 seconds
Number of updated asset objects reloaded before import = 0Number of asset objects unloaded after import = 5

========================================================================
Received Import Request.
  Time since last request: 0.000030 seconds.
  path: Assets/_Assets/Scripts/Bowl/Bowls.cs
  artifactKey: Guid(df26ce2932b05054c9d8918de36bfe43) Importer(2089858483,934ff659095e30574adcf32a4c2f97b5)
Start importing Assets/_Assets/Scripts/Bowl/Bowls.cs using Guid(df26ce2932b05054c9d8918de36bfe43) Importer(2089858483,934ff659095e30574adcf32a4c2f97b5) (ScriptedImporter) -> (artifact id: 'df699d31f8d2bb739f0305dc2c32e743') in 0.0289393 seconds
Number of updated asset objects reloaded before import = 0Number of asset objects unloaded after import = 0

========================================================================
Received Import Request.
  Time since last request: 0.000034 seconds.
  path: Assets/_Assets/Scriptable Objects/Level Data/Level 93.asset
  artifactKey: Guid(9b4b330dfc9b6dc4185e7cb75086fb41) Importer(2089858483,934ff659095e30574adcf32a4c2f97b5)
Start importing Assets/_Assets/Scriptable Objects/Level Data/Level 93.asset using Guid(9b4b330dfc9b6dc4185e7cb75086fb41) Importer(2089858483,934ff659095e30574adcf32a4c2f97b5) (ScriptedImporter) -> (artifact id: '75b18ff015d09378c0fc93b0aa87649d') in 0.0478048 seconds
Number of updated asset objects reloaded before import = 0Number of asset objects unloaded after import = 312

========================================================================
Received Import Request.
  Time since last request: 0.000067 seconds.
  path: Assets/_Assets/Scriptable Objects/Level Data/Level 48.asset
  artifactKey: Guid(5826ad424dda8cc4a8b40e1e62aced12) Importer(2089858483,934ff659095e30574adcf32a4c2f97b5)
Start importing Assets/_Assets/Scriptable Objects/Level Data/Level 48.asset using Guid(5826ad424dda8cc4a8b40e1e62aced12) Importer(2089858483,934ff659095e30574adcf32a4c2f97b5) (ScriptedImporter) -> (artifact id: '8a56dcfa799c2431bf26cafd43d90658') in 0.0507245 seconds
Number of updated asset objects reloaded before import = 0Number of asset objects unloaded after import = 312

========================================================================
Received Import Request.
  Time since last request: 0.000039 seconds.
  path: Assets/Plugins/Pixelplacement/iTween/Sample/RotateSample.cs
  artifactKey: Guid(d6bc01eb564f142a1ada6ced5215636a) Importer(2089858483,934ff659095e30574adcf32a4c2f97b5)
Start importing Assets/Plugins/Pixelplacement/iTween/Sample/RotateSample.cs using Guid(d6bc01eb564f142a1ada6ced5215636a) Importer(2089858483,934ff659095e30574adcf32a4c2f97b5) (ScriptedImporter) -> (artifact id: '7c3a1961c1a3fcec5cbff9c0fd3c3034') in 0.0364626 seconds
Number of updated asset objects reloaded before import = 0Number of asset objects unloaded after import = 0

========================================================================
Received Import Request.
  Time since last request: 0.000052 seconds.
  path: Assets/_Assets/Scriptable Objects/Level Data/Level 57.asset
  artifactKey: Guid(ebf116b4500cf0744b65406950de2afd) Importer(2089858483,934ff659095e30574adcf32a4c2f97b5)
Start importing Assets/_Assets/Scriptable Objects/Level Data/Level 57.asset using Guid(ebf116b4500cf0744b65406950de2afd) Importer(2089858483,934ff659095e30574adcf32a4c2f97b5) (ScriptedImporter) -> (artifact id: '5166c88356bc6ae87e99a80617efd0fd') in 0.0429717 seconds
Number of updated asset objects reloaded before import = 0Number of asset objects unloaded after import = 312

========================================================================
Received Import Request.
  Time since last request: 0.000122 seconds.
  path: Assets/_Assets/Scriptable Objects/Level Data/Level 33.asset
  artifactKey: Guid(e3ad7ea7147b2214ba60ad56c54470ab) Importer(2089858483,934ff659095e30574adcf32a4c2f97b5)
Start importing Assets/_Assets/Scriptable Objects/Level Data/Level 33.asset using Guid(e3ad7ea7147b2214ba60ad56c54470ab) Importer(2089858483,934ff659095e30574adcf32a4c2f97b5) (ScriptedImporter) -> (artifact id: '30a51edbd8b3e9587ffa240f3084e971') in 0.0512137 seconds
Number of updated asset objects reloaded before import = 0Number of asset objects unloaded after import = 312

========================================================================
Received Import Request.
  Time since last request: 0.000037 seconds.
  path: Assets/_Assets/Custome Assets/HoldMyEgg-Complete/Main Menu/cloud_3.PNG
  artifactKey: Guid(0259d8f0f3ceac5478d902aa2e388690) Importer(2089858483,934ff659095e30574adcf32a4c2f97b5)
Start importing Assets/_Assets/Custome Assets/HoldMyEgg-Complete/Main Menu/cloud_3.PNG using Guid(0259d8f0f3ceac5478d902aa2e388690) Importer(2089858483,934ff659095e30574adcf32a4c2f97b5) (ScriptedImporter) -> (artifact id: '4a28854b98c0f4f8ccd18e797dd7823d') in 0.025525 seconds
Number of updated asset objects reloaded before import = 0Number of asset objects unloaded after import = 2

========================================================================
Received Import Request.
  Time since last request: 0.000029 seconds.
  path: Assets/_Assets/Animations/Bird Animaitons/Bird Animations/Bird Idle.controller
  artifactKey: Guid(3bd0fa5a67c053a4c91ef4f88668349a) Importer(2089858483,934ff659095e30574adcf32a4c2f97b5)
Start importing Assets/_Assets/Animations/Bird Animaitons/Bird Animations/Bird Idle.controller using Guid(3bd0fa5a67c053a4c91ef4f88668349a) Importer(2089858483,934ff659095e30574adcf32a4c2f97b5) (ScriptedImporter) -> (artifact id: 'a82f29604818ae4eda5d2b5024cff895') in 0.0718851 seconds
Number of updated asset objects reloaded before import = 0Number of asset objects unloaded after import = 7

========================================================================
Received Import Request.
  Time since last request: 0.000038 seconds.
  path: Assets/_Assets/Custome Assets/HoldMyEgg-Complete/GamePlayAssets/feather.png
  artifactKey: Guid(e84f11dab1865a8409f3c368fdb72d7d) Importer(2089858483,934ff659095e30574adcf32a4c2f97b5)
Start importing Assets/_Assets/Custome Assets/HoldMyEgg-Complete/GamePlayAssets/feather.png using Guid(e84f11dab1865a8409f3c368fdb72d7d) Importer(2089858483,934ff659095e30574adcf32a4c2f97b5) (ScriptedImporter) -> (artifact id: 'c653160bd4e8e19bf3a953970af632c5') in 0.040732 seconds
Number of updated asset objects reloaded before import = 0Number of asset objects unloaded after import = 2

========================================================================
Received Import Request.
  Time since last request: 0.000031 seconds.
  path: Assets/_Assets/Custome Assets/HoldMyEgg-Complete/GamePlayAssets/tree.png
  artifactKey: Guid(ec5a7d2c546e5634bb45f34c12e469ae) Importer(2089858483,934ff659095e30574adcf32a4c2f97b5)
Start importing Assets/_Assets/Custome Assets/HoldMyEgg-Complete/GamePlayAssets/tree.png using Guid(ec5a7d2c546e5634bb45f34c12e469ae) Importer(2089858483,934ff659095e30574adcf32a4c2f97b5) (ScriptedImporter) -> (artifact id: '51d0d42f2211ef0ac81ac1424fb2e83c') in 0.0432185 seconds
Number of updated asset objects reloaded before import = 0Number of asset objects unloaded after import = 2

========================================================================
Received Import Request.
  Time since last request: 0.000061 seconds.
  path: Assets/_Assets/Custome Assets/HoldMyEgg-Complete/Main Menu/ground.PNG
  artifactKey: Guid(62965a58dbacfe54ca700eb764b4d709) Importer(2089858483,934ff659095e30574adcf32a4c2f97b5)
Start importing Assets/_Assets/Custome Assets/HoldMyEgg-Complete/Main Menu/ground.PNG using Guid(62965a58dbacfe54ca700eb764b4d709) Importer(2089858483,934ff659095e30574adcf32a4c2f97b5) (ScriptedImporter) -> (artifact id: 'dd7860a0826c96fa74572dbe817b22b9') in 0.0369181 seconds
Number of updated asset objects reloaded before import = 0Number of asset objects unloaded after import = 2

========================================================================
Received Import Request.
  Time since last request: 0.000034 seconds.
  path: Assets/_Assets/Animations/Ui Animaitons/Start Button/Start Button.controller
  artifactKey: Guid(f2dd078222bc98947824ff8986539e1a) Importer(2089858483,934ff659095e30574adcf32a4c2f97b5)
Start importing Assets/_Assets/Animations/Ui Animaitons/Start Button/Start Button.controller using Guid(f2dd078222bc98947824ff8986539e1a) Importer(2089858483,934ff659095e30574adcf32a4c2f97b5) (ScriptedImporter) -> (artifact id: '091524b5bcd790284ff469b88d395d12') in 0.0644247 seconds
Number of updated asset objects reloaded before import = 0Number of asset objects unloaded after import = 17

========================================================================
Received Import Request.
  Time since last request: 0.000023 seconds.
  path: Assets/_Assets/Fonts/Poppins/poppins/Poppins-ExtraLight.otf
  artifactKey: Guid(a647689dec7ec4f46a178da84d9aa5dd) Importer(2089858483,934ff659095e30574adcf32a4c2f97b5)
Start importing Assets/_Assets/Fonts/Poppins/poppins/Poppins-ExtraLight.otf using Guid(a647689dec7ec4f46a178da84d9aa5dd) Importer(2089858483,934ff659095e30574adcf32a4c2f97b5) (ScriptedImporter) -> (artifact id: 'adf22c35441d6097849f5ddeca60f776') in 0.0370379 seconds
Number of updated asset objects reloaded before import = 0Number of asset objects unloaded after import = 3

========================================================================
Received Import Request.
  Time since last request: 0.000030 seconds.
  path: Assets/_Assets/Prefab/Bowls Prefabs/Bowls With Coins/pf_White moving Bowl with coins.prefab
  artifactKey: Guid(451544ad438cc2340844f2c12ca741ed) Importer(2089858483,934ff659095e30574adcf32a4c2f97b5)
Start importing Assets/_Assets/Prefab/Bowls Prefabs/Bowls With Coins/pf_White moving Bowl with coins.prefab using Guid(451544ad438cc2340844f2c12ca741ed) Importer(2089858483,934ff659095e30574adcf32a4c2f97b5) (ScriptedImporter) -> (artifact id: '313a9cc4f4e0c9c4eba27558f93a1738') in 0.0362039 seconds
Number of updated asset objects reloaded before import = 0Number of asset objects unloaded after import = 33

========================================================================
Received Import Request.
  Time since last request: 0.000040 seconds.
  path: Assets/_Assets/Fonts/Poppins/poppins/Poppins-ExtraBoldItalic.otf
  artifactKey: Guid(5aae251674e9cb14f955af72268412fe) Importer(2089858483,934ff659095e30574adcf32a4c2f97b5)
Start importing Assets/_Assets/Fonts/Poppins/poppins/Poppins-ExtraBoldItalic.otf using Guid(5aae251674e9cb14f955af72268412fe) Importer(2089858483,934ff659095e30574adcf32a4c2f97b5) (ScriptedImporter) -> (artifact id: '9caa53038fe991858b3775b83b8b35c3') in 0.0445259 seconds
Number of updated asset objects reloaded before import = 0Number of asset objects unloaded after import = 3

========================================================================
Received Import Request.
  Time since last request: 0.000174 seconds.
  path: Assets/_Assets/Custome Assets/Egg game assets/shop/button.png
  artifactKey: Guid(b27b62745e07990459d763fcd074f9a8) Importer(2089858483,934ff659095e30574adcf32a4c2f97b5)
Start importing Assets/_Assets/Custome Assets/Egg game assets/shop/button.png using Guid(b27b62745e07990459d763fcd074f9a8) Importer(2089858483,934ff659095e30574adcf32a4c2f97b5) (ScriptedImporter) -> (artifact id: 'd0a9dc35e8a0a48ea662413c5ac0c2a1') in 0.0388782 seconds
Number of updated asset objects reloaded before import = 0Number of asset objects unloaded after import = 2

========================================================================
Received Import Request.
  Time since last request: 0.000039 seconds.
  path: Assets/_Assets/Fonts/Custom Tmpro/Custome Assets for Poppins/Poppins-Bold SDF Material.mat
  artifactKey: Guid(2eb526ccbef0d9d499ffb5dde3a17d2c) Importer(2089858483,934ff659095e30574adcf32a4c2f97b5)
Start importing Assets/_Assets/Fonts/Custom Tmpro/Custome Assets for Poppins/Poppins-Bold SDF Material.mat using Guid(2eb526ccbef0d9d499ffb5dde3a17d2c) Importer(2089858483,934ff659095e30574adcf32a4c2f97b5) (ScriptedImporter) -> (artifact id: '28c096cd1946314d26abc1e27ccb09b3') in 0.0346135 seconds
Number of updated asset objects reloaded before import = 0Number of asset objects unloaded after import = 1

========================================================================
Received Import Request.
  Time since last request: 0.000037 seconds.
  path: Assets/_Assets/Custome Assets/HoldMyEgg-Complete/GamePlayAssets/Birch_Leaf.tif
  artifactKey: Guid(966d72b93073feb40bcaec8083ae310c) Importer(2089858483,934ff659095e30574adcf32a4c2f97b5)
Start importing Assets/_Assets/Custome Assets/HoldMyEgg-Complete/GamePlayAssets/Birch_Leaf.tif using Guid(966d72b93073feb40bcaec8083ae310c) Importer(2089858483,934ff659095e30574adcf32a4c2f97b5) (ScriptedImporter) -> (artifact id: '7709fa64b4d677d638ebc83debd08c0c') in 0.0401911 seconds
Number of updated asset objects reloaded before import = 0Number of asset objects unloaded after import = 2

========================================================================
Received Import Request.
  Time since last request: 0.000162 seconds.
  path: Assets/LunarConsole/Editor/iOS/Common/Images/lunar_console_collapse_background@3x.png
  artifactKey: Guid(e9fe4af1876ed4199bb175614e7609c8) Importer(2089858483,934ff659095e30574adcf32a4c2f97b5)
Start importing Assets/LunarConsole/Editor/iOS/Common/Images/lunar_console_collapse_background@3x.png using Guid(e9fe4af1876ed4199bb175614e7609c8) Importer(2089858483,934ff659095e30574adcf32a4c2f97b5) (ScriptedImporter) -> (artifact id: '3b31df3374cf2329d45b05948b9d9b2a') in 0.0334759 seconds
Number of updated asset objects reloaded before import = 0Number of asset objects unloaded after import = 1

========================================================================
Received Import Request.
  Time since last request: 0.000025 seconds.
  path: Assets/LunarConsole/Editor/iOS/Common/Console/LUConsole.m
  artifactKey: Guid(324fc3f90e9744b70900cf60419bad88) Importer(2089858483,934ff659095e30574adcf32a4c2f97b5)
Start importing Assets/LunarConsole/Editor/iOS/Common/Console/LUConsole.m using Guid(324fc3f90e9744b70900cf60419bad88) Importer(2089858483,934ff659095e30574adcf32a4c2f97b5) (ScriptedImporter) -> (artifact id: 'd2260c58607d93077fe6d13e34eb96b9') in 0.0362755 seconds
Number of updated asset objects reloaded before import = 0Number of asset objects unloaded after import = 0

========================================================================
Received Import Request.
  Time since last request: 0.000035 seconds.
  path: Assets/LunarConsole/Editor/iOS/Common/Images/lunar_console_collapse_background@2x.png
  artifactKey: Guid(e5806cd988f0948f3a89bbf0ce6539a0) Importer(2089858483,934ff659095e30574adcf32a4c2f97b5)
Start importing Assets/LunarConsole/Editor/iOS/Common/Images/lunar_console_collapse_background@2x.png using Guid(e5806cd988f0948f3a89bbf0ce6539a0) Importer(2089858483,934ff659095e30574adcf32a4c2f97b5) (ScriptedImporter) -> (artifact id: 'b95d1939b26c28906fd434bd214d4063') in 0.0361576 seconds
Number of updated asset objects reloaded before import = 0Number of asset objects unloaded after import = 1

========================================================================
Received Import Request.
  Time since last request: 0.000036 seconds.
  path: Assets/LunarConsole/Editor/iOS/Common/Images/lunar_console_icon_button_clear.png
  artifactKey: Guid(ab44198d863a64833971a4f04f538ab1) Importer(2089858483,934ff659095e30574adcf32a4c2f97b5)
Start importing Assets/LunarConsole/Editor/iOS/Common/Images/lunar_console_icon_button_clear.png using Guid(ab44198d863a64833971a4f04f538ab1) Importer(2089858483,934ff659095e30574adcf32a4c2f97b5) (ScriptedImporter) -> (artifact id: '725ae7c96de0bb46190f870bde805079') in 0.0312516 seconds
Number of updated asset objects reloaded before import = 0Number of asset objects unloaded after import = 1

========================================================================
Received Import Request.
  Time since last request: 0.000042 seconds.
  path: Assets/Lean/Localization/Scripts/Behaviours/LeanLocalizedTextFont.cs
  artifactKey: Guid(fce53ba05f9c84246b062afd12f4619f) Importer(2089858483,934ff659095e30574adcf32a4c2f97b5)
Start importing Assets/Lean/Localization/Scripts/Behaviours/LeanLocalizedTextFont.cs using Guid(fce53ba05f9c84246b062afd12f4619f) Importer(2089858483,934ff659095e30574adcf32a4c2f97b5) (ScriptedImporter) -> (artifact id: 'b40838ba20b5a7a4275c58ebc05913fc') in 0.0305212 seconds
Number of updated asset objects reloaded before import = 0Number of asset objects unloaded after import = 0

========================================================================
Received Import Request.
  Time since last request: 0.000034 seconds.
  path: Assets/Lean/Common/Examples/Textures/Grid.png
  artifactKey: Guid(026cfa8e99aa0914faa770f5d4c58a23) Importer(2089858483,934ff659095e30574adcf32a4c2f97b5)
Start importing Assets/Lean/Common/Examples/Textures/Grid.png using Guid(026cfa8e99aa0914faa770f5d4c58a23) Importer(2089858483,934ff659095e30574adcf32a4c2f97b5) (ScriptedImporter) -> (artifact id: 'c47b9bac1c9672aa4a748590955df87d') in 0.037309 seconds
Number of updated asset objects reloaded before import = 0Number of asset objects unloaded after import = 1

========================================================================
Received Import Request.
  Time since last request: 0.000129 seconds.
  path: Assets/LunarConsole/Editor/iOS/Common/Images/lunar_console_icon_button_email.png
  artifactKey: Guid(679634f9bf9e540bcb87db40d70302bf) Importer(2089858483,934ff659095e30574adcf32a4c2f97b5)
Start importing Assets/LunarConsole/Editor/iOS/Common/Images/lunar_console_icon_button_email.png using Guid(679634f9bf9e540bcb87db40d70302bf) Importer(2089858483,934ff659095e30574adcf32a4c2f97b5) (ScriptedImporter) -> (artifact id: 'b1d5b1c43590530fc6127360b0c66f89') in 0.0349333 seconds
Number of updated asset objects reloaded before import = 0Number of asset objects unloaded after import = 1

========================================================================
Received Import Request.
  Time since last request: 0.000044 seconds.
  path: Assets/LunarConsole/Editor/iOS/Common/Images/lunar_console_icon_button_help@3x.png
  artifactKey: Guid(3b15c0af7d5f34de49b12bd98a2e24c5) Importer(2089858483,934ff659095e30574adcf32a4c2f97b5)
Start importing Assets/LunarConsole/Editor/iOS/Common/Images/lunar_console_icon_button_help@3x.png using Guid(3b15c0af7d5f34de49b12bd98a2e24c5) Importer(2089858483,934ff659095e30574adcf32a4c2f97b5) (ScriptedImporter) -> (artifact id: 'dc68fe8d9f1fe9df6ceeaf8f16c35ebf') in 0.0354299 seconds
Number of updated asset objects reloaded before import = 0Number of asset objects unloaded after import = 1

========================================================================
Received Import Request.
  Time since last request: 0.000053 seconds.
  path: Assets/Plugins/Pixelplacement/iTween/Images/iTweenNews.png
  artifactKey: Guid(70ae88ee4c1a745d0819de61ec68af19) Importer(2089858483,934ff659095e30574adcf32a4c2f97b5)
Start importing Assets/Plugins/Pixelplacement/iTween/Images/iTweenNews.png using Guid(70ae88ee4c1a745d0819de61ec68af19) Importer(2089858483,934ff659095e30574adcf32a4c2f97b5) (ScriptedImporter) -> (artifact id: 'a020da5364d41cd699e61103769492a1') in 0.0756713 seconds
Number of updated asset objects reloaded before import = 0Number of asset objects unloaded after import = 2

========================================================================
Received Import Request.
  Time since last request: 0.000017 seconds.
  path: Assets/_Assets/Fonts/Poppins/poppins/Poppins-SemiBold.otf
  artifactKey: Guid(693f4d25b2b343349a8b36cafad8c329) Importer(2089858483,934ff659095e30574adcf32a4c2f97b5)
Start importing Assets/_Assets/Fonts/Poppins/poppins/Poppins-SemiBold.otf using Guid(693f4d25b2b343349a8b36cafad8c329) Importer(2089858483,934ff659095e30574adcf32a4c2f97b5) (ScriptedImporter) -> (artifact id: '1d46dc54fef453175371a26984618d5e') in 0.033498 seconds
Number of updated asset objects reloaded before import = 0Number of asset objects unloaded after import = 3

========================================================================
Received Import Request.
  Time since last request: 0.000035 seconds.
  path: Assets/LunarConsole/Editor/iOS/Common/Images/lunar_console_icon_button_clipboard@3x.png
  artifactKey: Guid(19be6cf90b16b478090647b4b35f0c35) Importer(2089858483,934ff659095e30574adcf32a4c2f97b5)
Start importing Assets/LunarConsole/Editor/iOS/Common/Images/lunar_console_icon_button_clipboard@3x.png using Guid(19be6cf90b16b478090647b4b35f0c35) Importer(2089858483,934ff659095e30574adcf32a4c2f97b5) (ScriptedImporter) -> (artifact id: 'c694f3197b4dba6bda9206f446bcc5a8') in 0.0357417 seconds
Number of updated asset objects reloaded before import = 0Number of asset objects unloaded after import = 1

========================================================================
Received Import Request.
  Time since last request: 0.000063 seconds.
  path: Assets/LunarConsole/Editor/iOS/Common/Images/lunar_console_icon_log_warning.png
  artifactKey: Guid(16ddd2e4fd57b48c89743469b9517b6e) Importer(2089858483,934ff659095e30574adcf32a4c2f97b5)
Start importing Assets/LunarConsole/Editor/iOS/Common/Images/lunar_console_icon_log_warning.png using Guid(16ddd2e4fd57b48c89743469b9517b6e) Importer(2089858483,934ff659095e30574adcf32a4c2f97b5) (ScriptedImporter) -> (artifact id: '83689bb4f05aa1be61019660c65f456b') in 0.030787 seconds
Number of updated asset objects reloaded before import = 0Number of asset objects unloaded after import = 1

========================================================================
Received Import Request.
  Time since last request: 0.000030 seconds.
  path: Assets/LunarConsole/Editor/iOS/Common/Images/lunar_console_icon_button_unlock@2x.png
  artifactKey: Guid(5a559572263f845b898fcc40d4837486) Importer(2089858483,934ff659095e30574adcf32a4c2f97b5)
Start importing Assets/LunarConsole/Editor/iOS/Common/Images/lunar_console_icon_button_unlock@2x.png using Guid(5a559572263f845b898fcc40d4837486) Importer(2089858483,934ff659095e30574adcf32a4c2f97b5) (ScriptedImporter) -> (artifact id: '4ef63f68e1d92fb7b5b4032fbf5a9450') in 0.027277 seconds
Number of updated asset objects reloaded before import = 0Number of asset objects unloaded after import = 1

========================================================================
Received Import Request.
  Time since last request: 0.000038 seconds.
  path: Assets/LunarConsole/Editor/iOS/Common/Images/lunar_console_log_button_background@2x.png
  artifactKey: Guid(8c2e50efa25f04b87bebb623d5cda291) Importer(2089858483,934ff659095e30574adcf32a4c2f97b5)
Start importing Assets/LunarConsole/Editor/iOS/Common/Images/lunar_console_log_button_background@2x.png using Guid(8c2e50efa25f04b87bebb623d5cda291) Importer(2089858483,934ff659095e30574adcf32a4c2f97b5) (ScriptedImporter) -> (artifact id: 'c1e8186b0a7c11f75723b7a1afcfef3d') in 0.0387147 seconds
Number of updated asset objects reloaded before import = 0Number of asset objects unloaded after import = 1

========================================================================
Received Import Request.
  Time since last request: 0.000030 seconds.
  path: Assets/LunarConsole/Editor/iOS/Common/UI/LUButton.m
  artifactKey: Guid(9e6b742e974b64747abd3de2c32d5bf9) Importer(2089858483,934ff659095e30574adcf32a4c2f97b5)
Start importing Assets/LunarConsole/Editor/iOS/Common/UI/LUButton.m using Guid(9e6b742e974b64747abd3de2c32d5bf9) Importer(2089858483,934ff659095e30574adcf32a4c2f97b5) (ScriptedImporter) -> (artifact id: 'f8118ddf24ad8574cfb629ca45ddb0fe') in 0.0344566 seconds
Number of updated asset objects reloaded before import = 0Number of asset objects unloaded after import = 0

========================================================================
Received Import Request.
  Time since last request: 0.000041 seconds.
  path: Assets/Plugins/Pixelplacement/iTween/Sample/MoveSample.cs
  artifactKey: Guid(93cb45d44c16f45a4bbd5099fe096c20) Importer(2089858483,934ff659095e30574adcf32a4c2f97b5)
Start importing Assets/Plugins/Pixelplacement/iTween/Sample/MoveSample.cs using Guid(93cb45d44c16f45a4bbd5099fe096c20) Importer(2089858483,934ff659095e30574adcf32a4c2f97b5) (ScriptedImporter) -> (artifact id: 'c9b3a85b3d1a200196648a51d2e289fd') in 0.0282842 seconds
Number of updated asset objects reloaded before import = 0Number of asset objects unloaded after import = 0

========================================================================
Received Import Request.
  Time since last request: 0.000042 seconds.
  path: Assets/Lean/Localization/Scripts/Behaviours/TMP/LeanLocalizedTextMeshProUGUIFont.cs
  artifactKey: Guid(e9d52b33a5902e643bced0385fa6840b) Importer(2089858483,934ff659095e30574adcf32a4c2f97b5)
Start importing Assets/Lean/Localization/Scripts/Behaviours/TMP/LeanLocalizedTextMeshProUGUIFont.cs using Guid(e9d52b33a5902e643bced0385fa6840b) Importer(2089858483,934ff659095e30574adcf32a4c2f97b5) (ScriptedImporter) -> (artifact id: '5a4aa0b65276a68ab0aa3af7cd8fc7bb') in 0.0332915 seconds
Number of updated asset objects reloaded before import = 0Number of asset objects unloaded after import = 0

========================================================================
Received Import Request.
  Time since last request: 0.000037 seconds.
  path: Assets/LunarConsole/Editor/iOS/Common/UI/LUSwitch.m
  artifactKey: Guid(0d18f1a74824247bc81f984a0c6ce917) Importer(2089858483,934ff659095e30574adcf32a4c2f97b5)
Start importing Assets/LunarConsole/Editor/iOS/Common/UI/LUSwitch.m using Guid(0d18f1a74824247bc81f984a0c6ce917) Importer(2089858483,934ff659095e30574adcf32a4c2f97b5) (ScriptedImporter) -> (artifact id: 'e99cb56da925b15811dc83dc6d8b162b') in 0.0331598 seconds
Number of updated asset objects reloaded before import = 0Number of asset objects unloaded after import = 0

========================================================================
Received Import Request.
  Time since last request: 0.000034 seconds.
  path: Assets/LunarConsole/Editor/iOS/Common/Utils/LUAvailability.m
  artifactKey: Guid(9f6b7195202544b6992e32d706c95e37) Importer(2089858483,934ff659095e30574adcf32a4c2f97b5)
Start importing Assets/LunarConsole/Editor/iOS/Common/Utils/LUAvailability.m using Guid(9f6b7195202544b6992e32d706c95e37) Importer(2089858483,934ff659095e30574adcf32a4c2f97b5) (ScriptedImporter) -> (artifact id: '37d05d7af9ea761f9356fde449ebd491') in 0.0292269 seconds
Number of updated asset objects reloaded before import = 0Number of asset objects unloaded after import = 0

========================================================================
Received Import Request.
  Time since last request: 0.000042 seconds.
  path: Assets/LunarConsole/Editor/iOS/Common/Utils/LUDefines.h
  artifactKey: Guid(290c1b230d356429d8783e050fdb2f12) Importer(2089858483,934ff659095e30574adcf32a4c2f97b5)
Start importing Assets/LunarConsole/Editor/iOS/Common/Utils/LUDefines.h using Guid(290c1b230d356429d8783e050fdb2f12) Importer(2089858483,934ff659095e30574adcf32a4c2f97b5) (ScriptedImporter) -> (artifact id: '62e56c0badfc7b80108921f74abc17af') in 0.0281611 seconds
Number of updated asset objects reloaded before import = 0Number of asset objects unloaded after import = 0

========================================================================
Received Import Request.
  Time since last request: 0.000031 seconds.
  path: Assets/LunarConsole/Editor/iOS/Common/UI/LUWindow.m
  artifactKey: Guid(05c369dd031664014b769d8087884999) Importer(2089858483,934ff659095e30574adcf32a4c2f97b5)
Start importing Assets/LunarConsole/Editor/iOS/Common/UI/LUWindow.m using Guid(05c369dd031664014b769d8087884999) Importer(2089858483,934ff659095e30574adcf32a4c2f97b5) (ScriptedImporter) -> (artifact id: 'b111082f57c8707415d5f7d59c33af1e') in 0.0334032 seconds
Number of updated asset objects reloaded before import = 0Number of asset objects unloaded after import = 0

========================================================================
Received Import Request.
  Time since last request: 0.000042 seconds.
  path: Assets/_Assets/Scriptable Objects/Level Data/Level 9.asset
  artifactKey: Guid(54ed49f34c5ba584284dbd401d485d4a) Importer(2089858483,934ff659095e30574adcf32a4c2f97b5)
Start importing Assets/_Assets/Scriptable Objects/Level Data/Level 9.asset using Guid(54ed49f34c5ba584284dbd401d485d4a) Importer(2089858483,934ff659095e30574adcf32a4c2f97b5) (ScriptedImporter) -> (artifact id: '80609236b513d973323f350aa256429b') in 0.0500949 seconds
Number of updated asset objects reloaded before import = 0Number of asset objects unloaded after import = 266

========================================================================
Received Import Request.
  Time since last request: 0.000055 seconds.
  path: Assets/_Assets/Animations/Ui Animaitons/Main Menu Play Button/Play Button.controller
  artifactKey: Guid(e9014a04abde5b64f99db089001e062a) Importer(2089858483,934ff659095e30574adcf32a4c2f97b5)
Start importing Assets/_Assets/Animations/Ui Animaitons/Main Menu Play Button/Play Button.controller using Guid(e9014a04abde5b64f99db089001e062a) Importer(2089858483,934ff659095e30574adcf32a4c2f97b5) (ScriptedImporter) -> (artifact id: 'e3fee30e65b5dfc310a6955816073c6e') in 0.0379925 seconds
Number of updated asset objects reloaded before import = 0Number of asset objects unloaded after import = 17

========================================================================
Received Import Request.
  Time since last request: 0.000057 seconds.
  path: Assets/LunarConsole/Editor/iOS/Common/Utils/LUThreading.m
  artifactKey: Guid(0542e5d672aed44849002d62477a6c8b) Importer(2089858483,934ff659095e30574adcf32a4c2f97b5)
Start importing Assets/LunarConsole/Editor/iOS/Common/Utils/LUThreading.m using Guid(0542e5d672aed44849002d62477a6c8b) Importer(2089858483,934ff659095e30574adcf32a4c2f97b5) (ScriptedImporter) -> (artifact id: '3ba60ed836cb3a4d80620f257110f9a0') in 0.0326064 seconds
Number of updated asset objects reloaded before import = 0Number of asset objects unloaded after import = 0

========================================================================
Received Import Request.
  Time since last request: 0.000049 seconds.
  path: Assets/LunarConsole/Editor/iOS/Common/Utils/LUMutableArray.h
  artifactKey: Guid(df7818cf7f82c484196eac7a75fdb807) Importer(2089858483,934ff659095e30574adcf32a4c2f97b5)
Start importing Assets/LunarConsole/Editor/iOS/Common/Utils/LUMutableArray.h using Guid(df7818cf7f82c484196eac7a75fdb807) Importer(2089858483,934ff659095e30574adcf32a4c2f97b5) (ScriptedImporter) -> (artifact id: '94600b9f2a5060264b13faa3655d8d93') in 0.0308287 seconds
Number of updated asset objects reloaded before import = 0Number of asset objects unloaded after import = 0

========================================================================
Received Import Request.
  Time since last request: 0.000035 seconds.
  path: Assets/LunarConsole/Editor/iOS/Common/Utils/LUImageUtils.m
  artifactKey: Guid(db6e9fb99aaf3426793f0dcb8b6ca4c4) Importer(2089858483,934ff659095e30574adcf32a4c2f97b5)
Start importing Assets/LunarConsole/Editor/iOS/Common/Utils/LUImageUtils.m using Guid(db6e9fb99aaf3426793f0dcb8b6ca4c4) Importer(2089858483,934ff659095e30574adcf32a4c2f97b5) (ScriptedImporter) -> (artifact id: 'e4fd320301766bec21dde7905c340d41') in 0.0319169 seconds
Number of updated asset objects reloaded before import = 0Number of asset objects unloaded after import = 0

========================================================================
Received Import Request.
  Time since last request: 0.000050 seconds.
  path: Assets/LunarConsole/Editor/iOS/Common/Utils/LUSortedList.h
  artifactKey: Guid(59dde7e9aa1bf462aa9d28706b0c7600) Importer(2089858483,934ff659095e30574adcf32a4c2f97b5)
Start importing Assets/LunarConsole/Editor/iOS/Common/Utils/LUSortedList.h using Guid(59dde7e9aa1bf462aa9d28706b0c7600) Importer(2089858483,934ff659095e30574adcf32a4c2f97b5) (ScriptedImporter) -> (artifact id: 'bf9f9c61f77097d59c27ca2e232ab7d4') in 0.0295407 seconds
Number of updated asset objects reloaded before import = 0Number of asset objects unloaded after import = 0

========================================================================
Received Import Request.
  Time since last request: 0.000145 seconds.
  path: Assets/Lean/Localization/Scripts/Behaviours/LeanLocalizedRenderer.cs
  artifactKey: Guid(b42c83c3c333a7e4a8e498fec50ce1fb) Importer(2089858483,934ff659095e30574adcf32a4c2f97b5)
Start importing Assets/Lean/Localization/Scripts/Behaviours/LeanLocalizedRenderer.cs using Guid(b42c83c3c333a7e4a8e498fec50ce1fb) Importer(2089858483,934ff659095e30574adcf32a4c2f97b5) (ScriptedImporter) -> (artifact id: '7f0cd0c75c95680b62a8ae7898f7040d') in 0.0327566 seconds
Number of updated asset objects reloaded before import = 0Number of asset objects unloaded after import = 0

========================================================================
Received Import Request.
  Time since last request: 0.000051 seconds.
  path: Assets/LunarConsole/Editor/iOS/Common/Utils/LULittleHelper.m
  artifactKey: Guid(35e01a2208503419cbb60474821753d4) Importer(2089858483,934ff659095e30574adcf32a4c2f97b5)
Start importing Assets/LunarConsole/Editor/iOS/Common/Utils/LULittleHelper.m using Guid(35e01a2208503419cbb60474821753d4) Importer(2089858483,934ff659095e30574adcf32a4c2f97b5) (ScriptedImporter) -> (artifact id: '083be50278ebbc8ed5e61d35d9b1c4a3') in 0.028501 seconds
Number of updated asset objects reloaded before import = 0Number of asset objects unloaded after import = 0

========================================================================
Received Import Request.
  Time since last request: 0.000036 seconds.
  path: Assets/_Assets/Custome Assets/Egg game assets/level complete/HoldMYEgg Assets/hen_sprite.png
  artifactKey: Guid(113315e2a49185b4a87e52ab64b84672) Importer(2089858483,934ff659095e30574adcf32a4c2f97b5)
Start importing Assets/_Assets/Custome Assets/Egg game assets/level complete/HoldMYEgg Assets/hen_sprite.png using Guid(113315e2a49185b4a87e52ab64b84672) Importer(2089858483,934ff659095e30574adcf32a4c2f97b5) (ScriptedImporter) -> (artifact id: '2d4e6ac6eb064c09a23a445702979f3f') in 0.0377665 seconds
Number of updated asset objects reloaded before import = 0Number of asset objects unloaded after import = 2

========================================================================
Received Import Request.
  Time since last request: 0.000041 seconds.
  path: Assets/LunarConsole/Editor/iOS/Common/Console/Log/LUConsoleLogController.m
  artifactKey: Guid(288669c0267a94acc887984eeda8db36) Importer(2089858483,934ff659095e30574adcf32a4c2f97b5)
Start importing Assets/LunarConsole/Editor/iOS/Common/Console/Log/LUConsoleLogController.m using Guid(288669c0267a94acc887984eeda8db36) Importer(2089858483,934ff659095e30574adcf32a4c2f97b5) (ScriptedImporter) -> (artifact id: 'ee3f4704af9201e93d316e7aa76a0718') in 0.0305626 seconds
Number of updated asset objects reloaded before import = 0Number of asset objects unloaded after import = 0

========================================================================
Received Import Request.
  Time since last request: 0.000105 seconds.
  path: Assets/LunarConsole/Editor/iOS/Common/Console/Entries/LUEntry.h
  artifactKey: Guid(f7fc75680bec84d28afec20b0bc02a8f) Importer(2089858483,934ff659095e30574adcf32a4c2f97b5)
Start importing Assets/LunarConsole/Editor/iOS/Common/Console/Entries/LUEntry.h using Guid(f7fc75680bec84d28afec20b0bc02a8f) Importer(2089858483,934ff659095e30574adcf32a4c2f97b5) (ScriptedImporter) -> (artifact id: 'f2ba5801e8c6d5270022928d2ff47d4b') in 0.0335366 seconds
Number of updated asset objects reloaded before import = 0Number of asset objects unloaded after import = 0

========================================================================
Received Import Request.
  Time since last request: 0.000156 seconds.
  path: Assets/LunarConsole/Editor/iOS/Common/Console/Entries/LUEntryTableViewCell.m
  artifactKey: Guid(8ce4c8f8268e44fedae917712e81380e) Importer(2089858483,934ff659095e30574adcf32a4c2f97b5)
Start importing Assets/LunarConsole/Editor/iOS/Common/Console/Entries/LUEntryTableViewCell.m using Guid(8ce4c8f8268e44fedae917712e81380e) Importer(2089858483,934ff659095e30574adcf32a4c2f97b5) (ScriptedImporter) -> (artifact id: 'a773660f08d0ef590336ac7973817248') in 0.0291061 seconds
Number of updated asset objects reloaded before import = 0Number of asset objects unloaded after import = 0

========================================================================
Received Import Request.
  Time since last request: 0.000026 seconds.
  path: Assets/LunarConsole/Editor/iOS/Common/Console/Log/LUConsoleLogEntryLookupTable.m
  artifactKey: Guid(cbe308afb884b4eccaa5b4f4820c0a98) Importer(2089858483,934ff659095e30574adcf32a4c2f97b5)
Start importing Assets/LunarConsole/Editor/iOS/Common/Console/Log/LUConsoleLogEntryLookupTable.m using Guid(cbe308afb884b4eccaa5b4f4820c0a98) Importer(2089858483,934ff659095e30574adcf32a4c2f97b5) (ScriptedImporter) -> (artifact id: 'de4bb97f2d637a4efe739a043ad837dd') in 0.0374177 seconds
Number of updated asset objects reloaded before import = 0Number of asset objects unloaded after import = 0

========================================================================
Received Import Request.
  Time since last request: 0.000049 seconds.
  path: Assets/LunarConsole/Editor/iOS/Common/Images/lunar_console_icon_log.png
  artifactKey: Guid(f46df8c7d429b4615a76d0ce6d66a2cf) Importer(2089858483,934ff659095e30574adcf32a4c2f97b5)
Start importing Assets/LunarConsole/Editor/iOS/Common/Images/lunar_console_icon_log.png using Guid(f46df8c7d429b4615a76d0ce6d66a2cf) Importer(2089858483,934ff659095e30574adcf32a4c2f97b5) (ScriptedImporter) -> (artifact id: 'ee55f5630e4d5f48e71ecbf7653c1d63') in 0.0353087 seconds
Number of updated asset objects reloaded before import = 0Number of asset objects unloaded after import = 1

========================================================================
Received Import Request.
  Time since last request: 0.000070 seconds.
  path: Assets/LunarConsole/Editor/iOS/Common/Controllers/Actions/LUActionControllerBase.h
  artifactKey: Guid(36c65057adcd44bfeb3981456c0f0b33) Importer(2089858483,934ff659095e30574adcf32a4c2f97b5)
Start importing Assets/LunarConsole/Editor/iOS/Common/Controllers/Actions/LUActionControllerBase.h using Guid(36c65057adcd44bfeb3981456c0f0b33) Importer(2089858483,934ff659095e30574adcf32a4c2f97b5) (ScriptedImporter) -> (artifact id: 'b5677cabf1dbe355244cd27ca2fc868c') in 0.0371437 seconds
Number of updated asset objects reloaded before import = 0Number of asset objects unloaded after import = 0

========================================================================
Received Import Request.
  Time since last request: 0.000044 seconds.
  path: Assets/LunarConsole/Editor/iOS/Common/Controllers/Resize/LUConsoleResizeController.m
  artifactKey: Guid(3a4f60f7409bb4beaa06d366310f7b32) Importer(2089858483,934ff659095e30574adcf32a4c2f97b5)
Start importing Assets/LunarConsole/Editor/iOS/Common/Controllers/Resize/LUConsoleResizeController.m using Guid(3a4f60f7409bb4beaa06d366310f7b32) Importer(2089858483,934ff659095e30574adcf32a4c2f97b5) (ScriptedImporter) -> (artifact id: '1cdf79ef92bd5ae423d3efa460d2001e') in 0.0359447 seconds
Number of updated asset objects reloaded before import = 0Number of asset objects unloaded after import = 0

========================================================================
Received Import Request.
  Time since last request: 0.000080 seconds.
  path: Assets/LunarConsole/Editor/iOS/Common/Console/Plugin/lunar_unity_native_interface.m
  artifactKey: Guid(6b7c64e1070ec49a4a97a60354be46b0) Importer(2089858483,934ff659095e30574adcf32a4c2f97b5)
Start importing Assets/LunarConsole/Editor/iOS/Common/Console/Plugin/lunar_unity_native_interface.m using Guid(6b7c64e1070ec49a4a97a60354be46b0) Importer(2089858483,934ff659095e30574adcf32a4c2f97b5) (ScriptedImporter) -> (artifact id: '598d28cef5271dd8c3139a7bc08f1a27') in 0.0288376 seconds
Number of updated asset objects reloaded before import = 0Number of asset objects unloaded after import = 0

========================================================================
Received Import Request.
  Time since last request: 0.000039 seconds.
  path: Assets/LunarConsole/Editor/iOS/Common/Console/Log/LUConsoleLogMenuController.xib
  artifactKey: Guid(95b75c43e321e45e194b2cf9f7e770d8) Importer(2089858483,934ff659095e30574adcf32a4c2f97b5)
Start importing Assets/LunarConsole/Editor/iOS/Common/Console/Log/LUConsoleLogMenuController.xib using Guid(95b75c43e321e45e194b2cf9f7e770d8) Importer(2089858483,934ff659095e30574adcf32a4c2f97b5) (ScriptedImporter) -> (artifact id: '16f85f5c4f517b1896dde61cae012f05') in 0.0344863 seconds
Number of updated asset objects reloaded before import = 0Number of asset objects unloaded after import = 0

========================================================================
Received Import Request.
  Time since last request: 0.000059 seconds.
  path: Assets/_Assets/Scripts/Utility Scripts/SavingAndLoadingManager.cs
  artifactKey: Guid(9d5e51a0d6334d94ab3bf1cfb65e6a35) Importer(2089858483,934ff659095e30574adcf32a4c2f97b5)
Start importing Assets/_Assets/Scripts/Utility Scripts/SavingAndLoadingManager.cs using Guid(9d5e51a0d6334d94ab3bf1cfb65e6a35) Importer(2089858483,934ff659095e30574adcf32a4c2f97b5) (ScriptedImporter) -> (artifact id: '254ff32ce19cffe064a27c94368df047') in 0.0304359 seconds
Number of updated asset objects reloaded before import = 0Number of asset objects unloaded after import = 0

========================================================================
Received Import Request.
  Time since last request: 0.000048 seconds.
  path: Assets/_Assets/Custome Assets/Egg game assets/level complete/HoldMYEgg Assets/hen.png
  artifactKey: Guid(926d69ab0bc161d45ad97001472c2c86) Importer(2089858483,934ff659095e30574adcf32a4c2f97b5)
Start importing Assets/_Assets/Custome Assets/Egg game assets/level complete/HoldMYEgg Assets/hen.png using Guid(926d69ab0bc161d45ad97001472c2c86) Importer(2089858483,934ff659095e30574adcf32a4c2f97b5) (ScriptedImporter) -> (artifact id: '1352c8bcf38baa40216e3af7f78049c7') in 0.0328583 seconds
Number of updated asset objects reloaded before import = 0Number of asset objects unloaded after import = 2

========================================================================
Received Import Request.
  Time since last request: 0.000027 seconds.
  path: Assets/LunarConsole/Editor/iOS/Common/Controllers/Warning/LUExceptionWarningController.xib
  artifactKey: Guid(5fd5c5bc0095649a385962675a241891) Importer(2089858483,934ff659095e30574adcf32a4c2f97b5)
Start importing Assets/LunarConsole/Editor/iOS/Common/Controllers/Warning/LUExceptionWarningController.xib using Guid(5fd5c5bc0095649a385962675a241891) Importer(2089858483,934ff659095e30574adcf32a4c2f97b5) (ScriptedImporter) -> (artifact id: '314b0202c06145859e9bd4ac71f02baa') in 0.0330179 seconds
Number of updated asset objects reloaded before import = 0Number of asset objects unloaded after import = 0

========================================================================
Received Import Request.
  Time since last request: 0.000088 seconds.
  path: Assets/LunarConsole/Editor/iOS/Free/Controllers/Variables/LUCVar.m
  artifactKey: Guid(0a9a04807bb6347cda5764028e45e8db) Importer(2089858483,934ff659095e30574adcf32a4c2f97b5)
Start importing Assets/LunarConsole/Editor/iOS/Free/Controllers/Variables/LUCVar.m using Guid(0a9a04807bb6347cda5764028e45e8db) Importer(2089858483,934ff659095e30574adcf32a4c2f97b5) (ScriptedImporter) -> (artifact id: '1e2b523b6a08f33d031270b545159d4f') in 0.0317367 seconds
Number of updated asset objects reloaded before import = 0Number of asset objects unloaded after import = 0

========================================================================
Received Import Request.
  Time since last request: 0.000114 seconds.
  path: Assets/_Assets/Custome Assets/Egg game assets/level complete/HoldMYEgg Assets/Untitled-1 copy/Untitled-1 copy_00003.png
  artifactKey: Guid(6718cb491a4513445bf3d377af0bfa45) Importer(2089858483,934ff659095e30574adcf32a4c2f97b5)
Start importing Assets/_Assets/Custome Assets/Egg game assets/level complete/HoldMYEgg Assets/Untitled-1 copy/Untitled-1 copy_00003.png using Guid(6718cb491a4513445bf3d377af0bfa45) Importer(2089858483,934ff659095e30574adcf32a4c2f97b5) (ScriptedImporter) -> (artifact id: '1b745cb8dffe5e688d7a04fecf8ba396') in 0.0303532 seconds
Number of updated asset objects reloaded before import = 0Number of asset objects unloaded after import = 2

========================================================================
Received Import Request.
  Time since last request: 0.000128 seconds.
  path: Assets/Lean/Localization/Examples/Media/Japanese Flag.png
  artifactKey: Guid(19a622a42d9260f4ea7cb39dae2415fc) Importer(2089858483,934ff659095e30574adcf32a4c2f97b5)
Start importing Assets/Lean/Localization/Examples/Media/Japanese Flag.png using Guid(19a622a42d9260f4ea7cb39dae2415fc) Importer(2089858483,934ff659095e30574adcf32a4c2f97b5) (ScriptedImporter) -> (artifact id: 'e08d056ffa4ed1966986abe869c605ad') in 0.0330189 seconds
Number of updated asset objects reloaded before import = 0Number of asset objects unloaded after import = 2

========================================================================
Received Import Request.
  Time since last request: 0.000029 seconds.
  path: Assets/LunarConsole/Editor/iOS/Common/Controllers/Popup/LUConsolePopupController.h
  artifactKey: Guid(0d7322e1b7a0f4909bd4f4119834aabf) Importer(2089858483,934ff659095e30574adcf32a4c2f97b5)
Start importing Assets/LunarConsole/Editor/iOS/Common/Controllers/Popup/LUConsolePopupController.h using Guid(0d7322e1b7a0f4909bd4f4119834aabf) Importer(2089858483,934ff659095e30574adcf32a4c2f97b5) (ScriptedImporter) -> (artifact id: '011108f1cbd0eb08af4245b84d4c32e1') in 0.0303256 seconds
Number of updated asset objects reloaded before import = 0Number of asset objects unloaded after import = 0

========================================================================
Received Import Request.
  Time since last request: 0.000041 seconds.
  path: Assets/Lean/Localization/Scripts/Behaviours/LeanLocalizedTextMesh.cs
  artifactKey: Guid(365897690d9e7c54f9fd65401bffb0d3) Importer(2089858483,934ff659095e30574adcf32a4c2f97b5)
Start importing Assets/Lean/Localization/Scripts/Behaviours/LeanLocalizedTextMesh.cs using Guid(365897690d9e7c54f9fd65401bffb0d3) Importer(2089858483,934ff659095e30574adcf32a4c2f97b5) (ScriptedImporter) -> (artifact id: 'eae113f3216a8b339e2dafba4f3fa188') in 0.0322042 seconds
Number of updated asset objects reloaded before import = 0Number of asset objects unloaded after import = 0

========================================================================
Received Import Request.
  Time since last request: 0.000052 seconds.
  path: Assets/_Assets/Scriptable Objects/Level Data/Level 2.asset
  artifactKey: Guid(adfb85228b3e0644682dadfc8941fe55) Importer(2089858483,934ff659095e30574adcf32a4c2f97b5)
Start importing Assets/_Assets/Scriptable Objects/Level Data/Level 2.asset using Guid(adfb85228b3e0644682dadfc8941fe55) Importer(2089858483,934ff659095e30574adcf32a4c2f97b5) (ScriptedImporter) -> (artifact id: '83fe9ca7f0ddeaf81e74c33855978906') in 0.0392867 seconds
Number of updated asset objects reloaded before import = 0Number of asset objects unloaded after import = 90

========================================================================
Received Import Request.
  Time since last request: 0.000053 seconds.
  path: Assets/Lean/Common/Examples/Meshes/RoundedCube.obj
  artifactKey: Guid(f36c148914c8e05498dad1ca7becaa2e) Importer(2089858483,934ff659095e30574adcf32a4c2f97b5)
Start importing Assets/Lean/Common/Examples/Meshes/RoundedCube.obj using Guid(f36c148914c8e05498dad1ca7becaa2e) Importer(2089858483,934ff659095e30574adcf32a4c2f97b5) (ScriptedImporter) -> (artifact id: 'decbb4876ec6a4249e89afda7af9cda4') in 0.049701 seconds
Number of updated asset objects reloaded before import = 0Number of asset objects unloaded after import = 9

========================================================================
Received Import Request.
  Time since last request: 0.000039 seconds.
  path: Assets/LunarConsole/Editor/iOS/Common/Utils/LUStacktrace.m
  artifactKey: Guid(238fc6f3ec1424376bf40bfcdf1c2a59) Importer(2089858483,934ff659095e30574adcf32a4c2f97b5)
Start importing Assets/LunarConsole/Editor/iOS/Common/Utils/LUStacktrace.m using Guid(238fc6f3ec1424376bf40bfcdf1c2a59) Importer(2089858483,934ff659095e30574adcf32a4c2f97b5) (ScriptedImporter) -> (artifact id: '60af080a4c5028d38517736ca3870ffd') in 0.0380077 seconds
Number of updated asset objects reloaded before import = 0Number of asset objects unloaded after import = 0

========================================================================
Received Import Request.
  Time since last request: 0.000068 seconds.
  path: Assets/LunarConsole/Editor/iOS/Common/Console/Log/LUConsoleLogDetailsController.xib
  artifactKey: Guid(4fba31e28939445a48d4a03089c7831f) Importer(2089858483,934ff659095e30574adcf32a4c2f97b5)
Start importing Assets/LunarConsole/Editor/iOS/Common/Console/Log/LUConsoleLogDetailsController.xib using Guid(4fba31e28939445a48d4a03089c7831f) Importer(2089858483,934ff659095e30574adcf32a4c2f97b5) (ScriptedImporter) -> (artifact id: 'a88af6f871cd127590ca8d31307e6434') in 0.0351954 seconds
Number of updated asset objects reloaded before import = 0Number of asset objects unloaded after import = 0

========================================================================
Received Import Request.
  Time since last request: 0.000029 seconds.
  path: Assets/Lean/Common/Examples/Textures/Description.png
  artifactKey: Guid(e3c3aac37d6032c408e6fb79c8b30f96) Importer(2089858483,934ff659095e30574adcf32a4c2f97b5)
Start importing Assets/Lean/Common/Examples/Textures/Description.png using Guid(e3c3aac37d6032c408e6fb79c8b30f96) Importer(2089858483,934ff659095e30574adcf32a4c2f97b5) (ScriptedImporter) -> (artifact id: 'b4b8559f8b192b21e5570b06f09b908e') in 0.0392641 seconds
Number of updated asset objects reloaded before import = 0Number of asset objects unloaded after import = 2

========================================================================
Received Import Request.
  Time since last request: 0.000039 seconds.
  path: Assets/LunarConsole/Editor/iOS/Common/Images/lunar_console_resize_handle_horizontal@3x.png
  artifactKey: Guid(192ea669df21c43af90f4b8ec8a3b501) Importer(2089858483,934ff659095e30574adcf32a4c2f97b5)
Start importing Assets/LunarConsole/Editor/iOS/Common/Images/lunar_console_resize_handle_horizontal@3x.png using Guid(192ea669df21c43af90f4b8ec8a3b501) Importer(2089858483,934ff659095e30574adcf32a4c2f97b5) (ScriptedImporter) -> (artifact id: 'b8aa71984f487dd23b84c8035bc1be98') in 0.034713 seconds
Number of updated asset objects reloaded before import = 0Number of asset objects unloaded after import = 1

========================================================================
Received Import Request.
  Time since last request: 0.000034 seconds.
  path: Assets/_Assets/Scriptable Objects/Level Data/Level 84.asset
  artifactKey: Guid(8b5733dbfc01f1941874aa8285b274ed) Importer(2089858483,934ff659095e30574adcf32a4c2f97b5)
Start importing Assets/_Assets/Scriptable Objects/Level Data/Level 84.asset using Guid(8b5733dbfc01f1941874aa8285b274ed) Importer(2089858483,934ff659095e30574adcf32a4c2f97b5) (ScriptedImporter) -> (artifact id: '2263af5766df581055585126e2aff624') in 0.0633475 seconds
Number of updated asset objects reloaded before import = 0Number of asset objects unloaded after import = 312

========================================================================
Received Import Request.
  Time since last request: 0.000072 seconds.
  path: Assets/_Assets/Scriptable Objects/Level Data/Level 75.asset
  artifactKey: Guid(bf8413aeec32e7a4e9982a56878e6700) Importer(2089858483,934ff659095e30574adcf32a4c2f97b5)
Start importing Assets/_Assets/Scriptable Objects/Level Data/Level 75.asset using Guid(bf8413aeec32e7a4e9982a56878e6700) Importer(2089858483,934ff659095e30574adcf32a4c2f97b5) (ScriptedImporter) -> (artifact id: '2ae9ecf16e8692decec8c083ec6951ad') in 0.0681885 seconds
Number of updated asset objects reloaded before import = 0Number of asset objects unloaded after import = 312

========================================================================
Received Import Request.
  Time since last request: 0.000070 seconds.
  path: Assets/Lean/Common/Examples/Prefabs/Canvas.prefab
  artifactKey: Guid(a17273a87cb5b81409ce39e4971ac6fc) Importer(2089858483,934ff659095e30574adcf32a4c2f97b5)
Start importing Assets/Lean/Common/Examples/Prefabs/Canvas.prefab using Guid(a17273a87cb5b81409ce39e4971ac6fc) Importer(2089858483,934ff659095e30574adcf32a4c2f97b5) (ScriptedImporter) -> (artifact id: '0ce62de62239d4f25e6098bd2a3343fb') in 0.0320799 seconds
Number of updated asset objects reloaded before import = 0Number of asset objects unloaded after import = 4

========================================================================
Received Import Request.
  Time since last request: 0.000046 seconds.
  path: Assets/_Assets/Scripts/Utility Scripts/ScreenAnchor.cs
  artifactKey: Guid(dfb85c56809146747825cc1a7b0499ce) Importer(2089858483,934ff659095e30574adcf32a4c2f97b5)
Start importing Assets/_Assets/Scripts/Utility Scripts/ScreenAnchor.cs using Guid(dfb85c56809146747825cc1a7b0499ce) Importer(2089858483,934ff659095e30574adcf32a4c2f97b5) (ScriptedImporter) -> (artifact id: '7044cad7cfb9ec9fd750b244f9ae765b') in 0.0423674 seconds
Number of updated asset objects reloaded before import = 0Number of asset objects unloaded after import = 0

========================================================================
Received Import Request.
  Time since last request: 0.000057 seconds.
  path: Assets/LunarConsole/Editor/iOS/Common/Console/Plugin/LUUnityScriptMessenger.h
  artifactKey: Guid(1ce589006e75b458a8b01c10ca1b3211) Importer(2089858483,934ff659095e30574adcf32a4c2f97b5)
Start importing Assets/LunarConsole/Editor/iOS/Common/Console/Plugin/LUUnityScriptMessenger.h using Guid(1ce589006e75b458a8b01c10ca1b3211) Importer(2089858483,934ff659095e30574adcf32a4c2f97b5) (ScriptedImporter) -> (artifact id: 'f34ae9958fe60a8ed01c2aee728eb86c') in 0.0289756 seconds
Number of updated asset objects reloaded before import = 0Number of asset objects unloaded after import = 0

========================================================================
Received Import Request.
  Time since last request: 0.000116 seconds.
  path: Assets/_Assets/Scriptable Objects/Level Data/Level 32.asset
  artifactKey: Guid(09a3937826dc31a47a5a31c4dc8a0e37) Importer(2089858483,934ff659095e30574adcf32a4c2f97b5)
Start importing Assets/_Assets/Scriptable Objects/Level Data/Level 32.asset using Guid(09a3937826dc31a47a5a31c4dc8a0e37) Importer(2089858483,934ff659095e30574adcf32a4c2f97b5) (ScriptedImporter) -> (artifact id: 'ba052d6995094fd50f7385c7a3a913cd') in 0.0696159 seconds
Number of updated asset objects reloaded before import = 0Number of asset objects unloaded after import = 312

========================================================================
Received Import Request.
  Time since last request: 0.000049 seconds.
  path: Assets/_Assets/Fonts/Custom Tmpro/Custome Assets for Londrina Solid/LondrinaSolid-Black.asset
  artifactKey: Guid(d96d419e0e8293a49bb8aec6657dabf8) Importer(2089858483,934ff659095e30574adcf32a4c2f97b5)
Start importing Assets/_Assets/Fonts/Custom Tmpro/Custome Assets for Londrina Solid/LondrinaSolid-Black.asset using Guid(d96d419e0e8293a49bb8aec6657dabf8) Importer(2089858483,934ff659095e30574adcf32a4c2f97b5) (ScriptedImporter) -> (artifact id: '7c8223292fd975c4f52babac82bc211a') in 0.056368 seconds
Number of updated asset objects reloaded before import = 0Number of asset objects unloaded after import = 3

========================================================================
Received Import Request.
  Time since last request: 0.000060 seconds.
  path: Assets/_Assets/Scriptable Objects/Level Data/Level 43.asset
  artifactKey: Guid(dbdd20be1cfc43f47a07179417d8db3e) Importer(2089858483,934ff659095e30574adcf32a4c2f97b5)
Start importing Assets/_Assets/Scriptable Objects/Level Data/Level 43.asset using Guid(dbdd20be1cfc43f47a07179417d8db3e) Importer(2089858483,934ff659095e30574adcf32a4c2f97b5) (ScriptedImporter) -> (artifact id: 'f8f864cc2ed9d6051e28115f9e5e1953') in 0.0794055 seconds
Number of updated asset objects reloaded before import = 0Number of asset objects unloaded after import = 312

========================================================================
Received Import Request.
  Time since last request: 0.000051 seconds.
  path: Assets/_Assets/Scriptable Objects/Level Data/Level 49.asset
  artifactKey: Guid(9f22770cb9b694148a698622cc121257) Importer(2089858483,934ff659095e30574adcf32a4c2f97b5)
Start importing Assets/_Assets/Scriptable Objects/Level Data/Level 49.asset using Guid(9f22770cb9b694148a698622cc121257) Importer(2089858483,934ff659095e30574adcf32a4c2f97b5) (ScriptedImporter) -> (artifact id: '62c488db861579714f4418ddb14578f1') in 0.0695069 seconds
Number of updated asset objects reloaded before import = 0Number of asset objects unloaded after import = 312

========================================================================
Received Import Request.
  Time since last request: 0.000050 seconds.
  path: Assets/_Assets/Scriptable Objects/Level Data/Level 92.asset
  artifactKey: Guid(d69da155b0e9bfc4684f394a63e11798) Importer(2089858483,934ff659095e30574adcf32a4c2f97b5)
Start importing Assets/_Assets/Scriptable Objects/Level Data/Level 92.asset using Guid(d69da155b0e9bfc4684f394a63e11798) Importer(2089858483,934ff659095e30574adcf32a4c2f97b5) (ScriptedImporter) -> (artifact id: 'a33b9e006b988bef12e1f3cb41c1265c') in 0.0696963 seconds
Number of updated asset objects reloaded before import = 0Number of asset objects unloaded after import = 312

========================================================================
Received Import Request.
  Time since last request: 0.000246 seconds.
  path: Assets/Lean/Common/Examples/Materials/Skybox.mat
  artifactKey: Guid(17380c24072c0954898ab03528ac9077) Importer(2089858483,934ff659095e30574adcf32a4c2f97b5)
Start importing Assets/Lean/Common/Examples/Materials/Skybox.mat using Guid(17380c24072c0954898ab03528ac9077) Importer(2089858483,934ff659095e30574adcf32a4c2f97b5) (ScriptedImporter) -> (artifact id: '39ab1eb0d52643fb27d84dfab9375833') in 0.0289162 seconds
Number of updated asset objects reloaded before import = 0Number of asset objects unloaded after import = 1

========================================================================
Received Import Request.
  Time since last request: 0.000097 seconds.
  path: Assets/_Assets/Custome Assets/HoldMyEgg-Complete/GamePlayAssets/ground.PNG
  artifactKey: Guid(37f4df62aa0d58e4ea5c7c9ce3e43302) Importer(2089858483,934ff659095e30574adcf32a4c2f97b5)
Start importing Assets/_Assets/Custome Assets/HoldMyEgg-Complete/GamePlayAssets/ground.PNG using Guid(37f4df62aa0d58e4ea5c7c9ce3e43302) Importer(2089858483,934ff659095e30574adcf32a4c2f97b5) (ScriptedImporter) -> (artifact id: '613d136a045fb7db3a1f376ab0df5f5a') in 0.0307504 seconds
Number of updated asset objects reloaded before import = 0Number of asset objects unloaded after import = 2

========================================================================
Received Import Request.
  Time since last request: 0.000037 seconds.
  path: Assets/LunarConsole/Editor/iOS/Common/Utils/LUSortedList.m
  artifactKey: Guid(9c68da73c5ae14a8d88c3ab7b0f9e9c7) Importer(2089858483,934ff659095e30574adcf32a4c2f97b5)
Start importing Assets/LunarConsole/Editor/iOS/Common/Utils/LUSortedList.m using Guid(9c68da73c5ae14a8d88c3ab7b0f9e9c7) Importer(2089858483,934ff659095e30574adcf32a4c2f97b5) (ScriptedImporter) -> (artifact id: 'a63a4c940fa6757ee656282fb0cad7a9') in 0.0303087 seconds
Number of updated asset objects reloaded before import = 0Number of asset objects unloaded after import = 0

========================================================================
Received Import Request.
  Time since last request: 9.421810 seconds.
  path: Assets
  artifactKey: Guid(00000000000000001000000000000000) Importer(815301076,1909f56bfc062723c751e8b465ee728b)
Start importing Assets using Guid(00000000000000001000000000000000) Importer(815301076,1909f56bfc062723c751e8b465ee728b) (PreviewImporter) -> (artifact id: 'c391582d739b6e62a5220f35cbb167ac') in 0.0046147 seconds
Number of updated asset objects reloaded before import = 0Number of asset objects unloaded after import = 0

========================================================================
Received Import Request.
  Time since last request: 19.802874 seconds.
  path: Assets/Scenes
  artifactKey: Guid(5a6c1e174c3c4f842ade8fb09f04f9a2) Importer(815301076,1909f56bfc062723c751e8b465ee728b)
Start importing Assets/Scenes using Guid(5a6c1e174c3c4f842ade8fb09f04f9a2) Importer(815301076,1909f56bfc062723c751e8b465ee728b) (PreviewImporter) -> (artifact id: 'b59b3875d849041eb6c1b0001c0869c1') in 0.00236 seconds
Number of updated asset objects reloaded before import = 0Number of asset objects unloaded after import = 0

========================================================================
Received Import Request.
  Time since last request: 2.798450 seconds.
  path: Assets/Scenes/Initial Scene/GPGS Sign In Scene.unity
  artifactKey: Guid(01cd2e303ee31a84ab4603a9c3a34e72) Importer(815301076,1909f56bfc062723c751e8b465ee728b)
Start importing Assets/Scenes/Initial Scene/GPGS Sign In Scene.unity using Guid(01cd2e303ee31a84ab4603a9c3a34e72) Importer(815301076,1909f56bfc062723c751e8b465ee728b) (PreviewImporter) -> (artifact id: '3a158bfa236f0c701157917a05d1f9d7') in 0.0021123 seconds
Number of updated asset objects reloaded before import = 0Number of asset objects unloaded after import = 0

========================================================================
Received Import Request.
  Time since last request: 942.444475 seconds.
  path: Assets/UniversalRenderPipelineGlobalSettings.asset
  artifactKey: Guid(5acec15167e81b04680d79b2cc7d3ae8) Importer(2089858483,934ff659095e30574adcf32a4c2f97b5)
Start importing Assets/UniversalRenderPipelineGlobalSettings.asset using Guid(5acec15167e81b04680d79b2cc7d3ae8) Importer(2089858483,934ff659095e30574adcf32a4c2f97b5) (ScriptedImporter) -> (artifact id: '2a1fecc7c1c1430518c209e9f0a92c51') in 0.1348045 seconds
Number of updated asset objects reloaded before import = 2Number of asset objects unloaded after import = 0

