Using pre-set license
Built from '6000.0/release' branch; Version is '6000.0.43f1 (97272b72f107) revision 9905963'; Using compiler version '193933523'; Build Type 'Release'
OS: 'Windows 11  (10.0.26100) 64bit CoreSingleLanguage' Language: 'en' Physical Memory: 7937 MB
BatchMode: 1, IsHumanControllingUs: 0, StartBugReporterOnCrash: 0, Is64bit: 1, IsPro: 1

COMMAND LINE ARGUMENTS:
C:\Program Files\Unity\Hub\Editor\6000.0.43f1\Editor\Unity.exe
-adb2
-batchMode
-noUpm
-name
AssetImportWorker5
-projectPath
D:/Unity Proj/HME/Hold My Egg
-logFile
Logs/AssetImportWorker5.log
-srvPort
55854
-job-worker-count
3
-background-job-worker-count
8
-gc-helper-count
1
Successfully changed project path to: D:/Unity Proj/HME/Hold My Egg
D:/Unity Proj/HME/Hold My Egg
[UnityMemory] Configuration Parameters - Can be set up in boot.config
    "memorysetup-bucket-allocator-granularity=16"
    "memorysetup-bucket-allocator-bucket-count=8"
    "memorysetup-bucket-allocator-block-size=33554432"
    "memorysetup-bucket-allocator-block-count=8"
    "memorysetup-main-allocator-block-size=16777216"
    "memorysetup-thread-allocator-block-size=16777216"
    "memorysetup-gfx-main-allocator-block-size=16777216"
    "memorysetup-gfx-thread-allocator-block-size=16777216"
    "memorysetup-cache-allocator-block-size=4194304"
    "memorysetup-typetree-allocator-block-size=2097152"
    "memorysetup-profiler-bucket-allocator-granularity=16"
    "memorysetup-profiler-bucket-allocator-bucket-count=8"
    "memorysetup-profiler-bucket-allocator-block-size=33554432"
    "memorysetup-profiler-bucket-allocator-block-count=8"
    "memorysetup-profiler-allocator-block-size=16777216"
    "memorysetup-profiler-editor-allocator-block-size=1048576"
    "memorysetup-temp-allocator-size-main=16777216"
    "memorysetup-job-temp-allocator-block-size=2097152"
    "memorysetup-job-temp-allocator-block-size-background=1048576"
    "memorysetup-job-temp-allocator-reduction-small-platforms=262144"
    "memorysetup-allocator-temp-initial-block-size-main=262144"
    "memorysetup-allocator-temp-initial-block-size-worker=262144"
    "memorysetup-temp-allocator-size-background-worker=32768"
    "memorysetup-temp-allocator-size-job-worker=262144"
    "memorysetup-temp-allocator-size-preload-manager=33554432"
    "memorysetup-temp-allocator-size-nav-mesh-worker=65536"
    "memorysetup-temp-allocator-size-audio-worker=65536"
    "memorysetup-temp-allocator-size-cloud-worker=32768"
    "memorysetup-temp-allocator-size-gi-baking-worker=262144"
    "memorysetup-temp-allocator-size-gi-baking-worker=262144"
    "memorysetup-temp-allocator-size-gi-baking-worker=262144"
    "memorysetup-temp-allocator-size-gi-baking-worker=262144"
    "memorysetup-temp-allocator-size-gi-baking-worker=262144"
    "memorysetup-temp-allocator-size-gfx=262144"
Player connection [8040]  Target information:

Player connection [8040]  * "[IP] 192.168.1.3 [Port] 0 [Flags] 2 [Guid] 1843153281 [EditorId] 1843153281 [Version] 1048832 [Id] WindowsEditor(7,DESKTOP-DVPE94C) [Debug] 1 [PackageName] WindowsEditor [ProjectName] Editor" 

Player connection [8040] Host joined multi-casting on [225.0.0.222:54997]...
Player connection [8040] Host joined alternative multi-casting on [225.0.0.222:34997]...
JobSystem: Creating JobQueue using job-worker-count value 3
Input System module state changed to: Initialized.
[Physics::Module] Initialized fallback backend.
[Physics::Module] Id: 0xdecafbad
Library Redirect Path: Library/
[Physics::Module] Selected backend.
[Physics::Module] Name: PhysX
[Physics::Module] Id: 0xf2b8ea05
[Physics::Module] SDK Version: 4.1.2
[Physics::Module] Integration Version: 1.0.0
[Physics::Module] Threading Mode: Multi-Threaded
Refreshing native plugins compatible for Editor in 198.42 ms, found 3 plugins.
Preloading 0 native plugins for Editor in 0.00 ms.
Initialize engine version: 6000.0.43f1 (97272b72f107)
[Subsystems] Discovering subsystems at path C:/Program Files/Unity/Hub/Editor/6000.0.43f1/Editor/Data/Resources/UnitySubsystems
[Subsystems] Discovering subsystems at path D:/Unity Proj/HME/Hold My Egg/Assets
GfxDevice: creating device client; kGfxThreadingModeNonThreaded
Direct3D:
    Version:  Direct3D 11.0 [level 11.1]
    Renderer: NVIDIA GeForce RTX 3050 Laptop GPU (ID=0x25a2)
    Vendor:   NVIDIA
    VRAM:     3964 MB
    Driver:   32.0.15.6119
Initialize mono
Mono path[0] = 'C:/Program Files/Unity/Hub/Editor/6000.0.43f1/Editor/Data/Managed'
Mono path[1] = 'C:/Program Files/Unity/Hub/Editor/6000.0.43f1/Editor/Data/MonoBleedingEdge/lib/mono/unityjit-win32'
Mono config path = 'C:/Program Files/Unity/Hub/Editor/6000.0.43f1/Editor/Data/MonoBleedingEdge/etc'
Using monoOptions --debugger-agent=transport=dt_socket,embedding=1,server=y,suspend=n,address=127.0.0.1:56640
Begin MonoManager ReloadAssembly
Registering precompiled unity dll's ...
Register platform support module: C:/Program Files/Unity/Hub/Editor/6000.0.43f1/Editor/Data/PlaybackEngines/WebGLSupport/UnityEditor.WebGL.Extensions.dll
Register platform support module: C:/Program Files/Unity/Hub/Editor/6000.0.43f1/Editor/Data/PlaybackEngines/WindowsStandaloneSupport/UnityEditor.WindowsStandalone.Extensions.dll
Register platform support module: C:/Program Files/Unity/Hub/Editor/6000.0.43f1/Editor/Data/PlaybackEngines/AndroidPlayer/UnityEditor.Android.Extensions.dll
Registered in 0.086244 seconds.
- Loaded All Assemblies, in  2.728 seconds
Native extension for Android target not found
Android Extension - Scanning For ADB Devices 890 ms
Native extension for WindowsStandalone target not found
Native extension for WebGL target not found
Mono: successfully reloaded assembly
- Finished resetting the current domain, in  2.685 seconds
Domain Reload Profiling: 5410ms
	BeginReloadAssembly (1371ms)
		ExecutionOrderSort (0ms)
		DisableScriptedObjects (0ms)
		BackupInstance (0ms)
		ReleaseScriptingObjects (0ms)
		CreateAndSetChildDomain (14ms)
	RebuildCommonClasses (236ms)
	RebuildNativeTypeToScriptingClass (58ms)
	initialDomainReloadingComplete (360ms)
	LoadAllAssembliesAndSetupDomain (694ms)
		LoadAssemblies (1351ms)
		RebuildTransferFunctionScriptingTraits (0ms)
		AnalyzeDomain (678ms)
			TypeCache.Refresh (674ms)
				TypeCache.ScanAssembly (627ms)
			BuildScriptInfoCaches (1ms)
			ResolveRequiredComponents (1ms)
	FinalizeReload (2691ms)
		ReleaseScriptCaches (0ms)
		RebuildScriptCaches (0ms)
		SetupLoadedEditorAssemblies (2290ms)
			LogAssemblyErrors (0ms)
			InitializePlatformSupportModulesInManaged (1249ms)
			SetLoadedEditorAssemblies (28ms)
			BeforeProcessingInitializeOnLoad (195ms)
			ProcessInitializeOnLoadAttributes (594ms)
			ProcessInitializeOnLoadMethodAttributes (224ms)
			AfterProcessingInitializeOnLoad (0ms)
			EditorAssembliesLoaded (0ms)
		ExecutionOrderSort2 (0ms)
		AwakeInstancesAfterBackupRestoration (0ms)
========================================================================
Worker process is ready to serve import requests
Import Worker Mode flag is 0x00
Begin MonoManager ReloadAssembly
Symbol file LoadedFromMemory is not a mono symbol file
- Loaded All Assemblies, in  4.118 seconds
Refreshing native plugins compatible for Editor in 93.76 ms, found 3 plugins.
Native extension for Android target not found
Native extension for WindowsStandalone target not found
Native extension for WebGL target not found
Refreshing native plugins compatible for Editor in 35.60 ms, found 3 plugins.
Mono: successfully reloaded assembly
- Finished resetting the current domain, in  3.378 seconds
Domain Reload Profiling: 7489ms
	BeginReloadAssembly (639ms)
		ExecutionOrderSort (0ms)
		DisableScriptedObjects (21ms)
		BackupInstance (0ms)
		ReleaseScriptingObjects (0ms)
		CreateAndSetChildDomain (119ms)
	RebuildCommonClasses (120ms)
	RebuildNativeTypeToScriptingClass (43ms)
	initialDomainReloadingComplete (119ms)
	LoadAllAssembliesAndSetupDomain (3189ms)
		LoadAssemblies (2043ms)
		RebuildTransferFunctionScriptingTraits (0ms)
		AnalyzeDomain (1503ms)
			TypeCache.Refresh (911ms)
				TypeCache.ScanAssembly (748ms)
			BuildScriptInfoCaches (536ms)
			ResolveRequiredComponents (43ms)
	FinalizeReload (3379ms)
		ReleaseScriptCaches (0ms)
		RebuildScriptCaches (0ms)
		SetupLoadedEditorAssemblies (2561ms)
			LogAssemblyErrors (0ms)
			InitializePlatformSupportModulesInManaged (45ms)
			SetLoadedEditorAssemblies (14ms)
			BeforeProcessingInitializeOnLoad (495ms)
			ProcessInitializeOnLoadAttributes (1187ms)
			ProcessInitializeOnLoadMethodAttributes (806ms)
			AfterProcessingInitializeOnLoad (13ms)
			EditorAssembliesLoaded (1ms)
		ExecutionOrderSort2 (0ms)
		AwakeInstancesAfterBackupRestoration (10ms)
Launched and connected shader compiler UnityShaderCompiler.exe after 0.04 seconds
Refreshing native plugins compatible for Editor in 27.81 ms, found 3 plugins.
Preloading 0 native plugins for Editor in 0.00 ms.
Unloading 224 Unused Serialized files (Serialized files now loaded: 0)
Unloading 5735 unused Assets / (3.7 MB). Loaded Objects now: 6279.
Memory consumption went from 171.7 MB to 167.9 MB.
Total: 49.579400 ms (FindLiveObjects: 5.074900 ms CreateObjectMapping: 10.465800 ms MarkObjects: 27.867300 ms  DeleteObjects: 6.162400 ms)

========================================================================
Received Import Request.
  Time since last request: 123163.415111 seconds.
  path: Assets/Lean/Localization/Examples/04 Change Language.unity
  artifactKey: Guid(c503bc0d08774bc46b01f7f962634a94) Importer(2089858483,934ff659095e30574adcf32a4c2f97b5)
Start importing Assets/Lean/Localization/Examples/04 Change Language.unity using Guid(c503bc0d08774bc46b01f7f962634a94) Importer(2089858483,934ff659095e30574adcf32a4c2f97b5) (ScriptedImporter) -> (artifact id: 'b7cff7e1250623646acd3eb1d2854390') in 0.5418416 seconds
Number of updated asset objects reloaded before import = 0Number of asset objects unloaded after import = 1

========================================================================
Received Import Request.
  Time since last request: 0.001654 seconds.
  path: Assets/Lean/Localization/Languages/Italian.prefab
  artifactKey: Guid(6ce49b6a86dedf943ab7d45ec2375ae0) Importer(2089858483,934ff659095e30574adcf32a4c2f97b5)
Start importing Assets/Lean/Localization/Languages/Italian.prefab using Guid(6ce49b6a86dedf943ab7d45ec2375ae0) Importer(2089858483,934ff659095e30574adcf32a4c2f97b5) (ScriptedImporter) -> (artifact id: 'b39ef847e24150c0e810384c4bdebb86') in 0.0982592 seconds
Number of updated asset objects reloaded before import = 0Number of asset objects unloaded after import = 5

========================================================================
Received Import Request.
  Time since last request: 0.000038 seconds.
  path: Assets/Lean/Common/package.json
  artifactKey: Guid(5b161f7eaaf64aa40ba67688774eb06f) Importer(2089858483,934ff659095e30574adcf32a4c2f97b5)
Start importing Assets/Lean/Common/package.json using Guid(5b161f7eaaf64aa40ba67688774eb06f) Importer(2089858483,934ff659095e30574adcf32a4c2f97b5) (ScriptedImporter) -> (artifact id: 'e66cfb8732c5babd871eabbfff251c3b') in 0.0719135 seconds
Number of updated asset objects reloaded before import = 0Number of asset objects unloaded after import = 1

========================================================================
Received Import Request.
  Time since last request: 0.000053 seconds.
  path: Assets/Settings/New 2D Renderer Data.asset
  artifactKey: Guid(1f40bdfda566f494398ab3b871b242b1) Importer(2089858483,934ff659095e30574adcf32a4c2f97b5)
Start importing Assets/Settings/New 2D Renderer Data.asset using Guid(1f40bdfda566f494398ab3b871b242b1) Importer(2089858483,934ff659095e30574adcf32a4c2f97b5) (ScriptedImporter) -> (artifact id: '06ebdd45205f5421c79eeab41e42d7b4') in 0.2290282 seconds
Number of updated asset objects reloaded before import = 0Number of asset objects unloaded after import = 1

========================================================================
Received Import Request.
  Time since last request: 0.025603 seconds.
  path: Assets/LunarConsole/Editor/Automation/common.sh
  artifactKey: Guid(599e0a1816cab4ce5a334faed3dc06f0) Importer(2089858483,934ff659095e30574adcf32a4c2f97b5)
Start importing Assets/LunarConsole/Editor/Automation/common.sh using Guid(599e0a1816cab4ce5a334faed3dc06f0) Importer(2089858483,934ff659095e30574adcf32a4c2f97b5) (ScriptedImporter) -> (artifact id: 'b094d4adb5fd753e62f44f46970252f2') in 0.0510396 seconds
Number of updated asset objects reloaded before import = 0Number of asset objects unloaded after import = 1

========================================================================
Received Import Request.
  Time since last request: 0.000033 seconds.
  path: Assets/Lean/Localization/Scripts/LeanLanguage.cs
  artifactKey: Guid(225ec97158446a94d9cb40a9f742a8b1) Importer(2089858483,934ff659095e30574adcf32a4c2f97b5)
Start importing Assets/Lean/Localization/Scripts/LeanLanguage.cs using Guid(225ec97158446a94d9cb40a9f742a8b1) Importer(2089858483,934ff659095e30574adcf32a4c2f97b5) (ScriptedImporter) -> (artifact id: 'f99a65e1b02a327907c755798dd00673') in 0.0586244 seconds
Number of updated asset objects reloaded before import = 0Number of asset objects unloaded after import = 0

========================================================================
Received Import Request.
  Time since last request: 0.000061 seconds.
  path: Assets/Plugins/Pixelplacement/iTween/iTween.cs
  artifactKey: Guid(521257714fc9e437a9163df2d37f2ea2) Importer(2089858483,934ff659095e30574adcf32a4c2f97b5)
Start importing Assets/Plugins/Pixelplacement/iTween/iTween.cs using Guid(521257714fc9e437a9163df2d37f2ea2) Importer(2089858483,934ff659095e30574adcf32a4c2f97b5) (ScriptedImporter) -> (artifact id: '5ab9209d4ff20de8c02c08e00f805187') in 0.0278904 seconds
Number of updated asset objects reloaded before import = 0Number of asset objects unloaded after import = 0

========================================================================
Received Import Request.
  Time since last request: 0.000050 seconds.
  path: Assets/AddressableAssetsData/AssetGroups/Localization-String-Tables-English (United States) (en-US).asset
  artifactKey: Guid(dcedcc182b4dedd418946d407848c604) Importer(2089858483,934ff659095e30574adcf32a4c2f97b5)
Start importing Assets/AddressableAssetsData/AssetGroups/Localization-String-Tables-English (United States) (en-US).asset using Guid(dcedcc182b4dedd418946d407848c604) Importer(2089858483,934ff659095e30574adcf32a4c2f97b5) (ScriptedImporter) -> (artifact id: 'c1d50ebe4efd8cb57fd2e688b89ba68e') in 0.0318162 seconds
Number of updated asset objects reloaded before import = 0Number of asset objects unloaded after import = 1

========================================================================
Received Import Request.
  Time since last request: 0.000054 seconds.
  path: Assets/Scenes/Levels/Level 89.unity
  artifactKey: Guid(baa2bc84a4351d84a91fc974f69f42e0) Importer(2089858483,934ff659095e30574adcf32a4c2f97b5)
Start importing Assets/Scenes/Levels/Level 89.unity using Guid(baa2bc84a4351d84a91fc974f69f42e0) Importer(2089858483,934ff659095e30574adcf32a4c2f97b5) (ScriptedImporter) -> (artifact id: '834764f3879a3343dffb29896baea678') in 0.0343054 seconds
Number of updated asset objects reloaded before import = 0Number of asset objects unloaded after import = 1

========================================================================
Received Import Request.
  Time since last request: 0.000069 seconds.
  path: Assets/LunarConsole/Editor/Android/lunar-console.aar
  artifactKey: Guid(8c04a287e839b49ec81abc152624ec48) Importer(2089858483,934ff659095e30574adcf32a4c2f97b5)
Start importing Assets/LunarConsole/Editor/Android/lunar-console.aar using Guid(8c04a287e839b49ec81abc152624ec48) Importer(2089858483,934ff659095e30574adcf32a4c2f97b5) (ScriptedImporter) -> (artifact id: 'f30643f2fe7fe30975dd4fcaebcab90e') in 0.0318529 seconds
Number of updated asset objects reloaded before import = 0Number of asset objects unloaded after import = 0

========================================================================
Received Import Request.
  Time since last request: 0.000035 seconds.
  path: Assets/LunarConsole/Scripts/Utils/Collections.cs
  artifactKey: Guid(3b750e5655ab4ec8815d75147013f8bb) Importer(2089858483,934ff659095e30574adcf32a4c2f97b5)
Start importing Assets/LunarConsole/Scripts/Utils/Collections.cs using Guid(3b750e5655ab4ec8815d75147013f8bb) Importer(2089858483,934ff659095e30574adcf32a4c2f97b5) (ScriptedImporter) -> (artifact id: '325d4252b06588fadd836d4abeb8b0cb') in 0.048511 seconds
Number of updated asset objects reloaded before import = 0Number of asset objects unloaded after import = 0

========================================================================
Received Import Request.
  Time since last request: 0.000034 seconds.
  path: Assets/_Assets/Prefab/Others/pf_Coin Collect Effect.prefab
  artifactKey: Guid(cc35ed20a2f16b24286313c40b1e7c0f) Importer(2089858483,934ff659095e30574adcf32a4c2f97b5)
Start importing Assets/_Assets/Prefab/Others/pf_Coin Collect Effect.prefab using Guid(cc35ed20a2f16b24286313c40b1e7c0f) Importer(2089858483,934ff659095e30574adcf32a4c2f97b5) (ScriptedImporter) -> (artifact id: 'b1a05ab5dc0ef6dab8ee3025940a5766') in 0.0977143 seconds
Number of updated asset objects reloaded before import = 0Number of asset objects unloaded after import = 7

========================================================================
Received Import Request.
  Time since last request: 0.000078 seconds.
  path: Assets/_Assets/Custome Assets/gameplay sprite/ground_back.PNG
  artifactKey: Guid(82aac344805aeae45a8851ff25840b5a) Importer(2089858483,934ff659095e30574adcf32a4c2f97b5)
Start importing Assets/_Assets/Custome Assets/gameplay sprite/ground_back.PNG using Guid(82aac344805aeae45a8851ff25840b5a) Importer(2089858483,934ff659095e30574adcf32a4c2f97b5) (ScriptedImporter) -> (artifact id: '6254a2c939913af8370e8b6ea7442c22') in 0.0563388 seconds
Number of updated asset objects reloaded before import = 0Number of asset objects unloaded after import = 2

========================================================================
Received Import Request.
  Time since last request: 0.000031 seconds.
  path: Assets/TextMesh Pro/Resources/Style Sheets/Default Style Sheet.asset
  artifactKey: Guid(f952c082cb03451daed3ee968ac6c63e) Importer(2089858483,934ff659095e30574adcf32a4c2f97b5)
Start importing Assets/TextMesh Pro/Resources/Style Sheets/Default Style Sheet.asset using Guid(f952c082cb03451daed3ee968ac6c63e) Importer(2089858483,934ff659095e30574adcf32a4c2f97b5) (ScriptedImporter) -> (artifact id: 'b81fb6594502741f4e01510b2d12250e') in 0.0425674 seconds
Number of updated asset objects reloaded before import = 0Number of asset objects unloaded after import = 1

========================================================================
Received Import Request.
  Time since last request: 0.000033 seconds.
  path: Assets/_Assets/Prefab/Others/pf_ Coin.prefab
  artifactKey: Guid(772f82bc3480dd74781e7059d6c1f5e3) Importer(2089858483,934ff659095e30574adcf32a4c2f97b5)
Start importing Assets/_Assets/Prefab/Others/pf_ Coin.prefab using Guid(772f82bc3480dd74781e7059d6c1f5e3) Importer(2089858483,934ff659095e30574adcf32a4c2f97b5) (ScriptedImporter) -> (artifact id: '2b7ae57212fcefb87a93453ea4388966') in 0.0503425 seconds
Number of updated asset objects reloaded before import = 0Number of asset objects unloaded after import = 16

========================================================================
Received Import Request.
  Time since last request: 0.000053 seconds.
  path: Assets/_Assets/Prefab/Debug Controller/Debug Manager.prefab
  artifactKey: Guid(a5160ce77a429ea40988f7a205f7da1b) Importer(2089858483,934ff659095e30574adcf32a4c2f97b5)
Start importing Assets/_Assets/Prefab/Debug Controller/Debug Manager.prefab using Guid(a5160ce77a429ea40988f7a205f7da1b) Importer(2089858483,934ff659095e30574adcf32a4c2f97b5) (ScriptedImporter) -> (artifact id: '9124ce8bd4886b633208a53f80165422') in 0.1092611 seconds
Number of updated asset objects reloaded before import = 0Number of asset objects unloaded after import = 73

========================================================================
Received Import Request.
  Time since last request: 0.000028 seconds.
  path: Assets/_Assets/Scriptable Objects/Level Data/Level 10.asset
  artifactKey: Guid(89510afa214116546a057448fc621400) Importer(2089858483,934ff659095e30574adcf32a4c2f97b5)
Start importing Assets/_Assets/Scriptable Objects/Level Data/Level 10.asset using Guid(89510afa214116546a057448fc621400) Importer(2089858483,934ff659095e30574adcf32a4c2f97b5) (ScriptedImporter) -> (artifact id: '600211b40af94d3f64d50d17cedb94cd') in 0.0506977 seconds
Number of updated asset objects reloaded before import = 0Number of asset objects unloaded after import = 266

========================================================================
Received Import Request.
  Time since last request: 0.000059 seconds.
  path: Assets/Parse/Plugins/dotNet45/Unity.Tasks.dll
  artifactKey: Guid(bd18eee30834e4f71bded96fd14033a9) Importer(2089858483,934ff659095e30574adcf32a4c2f97b5)
Start importing Assets/Parse/Plugins/dotNet45/Unity.Tasks.dll using Guid(bd18eee30834e4f71bded96fd14033a9) Importer(2089858483,934ff659095e30574adcf32a4c2f97b5) (ScriptedImporter) -> (artifact id: 'b6e13e7d29deed57ebb45765c49c5a2d') in 0.0228214 seconds
Number of updated asset objects reloaded before import = 0Number of asset objects unloaded after import = 0

========================================================================
Received Import Request.
  Time since last request: 0.000049 seconds.
  path: Assets/AddressableAssetsData/AssetGroups/Localization-String-Tables-English (en).asset
  artifactKey: Guid(4602a492656eb9146be2444a011c8f7d) Importer(2089858483,934ff659095e30574adcf32a4c2f97b5)
Start importing Assets/AddressableAssetsData/AssetGroups/Localization-String-Tables-English (en).asset using Guid(4602a492656eb9146be2444a011c8f7d) Importer(2089858483,934ff659095e30574adcf32a4c2f97b5) (ScriptedImporter) -> (artifact id: '7e8f208e183d00faaf1d341e7294680d') in 0.03282 seconds
Number of updated asset objects reloaded before import = 0Number of asset objects unloaded after import = 1

========================================================================
Received Import Request.
  Time since last request: 0.000039 seconds.
  path: Assets/Lean/Localization/Scripts/LeanLanguageCSV.cs
  artifactKey: Guid(086ae75064fca9f46b315403da7f5d20) Importer(2089858483,934ff659095e30574adcf32a4c2f97b5)
Start importing Assets/Lean/Localization/Scripts/LeanLanguageCSV.cs using Guid(086ae75064fca9f46b315403da7f5d20) Importer(2089858483,934ff659095e30574adcf32a4c2f97b5) (ScriptedImporter) -> (artifact id: 'b91beb97e6dfddf0718bbb56178e3c8a') in 0.023292 seconds
Number of updated asset objects reloaded before import = 0Number of asset objects unloaded after import = 0

========================================================================
Received Import Request.
  Time since last request: 0.000022 seconds.
  path: Assets/Scenes/Levels/Level 51.unity
  artifactKey: Guid(a4a00da1da021ad4c8825c471f4e5de2) Importer(2089858483,934ff659095e30574adcf32a4c2f97b5)
Start importing Assets/Scenes/Levels/Level 51.unity using Guid(a4a00da1da021ad4c8825c471f4e5de2) Importer(2089858483,934ff659095e30574adcf32a4c2f97b5) (ScriptedImporter) -> (artifact id: '8e18c2efaae3daafd2e4fe81a54d552c') in 0.0256292 seconds
Number of updated asset objects reloaded before import = 0Number of asset objects unloaded after import = 1

========================================================================
Received Import Request.
  Time since last request: 0.000018 seconds.
  path: Assets/Scenes/Levels/Level 79.unity
  artifactKey: Guid(f972a75c5e4b1004bb01673135aceb7f) Importer(2089858483,934ff659095e30574adcf32a4c2f97b5)
Start importing Assets/Scenes/Levels/Level 79.unity using Guid(f972a75c5e4b1004bb01673135aceb7f) Importer(2089858483,934ff659095e30574adcf32a4c2f97b5) (ScriptedImporter) -> (artifact id: 'db7f7c7931b1dc9257712cbc674c90a8') in 0.0226633 seconds
Number of updated asset objects reloaded before import = 0Number of asset objects unloaded after import = 1

========================================================================
Received Import Request.
  Time since last request: 0.000030 seconds.
  path: Assets/_Assets/Custome Assets/New Blue Bowl Bottom.png
  artifactKey: Guid(0a5a9ad976944434ea28024e16f02a2a) Importer(2089858483,934ff659095e30574adcf32a4c2f97b5)
Start importing Assets/_Assets/Custome Assets/New Blue Bowl Bottom.png using Guid(0a5a9ad976944434ea28024e16f02a2a) Importer(2089858483,934ff659095e30574adcf32a4c2f97b5) (ScriptedImporter) -> (artifact id: 'c929c80f3b3312ecc4106e1eb9c4f67e') in 0.0248847 seconds
Number of updated asset objects reloaded before import = 0Number of asset objects unloaded after import = 2

========================================================================
Received Import Request.
  Time since last request: 0.000053 seconds.
  path: Assets/LunarConsole/Editor/Legacy/LunarConsoleLegacyActionsEditor.cs
  artifactKey: Guid(8ee2594af279d40b7a9b5df24bca99b9) Importer(2089858483,934ff659095e30574adcf32a4c2f97b5)
Start importing Assets/LunarConsole/Editor/Legacy/LunarConsoleLegacyActionsEditor.cs using Guid(8ee2594af279d40b7a9b5df24bca99b9) Importer(2089858483,934ff659095e30574adcf32a4c2f97b5) (ScriptedImporter) -> (artifact id: 'df128d5a0000d7640d6ce165acd5e75f') in 0.0297804 seconds
Number of updated asset objects reloaded before import = 0Number of asset objects unloaded after import = 0

========================================================================
Received Import Request.
  Time since last request: 0.000028 seconds.
  path: Assets/Scenes/Levels/Level 54.unity
  artifactKey: Guid(6bf1ed390ea8c58419091080b8111d18) Importer(2089858483,934ff659095e30574adcf32a4c2f97b5)
Start importing Assets/Scenes/Levels/Level 54.unity using Guid(6bf1ed390ea8c58419091080b8111d18) Importer(2089858483,934ff659095e30574adcf32a4c2f97b5) (ScriptedImporter) -> (artifact id: '16e3f40eb51ea2fc917909158a2f7083') in 0.022851 seconds
Number of updated asset objects reloaded before import = 0Number of asset objects unloaded after import = 1

========================================================================
Received Import Request.
  Time since last request: 0.000027 seconds.
  path: Assets/Lean/Localization/Examples/11 Prefabs.unity
  artifactKey: Guid(01da3a71c3c89ae4b846bad483d64a92) Importer(2089858483,934ff659095e30574adcf32a4c2f97b5)
Start importing Assets/Lean/Localization/Examples/11 Prefabs.unity using Guid(01da3a71c3c89ae4b846bad483d64a92) Importer(2089858483,934ff659095e30574adcf32a4c2f97b5) (ScriptedImporter) -> (artifact id: 'b987366de46babdd4edd37bc9e19e103') in 0.0262389 seconds
Number of updated asset objects reloaded before import = 0Number of asset objects unloaded after import = 1

========================================================================
Received Import Request.
  Time since last request: 0.000036 seconds.
  path: Assets/Scenes/Levels/Level 33.unity
  artifactKey: Guid(f40e8b5f409bfa84da86e0810e0477c5) Importer(2089858483,934ff659095e30574adcf32a4c2f97b5)
Start importing Assets/Scenes/Levels/Level 33.unity using Guid(f40e8b5f409bfa84da86e0810e0477c5) Importer(2089858483,934ff659095e30574adcf32a4c2f97b5) (ScriptedImporter) -> (artifact id: 'e99c69286b97c7587b04e0f98fac42a4') in 0.0231149 seconds
Number of updated asset objects reloaded before import = 0Number of asset objects unloaded after import = 1

========================================================================
Received Import Request.
  Time since last request: 0.000038 seconds.
  path: Assets/TextMesh Pro/Shaders/TMP_Bitmap-Mobile.shader
  artifactKey: Guid(1e3b057af24249748ff873be7fafee47) Importer(2089858483,934ff659095e30574adcf32a4c2f97b5)
Start importing Assets/TextMesh Pro/Shaders/TMP_Bitmap-Mobile.shader using Guid(1e3b057af24249748ff873be7fafee47) Importer(2089858483,934ff659095e30574adcf32a4c2f97b5) (ScriptedImporter) -> (artifact id: '8a9df024c111dd7f1e0483d86112049b') in 0.0227582 seconds
Number of updated asset objects reloaded before import = 0Number of asset objects unloaded after import = 1

========================================================================
Received Import Request.
  Time since last request: 0.000037 seconds.
  path: Assets/Lean/Localization/LeanLocalization.asmdef
  artifactKey: Guid(218c8d088c76f5f45b9b3de347da2c05) Importer(2089858483,934ff659095e30574adcf32a4c2f97b5)
Start importing Assets/Lean/Localization/LeanLocalization.asmdef using Guid(218c8d088c76f5f45b9b3de347da2c05) Importer(2089858483,934ff659095e30574adcf32a4c2f97b5) (ScriptedImporter) -> (artifact id: 'f3dbb4d532f45c0e44131aeb628799a7') in 0.0252833 seconds
Number of updated asset objects reloaded before import = 0Number of asset objects unloaded after import = 1

========================================================================
Received Import Request.
  Time since last request: 0.000022 seconds.
  path: Assets/Lean/Localization/Languages/Japanese.prefab
  artifactKey: Guid(ec42e2074e930e94992aeb030caf4604) Importer(2089858483,934ff659095e30574adcf32a4c2f97b5)
Start importing Assets/Lean/Localization/Languages/Japanese.prefab using Guid(ec42e2074e930e94992aeb030caf4604) Importer(2089858483,934ff659095e30574adcf32a4c2f97b5) (ScriptedImporter) -> (artifact id: 'f3b3720dc99670294f0644b731aebc18') in 0.0254553 seconds
Number of updated asset objects reloaded before import = 0Number of asset objects unloaded after import = 5

========================================================================
Received Import Request.
  Time since last request: 0.000031 seconds.
  path: Assets/TextMesh Pro/Shaders/TMPro.cginc
  artifactKey: Guid(407bc68d299748449bbf7f48ee690f8d) Importer(2089858483,934ff659095e30574adcf32a4c2f97b5)
Start importing Assets/TextMesh Pro/Shaders/TMPro.cginc using Guid(407bc68d299748449bbf7f48ee690f8d) Importer(2089858483,934ff659095e30574adcf32a4c2f97b5) (ScriptedImporter) -> (artifact id: 'e95abb694128c764b1afca3649761872') in 0.0249973 seconds
Number of updated asset objects reloaded before import = 0Number of asset objects unloaded after import = 1

========================================================================
Received Import Request.
  Time since last request: 2.964828 seconds.
  path: Assets/_Assets/Scriptable Objects/Level Data/Level 15.asset
  artifactKey: Guid(0e6a918c335032c4d942e7fff28949d4) Importer(2089858483,934ff659095e30574adcf32a4c2f97b5)
Start importing Assets/_Assets/Scriptable Objects/Level Data/Level 15.asset using Guid(0e6a918c335032c4d942e7fff28949d4) Importer(2089858483,934ff659095e30574adcf32a4c2f97b5) (ScriptedImporter) -> (artifact id: '5531cdbac5f419f4b4b92a8d731a9aca') in 0.0718924 seconds
Number of updated asset objects reloaded before import = 0Number of asset objects unloaded after import = 266

========================================================================
Received Import Request.
  Time since last request: 0.000035 seconds.
  path: Assets/_Assets/Scriptable Objects/Level Data/Level 54.asset
  artifactKey: Guid(f4f7805d92350a74aaed2f1a26b0dbd8) Importer(2089858483,934ff659095e30574adcf32a4c2f97b5)
Start importing Assets/_Assets/Scriptable Objects/Level Data/Level 54.asset using Guid(f4f7805d92350a74aaed2f1a26b0dbd8) Importer(2089858483,934ff659095e30574adcf32a4c2f97b5) (ScriptedImporter) -> (artifact id: '11b7de667894d4a2df1b2d5debd1cf81') in 0.0641939 seconds
Number of updated asset objects reloaded before import = 0Number of asset objects unloaded after import = 312

========================================================================
Received Import Request.
  Time since last request: 0.000045 seconds.
  path: Assets/_Assets/Scriptable Objects/Level Data/Level 45.asset
  artifactKey: Guid(b3921a1f8a8a21a488d5038d0e1df596) Importer(2089858483,934ff659095e30574adcf32a4c2f97b5)
Start importing Assets/_Assets/Scriptable Objects/Level Data/Level 45.asset using Guid(b3921a1f8a8a21a488d5038d0e1df596) Importer(2089858483,934ff659095e30574adcf32a4c2f97b5) (ScriptedImporter) -> (artifact id: '56bca98cd537c2444b3193991f3a220a') in 0.05787 seconds
Number of updated asset objects reloaded before import = 0Number of asset objects unloaded after import = 312

========================================================================
Received Import Request.
  Time since last request: 0.000098 seconds.
  path: Assets/_Assets/Scriptable Objects/Level Data/Level 80.asset
  artifactKey: Guid(7336d227e66f81c4595f7510b34a77b6) Importer(2089858483,934ff659095e30574adcf32a4c2f97b5)
Start importing Assets/_Assets/Scriptable Objects/Level Data/Level 80.asset using Guid(7336d227e66f81c4595f7510b34a77b6) Importer(2089858483,934ff659095e30574adcf32a4c2f97b5) (ScriptedImporter) -> (artifact id: '55ac6bc5702d1352723b33c9722f28c2') in 0.0714688 seconds
Number of updated asset objects reloaded before import = 0Number of asset objects unloaded after import = 312

========================================================================
Received Import Request.
  Time since last request: 0.000054 seconds.
  path: Assets/_Assets/Scriptable Objects/Level Data/Level 42.asset
  artifactKey: Guid(bf3fd8fff896d3645bdaddab8f0f2b1c) Importer(2089858483,934ff659095e30574adcf32a4c2f97b5)
Start importing Assets/_Assets/Scriptable Objects/Level Data/Level 42.asset using Guid(bf3fd8fff896d3645bdaddab8f0f2b1c) Importer(2089858483,934ff659095e30574adcf32a4c2f97b5) (ScriptedImporter) -> (artifact id: '49e0578e0b1fab8bcb455e2131f0092b') in 0.0702449 seconds
Number of updated asset objects reloaded before import = 0Number of asset objects unloaded after import = 312

========================================================================
Received Import Request.
  Time since last request: 0.000281 seconds.
  path: Assets/Lean/Common/Examples/Shaders/Skybox.shader
  artifactKey: Guid(960aca9aa5d48ad4b8b522dbbab26d8a) Importer(2089858483,934ff659095e30574adcf32a4c2f97b5)
Start importing Assets/Lean/Common/Examples/Shaders/Skybox.shader using Guid(960aca9aa5d48ad4b8b522dbbab26d8a) Importer(2089858483,934ff659095e30574adcf32a4c2f97b5) (ScriptedImporter) -> (artifact id: 'c87a211898b9563227d760bb78d4e484') in 0.0387289 seconds
Number of updated asset objects reloaded before import = 0Number of asset objects unloaded after import = 1

========================================================================
Received Import Request.
  Time since last request: 0.000057 seconds.
  path: Assets/_Assets/Scripts/Player/CamerFollow.cs
  artifactKey: Guid(bd5d00e146fb5d04ba02a75ee1524c6a) Importer(2089858483,934ff659095e30574adcf32a4c2f97b5)
Start importing Assets/_Assets/Scripts/Player/CamerFollow.cs using Guid(bd5d00e146fb5d04ba02a75ee1524c6a) Importer(2089858483,934ff659095e30574adcf32a4c2f97b5) (ScriptedImporter) -> (artifact id: 'e5300f1ab03491e868efef4660dadedf') in 0.0379678 seconds
Number of updated asset objects reloaded before import = 0Number of asset objects unloaded after import = 0

========================================================================
Received Import Request.
  Time since last request: 0.000034 seconds.
  path: Assets/_Assets/Scriptable Objects/Level Data/Level 69.asset
  artifactKey: Guid(e4491187b3a718843b4496e345e8cb2d) Importer(2089858483,934ff659095e30574adcf32a4c2f97b5)
Start importing Assets/_Assets/Scriptable Objects/Level Data/Level 69.asset using Guid(e4491187b3a718843b4496e345e8cb2d) Importer(2089858483,934ff659095e30574adcf32a4c2f97b5) (ScriptedImporter) -> (artifact id: 'e9953a1a514628e949e53f4f0f001141') in 0.0683195 seconds
Number of updated asset objects reloaded before import = 0Number of asset objects unloaded after import = 312

========================================================================
Received Import Request.
  Time since last request: 0.000056 seconds.
  path: Assets/_Assets/Scriptable Objects/Level Data/Level 4.asset
  artifactKey: Guid(05b3bd4a202e22948a344b2120b8d76a) Importer(2089858483,934ff659095e30574adcf32a4c2f97b5)
Start importing Assets/_Assets/Scriptable Objects/Level Data/Level 4.asset using Guid(05b3bd4a202e22948a344b2120b8d76a) Importer(2089858483,934ff659095e30574adcf32a4c2f97b5) (ScriptedImporter) -> (artifact id: 'fe2a794beca2999d6b709fea1e03c0f3') in 0.0499173 seconds
Number of updated asset objects reloaded before import = 0Number of asset objects unloaded after import = 90

========================================================================
Received Import Request.
  Time since last request: 0.000162 seconds.
  path: Assets/_Assets/Scriptable Objects/Level Data/Level 7.asset
  artifactKey: Guid(8a7f1b807516b5746ac02280cff36fa4) Importer(2089858483,934ff659095e30574adcf32a4c2f97b5)
Start importing Assets/_Assets/Scriptable Objects/Level Data/Level 7.asset using Guid(8a7f1b807516b5746ac02280cff36fa4) Importer(2089858483,934ff659095e30574adcf32a4c2f97b5) (ScriptedImporter) -> (artifact id: '8f39570eff321bc3040bb5a8d403474c') in 0.0450439 seconds
Number of updated asset objects reloaded before import = 0Number of asset objects unloaded after import = 90

========================================================================
Received Import Request.
  Time since last request: 0.000051 seconds.
  path: Assets/Lean/Localization/Examples/Media/Spanish Flag.mat
  artifactKey: Guid(1bd298288c3e60e4fb53bb647bbd23f5) Importer(2089858483,934ff659095e30574adcf32a4c2f97b5)
Start importing Assets/Lean/Localization/Examples/Media/Spanish Flag.mat using Guid(1bd298288c3e60e4fb53bb647bbd23f5) Importer(2089858483,934ff659095e30574adcf32a4c2f97b5) (ScriptedImporter) -> (artifact id: 'f3736cd8920b1c5c8213bd47cd27a9d2') in 0.0387332 seconds
Number of updated asset objects reloaded before import = 0Number of asset objects unloaded after import = 1

========================================================================
Received Import Request.
  Time since last request: 0.000033 seconds.
  path: Assets/Lean/Localization/Examples/Media/LeanDebugLocalization.cs
  artifactKey: Guid(92bab22e899c1cf4da449dd399ebd43b) Importer(2089858483,934ff659095e30574adcf32a4c2f97b5)
Start importing Assets/Lean/Localization/Examples/Media/LeanDebugLocalization.cs using Guid(92bab22e899c1cf4da449dd399ebd43b) Importer(2089858483,934ff659095e30574adcf32a4c2f97b5) (ScriptedImporter) -> (artifact id: 'f2ccbfecc0f6093d6584702924412f23') in 0.022039 seconds
Number of updated asset objects reloaded before import = 0Number of asset objects unloaded after import = 0

========================================================================
Received Import Request.
  Time since last request: 0.000038 seconds.
  path: Assets/Lean/Common/Examples/Fonts/VarelaRound-Regular.txt
  artifactKey: Guid(d3bf4a59b3982614bb8b244963bac3ad) Importer(2089858483,934ff659095e30574adcf32a4c2f97b5)
Start importing Assets/Lean/Common/Examples/Fonts/VarelaRound-Regular.txt using Guid(d3bf4a59b3982614bb8b244963bac3ad) Importer(2089858483,934ff659095e30574adcf32a4c2f97b5) (ScriptedImporter) -> (artifact id: '78f6816f8bf5929698b93d1076a7ff45') in 0.0284156 seconds
Number of updated asset objects reloaded before import = 0Number of asset objects unloaded after import = 1

========================================================================
Received Import Request.
  Time since last request: 0.000051 seconds.
  path: Assets/Lean/Common/Examples/Prefabs/Grid.prefab
  artifactKey: Guid(4d8e5dc336efc8146938948f3cd24843) Importer(2089858483,934ff659095e30574adcf32a4c2f97b5)
Start importing Assets/Lean/Common/Examples/Prefabs/Grid.prefab using Guid(4d8e5dc336efc8146938948f3cd24843) Importer(2089858483,934ff659095e30574adcf32a4c2f97b5) (ScriptedImporter) -> (artifact id: 'cf86f90376a205d65d771150eebcf233') in 0.0358842 seconds
Number of updated asset objects reloaded before import = 0Number of asset objects unloaded after import = 4

========================================================================
Received Import Request.
  Time since last request: 0.000029 seconds.
  path: Assets/Lean/Common/Examples/Scripts/LeanUpgradeEventSystem.cs
  artifactKey: Guid(8e751784a72fb1d4b896441ac1dbee98) Importer(2089858483,934ff659095e30574adcf32a4c2f97b5)
Start importing Assets/Lean/Common/Examples/Scripts/LeanUpgradeEventSystem.cs using Guid(8e751784a72fb1d4b896441ac1dbee98) Importer(2089858483,934ff659095e30574adcf32a4c2f97b5) (ScriptedImporter) -> (artifact id: '08330ed4046c79fb7e411737fe04e456') in 0.0300289 seconds
Number of updated asset objects reloaded before import = 0Number of asset objects unloaded after import = 0

========================================================================
Received Import Request.
  Time since last request: 0.000036 seconds.
  path: Assets/_Assets/Scriptable Objects/Level Data/Level 61.asset
  artifactKey: Guid(397cff08972233a499d8cbd53b2b863d) Importer(2089858483,934ff659095e30574adcf32a4c2f97b5)
Start importing Assets/_Assets/Scriptable Objects/Level Data/Level 61.asset using Guid(397cff08972233a499d8cbd53b2b863d) Importer(2089858483,934ff659095e30574adcf32a4c2f97b5) (ScriptedImporter) -> (artifact id: 'd3d0ae0ed96b735e054ccd9fa270d3a2') in 0.0639189 seconds
Number of updated asset objects reloaded before import = 0Number of asset objects unloaded after import = 312

========================================================================
Received Import Request.
  Time since last request: 0.000055 seconds.
  path: Assets/_Assets/Scriptable Objects/Level Data/Level 70.asset
  artifactKey: Guid(876cc33b8c319aa4cb30a99d8dc31330) Importer(2089858483,934ff659095e30574adcf32a4c2f97b5)
Start importing Assets/_Assets/Scriptable Objects/Level Data/Level 70.asset using Guid(876cc33b8c319aa4cb30a99d8dc31330) Importer(2089858483,934ff659095e30574adcf32a4c2f97b5) (ScriptedImporter) -> (artifact id: 'afda740fa5cef925aa32bb77934bd142') in 0.0484991 seconds
Number of updated asset objects reloaded before import = 0Number of asset objects unloaded after import = 312

========================================================================
Received Import Request.
  Time since last request: 0.000072 seconds.
  path: Assets/_Assets/Scriptable Objects/Level Data/Level 51.asset
  artifactKey: Guid(c144670a3e4f6b0429fc610ae581860c) Importer(2089858483,934ff659095e30574adcf32a4c2f97b5)
Start importing Assets/_Assets/Scriptable Objects/Level Data/Level 51.asset using Guid(c144670a3e4f6b0429fc610ae581860c) Importer(2089858483,934ff659095e30574adcf32a4c2f97b5) (ScriptedImporter) -> (artifact id: '636804840087825a2931c1e6782bb7fe') in 0.0494699 seconds
Number of updated asset objects reloaded before import = 0Number of asset objects unloaded after import = 312

========================================================================
Received Import Request.
  Time since last request: 0.000036 seconds.
  path: Assets/_Assets/Scriptable Objects/Level Data/Level 63.asset
  artifactKey: Guid(60e3fa620cece0341a29d2d205a76782) Importer(2089858483,934ff659095e30574adcf32a4c2f97b5)
Start importing Assets/_Assets/Scriptable Objects/Level Data/Level 63.asset using Guid(60e3fa620cece0341a29d2d205a76782) Importer(2089858483,934ff659095e30574adcf32a4c2f97b5) (ScriptedImporter) -> (artifact id: '11df6ffdbfeeba2067036bbee4d1cfa0') in 0.0603433 seconds
Number of updated asset objects reloaded before import = 0Number of asset objects unloaded after import = 312

========================================================================
Received Import Request.
  Time since last request: 0.000055 seconds.
  path: Assets/_Assets/Scriptable Objects/Level Data/Level 30.asset
  artifactKey: Guid(a9efb0e063baa5d41b50c17686a3cb47) Importer(2089858483,934ff659095e30574adcf32a4c2f97b5)
Start importing Assets/_Assets/Scriptable Objects/Level Data/Level 30.asset using Guid(a9efb0e063baa5d41b50c17686a3cb47) Importer(2089858483,934ff659095e30574adcf32a4c2f97b5) (ScriptedImporter) -> (artifact id: '204f6697e76b9a8fafc1ca6ca9555235') in 0.0503578 seconds
Number of updated asset objects reloaded before import = 0Number of asset objects unloaded after import = 312

========================================================================
Received Import Request.
  Time since last request: 0.000041 seconds.
  path: Assets/_Assets/Scriptable Objects/Level Data/Level 47.asset
  artifactKey: Guid(5bad0ff16fcb2f442adf442deef00f5c) Importer(2089858483,934ff659095e30574adcf32a4c2f97b5)
Start importing Assets/_Assets/Scriptable Objects/Level Data/Level 47.asset using Guid(5bad0ff16fcb2f442adf442deef00f5c) Importer(2089858483,934ff659095e30574adcf32a4c2f97b5) (ScriptedImporter) -> (artifact id: '2967db404144c8f7bfd8fd2889f42b49') in 0.0541008 seconds
Number of updated asset objects reloaded before import = 0Number of asset objects unloaded after import = 312

========================================================================
Received Import Request.
  Time since last request: 0.000066 seconds.
  path: Assets/_Assets/Fonts/Custom Tmpro/Custome Assets for Poppins/Poppins-Bold SDF.asset
  artifactKey: Guid(fb3af38f31486044bb416240f3c1b280) Importer(2089858483,934ff659095e30574adcf32a4c2f97b5)
Start importing Assets/_Assets/Fonts/Custom Tmpro/Custome Assets for Poppins/Poppins-Bold SDF.asset using Guid(fb3af38f31486044bb416240f3c1b280) Importer(2089858483,934ff659095e30574adcf32a4c2f97b5) (ScriptedImporter) -> (artifact id: '41d36c698dd58777132003cf7201249f') in 0.0451683 seconds
Number of updated asset objects reloaded before import = 0Number of asset objects unloaded after import = 3

========================================================================
Received Import Request.
  Time since last request: 0.000025 seconds.
  path: Assets/_Assets/Custome Assets/HoldMyEgg-Complete/GamePlayAssets/top.PNG
  artifactKey: Guid(1c39b4421ec54c24fa35643178e50f6e) Importer(2089858483,934ff659095e30574adcf32a4c2f97b5)
Start importing Assets/_Assets/Custome Assets/HoldMyEgg-Complete/GamePlayAssets/top.PNG using Guid(1c39b4421ec54c24fa35643178e50f6e) Importer(2089858483,934ff659095e30574adcf32a4c2f97b5) (ScriptedImporter) -> (artifact id: 'a129e99215113f76b446974c099f192b') in 0.0420421 seconds
Number of updated asset objects reloaded before import = 0Number of asset objects unloaded after import = 2

========================================================================
Received Import Request.
  Time since last request: 0.000029 seconds.
  path: Assets/_Assets/Custome Assets/HoldMyEgg-Complete/GamePlayAssets/coin sprite .png
  artifactKey: Guid(7649bb97993cee94c91b556b9456f84d) Importer(2089858483,934ff659095e30574adcf32a4c2f97b5)
Start importing Assets/_Assets/Custome Assets/HoldMyEgg-Complete/GamePlayAssets/coin sprite .png using Guid(7649bb97993cee94c91b556b9456f84d) Importer(2089858483,934ff659095e30574adcf32a4c2f97b5) (ScriptedImporter) -> (artifact id: '761267af349c880f288e0eeb936c9bda') in 0.066321 seconds
Number of updated asset objects reloaded before import = 0Number of asset objects unloaded after import = 8

========================================================================
Received Import Request.
  Time since last request: 0.000039 seconds.
  path: Assets/_Assets/Custome Assets/Egg game assets/shop/btn_shop.png
  artifactKey: Guid(48759e478f060c140abef3772cd556c1) Importer(2089858483,934ff659095e30574adcf32a4c2f97b5)
Start importing Assets/_Assets/Custome Assets/Egg game assets/shop/btn_shop.png using Guid(48759e478f060c140abef3772cd556c1) Importer(2089858483,934ff659095e30574adcf32a4c2f97b5) (ScriptedImporter) -> (artifact id: 'cfea72c7f47f29ba950a17104431a1b7') in 0.0398432 seconds
Number of updated asset objects reloaded before import = 0Number of asset objects unloaded after import = 2

========================================================================
Received Import Request.
  Time since last request: 0.000057 seconds.
  path: Assets/_Assets/Fonts/Custom Tmpro/Custome Assets for Poppins/Poppins-Medium.asset
  artifactKey: Guid(5a482456abd4cd24f9cb00e3a46a2c5c) Importer(2089858483,934ff659095e30574adcf32a4c2f97b5)
Start importing Assets/_Assets/Fonts/Custom Tmpro/Custome Assets for Poppins/Poppins-Medium.asset using Guid(5a482456abd4cd24f9cb00e3a46a2c5c) Importer(2089858483,934ff659095e30574adcf32a4c2f97b5) (ScriptedImporter) -> (artifact id: 'a1dfe3bd0030f805cef9263cc19c7308') in 0.0421756 seconds
Number of updated asset objects reloaded before import = 0Number of asset objects unloaded after import = 3

========================================================================
Received Import Request.
  Time since last request: 0.000034 seconds.
  path: Assets/_Assets/Custome Assets/HoldMyEgg-Complete/Settings/off.PNG
  artifactKey: Guid(8f60b6dd7b836e946a7597b380c21386) Importer(2089858483,934ff659095e30574adcf32a4c2f97b5)
Start importing Assets/_Assets/Custome Assets/HoldMyEgg-Complete/Settings/off.PNG using Guid(8f60b6dd7b836e946a7597b380c21386) Importer(2089858483,934ff659095e30574adcf32a4c2f97b5) (ScriptedImporter) -> (artifact id: 'ce6f0155a3d6309eb426d15ce624de47') in 0.0466997 seconds
Number of updated asset objects reloaded before import = 0Number of asset objects unloaded after import = 2

========================================================================
Received Import Request.
  Time since last request: 0.000037 seconds.
  path: Assets/_Assets/Prefab/Bowls Prefabs/Moving Bowls/pf_Green Patrolling Bowls.prefab
  artifactKey: Guid(dc729fdb9503e4e419e219434225c4f4) Importer(2089858483,934ff659095e30574adcf32a4c2f97b5)
Start importing Assets/_Assets/Prefab/Bowls Prefabs/Moving Bowls/pf_Green Patrolling Bowls.prefab using Guid(dc729fdb9503e4e419e219434225c4f4) Importer(2089858483,934ff659095e30574adcf32a4c2f97b5) (ScriptedImporter) -> (artifact id: '9cbef2bcd967e98be2ddaf98024358c7') in 0.04406 seconds
Number of updated asset objects reloaded before import = 0Number of asset objects unloaded after import = 20

========================================================================
Received Import Request.
  Time since last request: 0.000055 seconds.
  path: Assets/_Assets/Prefab/Bowls Prefabs/Bowls With Coins/pf_Blue Stationery Bowl with coins.prefab
  artifactKey: Guid(7866d7e0b7d21ed41ab88344da8d204c) Importer(2089858483,934ff659095e30574adcf32a4c2f97b5)
Start importing Assets/_Assets/Prefab/Bowls Prefabs/Bowls With Coins/pf_Blue Stationery Bowl with coins.prefab using Guid(7866d7e0b7d21ed41ab88344da8d204c) Importer(2089858483,934ff659095e30574adcf32a4c2f97b5) (ScriptedImporter) -> (artifact id: '25f24a0d3ef99e660cfcdf11cf5f9828') in 0.0431198 seconds
Number of updated asset objects reloaded before import = 0Number of asset objects unloaded after import = 34

========================================================================
Received Import Request.
  Time since last request: 0.000031 seconds.
  path: Assets/_Assets/Custome Assets/HoldMyEgg-Complete/game over/egg_failed.PNG
  artifactKey: Guid(ccc8ace1e59a1f34d9ffd35203aa393a) Importer(2089858483,934ff659095e30574adcf32a4c2f97b5)
Start importing Assets/_Assets/Custome Assets/HoldMyEgg-Complete/game over/egg_failed.PNG using Guid(ccc8ace1e59a1f34d9ffd35203aa393a) Importer(2089858483,934ff659095e30574adcf32a4c2f97b5) (ScriptedImporter) -> (artifact id: 'f7068fb91a652c027a544f13c99e2ccd') in 0.0342402 seconds
Number of updated asset objects reloaded before import = 0Number of asset objects unloaded after import = 2

========================================================================
Received Import Request.
  Time since last request: 0.000036 seconds.
  path: Assets/_Assets/Custome Assets/HoldMyEgg-Complete/GamePlayAssets/background.JPG
  artifactKey: Guid(06ffe5ec5e90bbf4795c5a9759aefe42) Importer(2089858483,934ff659095e30574adcf32a4c2f97b5)
Start importing Assets/_Assets/Custome Assets/HoldMyEgg-Complete/GamePlayAssets/background.JPG using Guid(06ffe5ec5e90bbf4795c5a9759aefe42) Importer(2089858483,934ff659095e30574adcf32a4c2f97b5) (ScriptedImporter) -> (artifact id: 'ec05745862965473f0a3ed86edd1a9ce') in 0.0330665 seconds
Number of updated asset objects reloaded before import = 0Number of asset objects unloaded after import = 2

========================================================================
Received Import Request.
  Time since last request: 0.000139 seconds.
  path: Assets/_Assets/Fonts/Poppins/poppins/Poppins-Light.otf
  artifactKey: Guid(df733d1843df4394095ad0fe76b30233) Importer(2089858483,934ff659095e30574adcf32a4c2f97b5)
Start importing Assets/_Assets/Fonts/Poppins/poppins/Poppins-Light.otf using Guid(df733d1843df4394095ad0fe76b30233) Importer(2089858483,934ff659095e30574adcf32a4c2f97b5) (ScriptedImporter) -> (artifact id: '3db93e8cffd1c10700c3592f1e6a5328') in 0.045013 seconds
Number of updated asset objects reloaded before import = 0Number of asset objects unloaded after import = 3

========================================================================
Received Import Request.
  Time since last request: 0.000034 seconds.
  path: Assets/LunarConsole/Editor/iOS/Common/Images/lunar_console_actions_empty_warning@3x.png
  artifactKey: Guid(a52dbe5e8028e4f5a905a57b00cbf739) Importer(2089858483,934ff659095e30574adcf32a4c2f97b5)
Start importing Assets/LunarConsole/Editor/iOS/Common/Images/lunar_console_actions_empty_warning@3x.png using Guid(a52dbe5e8028e4f5a905a57b00cbf739) Importer(2089858483,934ff659095e30574adcf32a4c2f97b5) (ScriptedImporter) -> (artifact id: '7a94c1a57a6043b4443f43d2e518d3e9') in 0.0417112 seconds
Number of updated asset objects reloaded before import = 0Number of asset objects unloaded after import = 1

========================================================================
Received Import Request.
  Time since last request: 0.000034 seconds.
  path: Assets/_Assets/Prefab/Bowls Prefabs/Stationery Bowls/pf_Red stationery Bowl.prefab
  artifactKey: Guid(124084cc9a9481f449ffdd6a6fa0329c) Importer(2089858483,934ff659095e30574adcf32a4c2f97b5)
Start importing Assets/_Assets/Prefab/Bowls Prefabs/Stationery Bowls/pf_Red stationery Bowl.prefab using Guid(124084cc9a9481f449ffdd6a6fa0329c) Importer(2089858483,934ff659095e30574adcf32a4c2f97b5) (ScriptedImporter) -> (artifact id: '333d8d1ae6db5e3a7f527b8d48429866') in 0.0433618 seconds
Number of updated asset objects reloaded before import = 0Number of asset objects unloaded after import = 19

========================================================================
Received Import Request.
  Time since last request: 0.000035 seconds.
  path: Assets/_Assets/Scripts/Utility Scripts/Debuging Scripts/DebugController.cs
  artifactKey: Guid(37732a873a530c34eb93e265d64ea5ad) Importer(2089858483,934ff659095e30574adcf32a4c2f97b5)
Start importing Assets/_Assets/Scripts/Utility Scripts/Debuging Scripts/DebugController.cs using Guid(37732a873a530c34eb93e265d64ea5ad) Importer(2089858483,934ff659095e30574adcf32a4c2f97b5) (ScriptedImporter) -> (artifact id: 'dc017e720a5f1347af34418e8e4183d2') in 0.031209 seconds
Number of updated asset objects reloaded before import = 0Number of asset objects unloaded after import = 0

========================================================================
Received Import Request.
  Time since last request: 0.000035 seconds.
  path: Assets/_Assets/Scriptable Objects/Level Data/Level 85.asset
  artifactKey: Guid(de96afbbaf5ccf44d8ff657e5a3b04b5) Importer(2089858483,934ff659095e30574adcf32a4c2f97b5)
Start importing Assets/_Assets/Scriptable Objects/Level Data/Level 85.asset using Guid(de96afbbaf5ccf44d8ff657e5a3b04b5) Importer(2089858483,934ff659095e30574adcf32a4c2f97b5) (ScriptedImporter) -> (artifact id: '109ad437e694b5cf33436aeb593fb59c') in 0.0657368 seconds
Number of updated asset objects reloaded before import = 0Number of asset objects unloaded after import = 312

========================================================================
Received Import Request.
  Time since last request: 0.000050 seconds.
  path: Assets/_Assets/Fonts/Custom Tmpro/Custome Assets for Poppins/Poppins-Thin.asset
  artifactKey: Guid(272521b3efd74ba4886efa6963d5ffcf) Importer(2089858483,934ff659095e30574adcf32a4c2f97b5)
Start importing Assets/_Assets/Fonts/Custom Tmpro/Custome Assets for Poppins/Poppins-Thin.asset using Guid(272521b3efd74ba4886efa6963d5ffcf) Importer(2089858483,934ff659095e30574adcf32a4c2f97b5) (ScriptedImporter) -> (artifact id: '56d4b9b467180c4ac276458a490a58cd') in 0.0416811 seconds
Number of updated asset objects reloaded before import = 0Number of asset objects unloaded after import = 3

========================================================================
Received Import Request.
  Time since last request: 0.000039 seconds.
  path: Assets/LunarConsole/Editor/iOS/Common/Images/lunar_console_icon_button_more@2x.png
  artifactKey: Guid(3c326cb1f2f8d45c0bf107c756290d65) Importer(2089858483,934ff659095e30574adcf32a4c2f97b5)
Start importing Assets/LunarConsole/Editor/iOS/Common/Images/lunar_console_icon_button_more@2x.png using Guid(3c326cb1f2f8d45c0bf107c756290d65) Importer(2089858483,934ff659095e30574adcf32a4c2f97b5) (ScriptedImporter) -> (artifact id: '0c6258972158066aa4bf65558992108f') in 0.0296013 seconds
Number of updated asset objects reloaded before import = 0Number of asset objects unloaded after import = 1

========================================================================
Received Import Request.
  Time since last request: 0.000036 seconds.
  path: Assets/LunarConsole/Editor/iOS/Common/Images/lunar_console_icon_button_email@3x.png
  artifactKey: Guid(2063932157e9b43f28ebb60a0514b258) Importer(2089858483,934ff659095e30574adcf32a4c2f97b5)
Start importing Assets/LunarConsole/Editor/iOS/Common/Images/lunar_console_icon_button_email@3x.png using Guid(2063932157e9b43f28ebb60a0514b258) Importer(2089858483,934ff659095e30574adcf32a4c2f97b5) (ScriptedImporter) -> (artifact id: '04c2d30ba45872cfe2220f04d06f645e') in 0.0321532 seconds
Number of updated asset objects reloaded before import = 0Number of asset objects unloaded after import = 1

========================================================================
Received Import Request.
  Time since last request: 0.000048 seconds.
  path: Assets/Lean/Localization/Scripts/Behaviours/LeanLocalizedText.cs
  artifactKey: Guid(7ee4021ce59f313499a5cab041f02aba) Importer(2089858483,934ff659095e30574adcf32a4c2f97b5)
Start importing Assets/Lean/Localization/Scripts/Behaviours/LeanLocalizedText.cs using Guid(7ee4021ce59f313499a5cab041f02aba) Importer(2089858483,934ff659095e30574adcf32a4c2f97b5) (ScriptedImporter) -> (artifact id: '338fe42e16d970bb8accde735af36485') in 0.0268104 seconds
Number of updated asset objects reloaded before import = 0Number of asset objects unloaded after import = 0

========================================================================
Received Import Request.
  Time since last request: 0.000053 seconds.
  path: Assets/_Assets/Scriptable Objects/Level Data/Level 71.asset
  artifactKey: Guid(a587e9be7e7deb24990dbc08888afe3b) Importer(2089858483,934ff659095e30574adcf32a4c2f97b5)
Start importing Assets/_Assets/Scriptable Objects/Level Data/Level 71.asset using Guid(a587e9be7e7deb24990dbc08888afe3b) Importer(2089858483,934ff659095e30574adcf32a4c2f97b5) (ScriptedImporter) -> (artifact id: 'f70490d430e3f801c4540eb544b00906') in 0.0680696 seconds
Number of updated asset objects reloaded before import = 0Number of asset objects unloaded after import = 312

========================================================================
Received Import Request.
  Time since last request: 0.000030 seconds.
  path: Assets/LunarConsole/Editor/iOS/Common/Images/lunar_console_icon_button_clipboard@2x.png
  artifactKey: Guid(bee5a42b38f6548a2a312ac345342a7d) Importer(2089858483,934ff659095e30574adcf32a4c2f97b5)
Start importing Assets/LunarConsole/Editor/iOS/Common/Images/lunar_console_icon_button_clipboard@2x.png using Guid(bee5a42b38f6548a2a312ac345342a7d) Importer(2089858483,934ff659095e30574adcf32a4c2f97b5) (ScriptedImporter) -> (artifact id: 'f94f3c38fa30c94bb8570e899a8632b9') in 0.0297453 seconds
Number of updated asset objects reloaded before import = 0Number of asset objects unloaded after import = 1

========================================================================
Received Import Request.
  Time since last request: 0.000021 seconds.
  path: Assets/Lean/Common/Examples/Materials/Black.mat
  artifactKey: Guid(72c44f820e292664ead684b85643fada) Importer(2089858483,934ff659095e30574adcf32a4c2f97b5)
Start importing Assets/Lean/Common/Examples/Materials/Black.mat using Guid(72c44f820e292664ead684b85643fada) Importer(2089858483,934ff659095e30574adcf32a4c2f97b5) (ScriptedImporter) -> (artifact id: 'b515632ab1a4b5c621eb95b8ec6a1395') in 0.0337796 seconds
Number of updated asset objects reloaded before import = 0Number of asset objects unloaded after import = 1

========================================================================
Received Import Request.
  Time since last request: 0.000030 seconds.
  path: Assets/LunarConsole/Editor/iOS/Common/UI/LUPanViewGestureRecognizer.h
  artifactKey: Guid(098f4c547840e41f4b10c7a30e889321) Importer(2089858483,934ff659095e30574adcf32a4c2f97b5)
Start importing Assets/LunarConsole/Editor/iOS/Common/UI/LUPanViewGestureRecognizer.h using Guid(098f4c547840e41f4b10c7a30e889321) Importer(2089858483,934ff659095e30574adcf32a4c2f97b5) (ScriptedImporter) -> (artifact id: 'c627394bd5e56243da190b9d6f1b44bb') in 0.0295991 seconds
Number of updated asset objects reloaded before import = 0Number of asset objects unloaded after import = 0

========================================================================
Received Import Request.
  Time since last request: 0.000059 seconds.
  path: Assets/LunarConsole/Editor/iOS/Common/Images/lunar_console_log_button_background@3x.png
  artifactKey: Guid(971bec75ff9a34c62b58853584b1d49b) Importer(2089858483,934ff659095e30574adcf32a4c2f97b5)
Start importing Assets/LunarConsole/Editor/iOS/Common/Images/lunar_console_log_button_background@3x.png using Guid(971bec75ff9a34c62b58853584b1d49b) Importer(2089858483,934ff659095e30574adcf32a4c2f97b5) (ScriptedImporter) -> (artifact id: '5befe3874892eb5081dbcc9b9af8d10e') in 0.0335472 seconds
Number of updated asset objects reloaded before import = 0Number of asset objects unloaded after import = 1

========================================================================
Received Import Request.
  Time since last request: 0.000038 seconds.
  path: Assets/LunarConsole/Editor/iOS/Common/Images/lunar_console_icon_log@2x.png
  artifactKey: Guid(73501e723f0614e22a5baade6303c52e) Importer(2089858483,934ff659095e30574adcf32a4c2f97b5)
Start importing Assets/LunarConsole/Editor/iOS/Common/Images/lunar_console_icon_log@2x.png using Guid(73501e723f0614e22a5baade6303c52e) Importer(2089858483,934ff659095e30574adcf32a4c2f97b5) (ScriptedImporter) -> (artifact id: 'd3a973ae09787337c27c0b919d8b96a4') in 0.0329532 seconds
Number of updated asset objects reloaded before import = 0Number of asset objects unloaded after import = 1

========================================================================
Received Import Request.
  Time since last request: 0.000025 seconds.
  path: Assets/LunarConsole/Editor/iOS/Common/Images/lunar_console_icon_settings@2x.png
  artifactKey: Guid(58b60bd25eeeb43aebab51a94051721d) Importer(2089858483,934ff659095e30574adcf32a4c2f97b5)
Start importing Assets/LunarConsole/Editor/iOS/Common/Images/lunar_console_icon_settings@2x.png using Guid(58b60bd25eeeb43aebab51a94051721d) Importer(2089858483,934ff659095e30574adcf32a4c2f97b5) (ScriptedImporter) -> (artifact id: 'd58c61aeef8a9102b35e89d9a485a118') in 0.0344482 seconds
Number of updated asset objects reloaded before import = 0Number of asset objects unloaded after import = 1

========================================================================
Received Import Request.
  Time since last request: 0.000029 seconds.
  path: Assets/_Assets/Scriptable Objects/Level Data/Level 68.asset
  artifactKey: Guid(96aeaadf95db3e44882c1422675313f9) Importer(2089858483,934ff659095e30574adcf32a4c2f97b5)
Start importing Assets/_Assets/Scriptable Objects/Level Data/Level 68.asset using Guid(96aeaadf95db3e44882c1422675313f9) Importer(2089858483,934ff659095e30574adcf32a4c2f97b5) (ScriptedImporter) -> (artifact id: '253383345adc0f8bcbdb4dc122d1bced') in 0.0578348 seconds
Number of updated asset objects reloaded before import = 0Number of asset objects unloaded after import = 312

========================================================================
Received Import Request.
  Time since last request: 0.000051 seconds.
  path: Assets/LunarConsole/Editor/iOS/Common/Images/lunar_console_icon_button_clear@2x.png
  artifactKey: Guid(1348939e0ea894435868aa490257e5f9) Importer(2089858483,934ff659095e30574adcf32a4c2f97b5)
Start importing Assets/LunarConsole/Editor/iOS/Common/Images/lunar_console_icon_button_clear@2x.png using Guid(1348939e0ea894435868aa490257e5f9) Importer(2089858483,934ff659095e30574adcf32a4c2f97b5) (ScriptedImporter) -> (artifact id: '5993f49e84ab86faec6969832e606d93') in 0.035961 seconds
Number of updated asset objects reloaded before import = 0Number of asset objects unloaded after import = 1

========================================================================
Received Import Request.
  Time since last request: 0.000036 seconds.
  path: Assets/LunarConsole/Editor/iOS/Common/UI/LUPassTouchView.h
  artifactKey: Guid(12a913616ada74fe7b57af135bd54ef3) Importer(2089858483,934ff659095e30574adcf32a4c2f97b5)
Start importing Assets/LunarConsole/Editor/iOS/Common/UI/LUPassTouchView.h using Guid(12a913616ada74fe7b57af135bd54ef3) Importer(2089858483,934ff659095e30574adcf32a4c2f97b5) (ScriptedImporter) -> (artifact id: '5cc70addec1d0a01890a36458b86d8bc') in 0.0312196 seconds
Number of updated asset objects reloaded before import = 0Number of asset objects unloaded after import = 0

========================================================================
Received Import Request.
  Time since last request: 0.000036 seconds.
  path: Assets/LunarConsole/Editor/iOS/Common/Utils/LUAssert.h
  artifactKey: Guid(ac1a459aae5914e2e88452eca449f15d) Importer(2089858483,934ff659095e30574adcf32a4c2f97b5)
Start importing Assets/LunarConsole/Editor/iOS/Common/Utils/LUAssert.h using Guid(ac1a459aae5914e2e88452eca449f15d) Importer(2089858483,934ff659095e30574adcf32a4c2f97b5) (ScriptedImporter) -> (artifact id: '68b9ee002465b4c42e6f56a269d79069') in 0.0326862 seconds
Number of updated asset objects reloaded before import = 0Number of asset objects unloaded after import = 0

========================================================================
Received Import Request.
  Time since last request: 0.000034 seconds.
  path: Assets/LunarConsole/Editor/iOS/Common/UI/LUToggleButton.m
  artifactKey: Guid(8fc354623603347d2b31fad3d60c0d23) Importer(2089858483,934ff659095e30574adcf32a4c2f97b5)
Start importing Assets/LunarConsole/Editor/iOS/Common/UI/LUToggleButton.m using Guid(8fc354623603347d2b31fad3d60c0d23) Importer(2089858483,934ff659095e30574adcf32a4c2f97b5) (ScriptedImporter) -> (artifact id: 'b8f2b7cecb32479ca0fa37f93dce704e') in 0.0339744 seconds
Number of updated asset objects reloaded before import = 0Number of asset objects unloaded after import = 0

========================================================================
Received Import Request.
  Time since last request: 0.000061 seconds.
  path: Assets/_Assets/Scriptable Objects/Level Data/Level 23.asset
  artifactKey: Guid(e6aa471f9eacd724294e15a00740ef49) Importer(2089858483,934ff659095e30574adcf32a4c2f97b5)
Start importing Assets/_Assets/Scriptable Objects/Level Data/Level 23.asset using Guid(e6aa471f9eacd724294e15a00740ef49) Importer(2089858483,934ff659095e30574adcf32a4c2f97b5) (ScriptedImporter) -> (artifact id: 'ca03f42f6e610be318549934d8185300') in 0.0576025 seconds
Number of updated asset objects reloaded before import = 0Number of asset objects unloaded after import = 312

========================================================================
Received Import Request.
  Time since last request: 0.000044 seconds.
  path: Assets/_Assets/Fonts/Poppins/poppins/Poppins-Thin.otf
  artifactKey: Guid(f1a50addbc70a3842b4d7f78840d2fba) Importer(2089858483,934ff659095e30574adcf32a4c2f97b5)
Start importing Assets/_Assets/Fonts/Poppins/poppins/Poppins-Thin.otf using Guid(f1a50addbc70a3842b4d7f78840d2fba) Importer(2089858483,934ff659095e30574adcf32a4c2f97b5) (ScriptedImporter) -> (artifact id: '165835d4b99e178a3c10890a6fa62937') in 0.0384899 seconds
Number of updated asset objects reloaded before import = 0Number of asset objects unloaded after import = 3

========================================================================
Received Import Request.
  Time since last request: 0.000115 seconds.
  path: Assets/Lean/Common/Examples/Shaders/Object.shader
  artifactKey: Guid(c499d6dd2ed58ca40a1377bae53ec0ee) Importer(2089858483,934ff659095e30574adcf32a4c2f97b5)
Start importing Assets/Lean/Common/Examples/Shaders/Object.shader using Guid(c499d6dd2ed58ca40a1377bae53ec0ee) Importer(2089858483,934ff659095e30574adcf32a4c2f97b5) (ScriptedImporter) -> (artifact id: 'b4d37eb7e4b354608e929ba2c31fabbb') in 0.0307123 seconds
Number of updated asset objects reloaded before import = 0Number of asset objects unloaded after import = 1

========================================================================
Received Import Request.
  Time since last request: 0.000157 seconds.
  path: Assets/_Assets/Animations/Ui Animaitons/Game Animations/Coin Animatons/pf_ Coin.controller
  artifactKey: Guid(d639d15db8202714aa1e242263c15706) Importer(2089858483,934ff659095e30574adcf32a4c2f97b5)
Start importing Assets/_Assets/Animations/Ui Animaitons/Game Animations/Coin Animatons/pf_ Coin.controller using Guid(d639d15db8202714aa1e242263c15706) Importer(2089858483,934ff659095e30574adcf32a4c2f97b5) (ScriptedImporter) -> (artifact id: 'cefcf47be0448c31957ee7b13c82ec93') in 0.0348513 seconds
Number of updated asset objects reloaded before import = 0Number of asset objects unloaded after import = 4

========================================================================
Received Import Request.
  Time since last request: 0.000039 seconds.
  path: Assets/_Assets/Custome Assets/Egg game assets/level complete/HoldMYEgg Assets/hen_idel.png
  artifactKey: Guid(238492e2e6021b242980a3b6f5fca056) Importer(2089858483,934ff659095e30574adcf32a4c2f97b5)
Start importing Assets/_Assets/Custome Assets/Egg game assets/level complete/HoldMYEgg Assets/hen_idel.png using Guid(238492e2e6021b242980a3b6f5fca056) Importer(2089858483,934ff659095e30574adcf32a4c2f97b5) (ScriptedImporter) -> (artifact id: 'd1d1c349a1a25d57e7c42cfd21dacacb') in 0.082234 seconds
Number of updated asset objects reloaded before import = 0Number of asset objects unloaded after import = 10

========================================================================
Received Import Request.
  Time since last request: 0.000042 seconds.
  path: Assets/LunarConsole/Editor/iOS/Common/Utils/LUImageUtils.h
  artifactKey: Guid(db746815e89c44968b795ee7e71aec9e) Importer(2089858483,934ff659095e30574adcf32a4c2f97b5)
Start importing Assets/LunarConsole/Editor/iOS/Common/Utils/LUImageUtils.h using Guid(db746815e89c44968b795ee7e71aec9e) Importer(2089858483,934ff659095e30574adcf32a4c2f97b5) (ScriptedImporter) -> (artifact id: 'c0b3787efc87c0adae77b4f440ad1baa') in 0.030249 seconds
Number of updated asset objects reloaded before import = 0Number of asset objects unloaded after import = 0

========================================================================
Received Import Request.
  Time since last request: 0.000047 seconds.
  path: Assets/LunarConsole/Editor/iOS/Common/Utils/LUNotificationCenter.h
  artifactKey: Guid(3b039b0e9088e4613a6de79832065cd9) Importer(2089858483,934ff659095e30574adcf32a4c2f97b5)
Start importing Assets/LunarConsole/Editor/iOS/Common/Utils/LUNotificationCenter.h using Guid(3b039b0e9088e4613a6de79832065cd9) Importer(2089858483,934ff659095e30574adcf32a4c2f97b5) (ScriptedImporter) -> (artifact id: 'b45ab5e05eab552f12608d6e3e03ca62') in 0.0361388 seconds
Number of updated asset objects reloaded before import = 0Number of asset objects unloaded after import = 0

========================================================================
Received Import Request.
  Time since last request: 0.000038 seconds.
  path: Assets/LunarConsole/Editor/iOS/Common/Images/lunar_console_icon_button_unlock@3x.png
  artifactKey: Guid(769b8fc6a7ace42fd82c057d9b88297d) Importer(2089858483,934ff659095e30574adcf32a4c2f97b5)
Start importing Assets/LunarConsole/Editor/iOS/Common/Images/lunar_console_icon_button_unlock@3x.png using Guid(769b8fc6a7ace42fd82c057d9b88297d) Importer(2089858483,934ff659095e30574adcf32a4c2f97b5) (ScriptedImporter) -> (artifact id: 'afddf2cb7421e4ad049dc4897056e039') in 0.0356869 seconds
Number of updated asset objects reloaded before import = 0Number of asset objects unloaded after import = 1

========================================================================
Received Import Request.
  Time since last request: 0.000068 seconds.
  path: Assets/LunarConsole/Editor/iOS/Common/Console/Log/LUConsoleLogEntryList.h
  artifactKey: Guid(509d758834a6f48139c0dc675922ef42) Importer(2089858483,934ff659095e30574adcf32a4c2f97b5)
Start importing Assets/LunarConsole/Editor/iOS/Common/Console/Log/LUConsoleLogEntryList.h using Guid(509d758834a6f48139c0dc675922ef42) Importer(2089858483,934ff659095e30574adcf32a4c2f97b5) (ScriptedImporter) -> (artifact id: 'ab607bf44a8a7ea7aa2bff35c7f67d96') in 0.032721 seconds
Number of updated asset objects reloaded before import = 0Number of asset objects unloaded after import = 0

========================================================================
Received Import Request.
  Time since last request: 0.000034 seconds.
  path: Assets/_Assets/Custome Assets/Egg game assets/level complete/level complete/screen.png
  artifactKey: Guid(4dfe2d9147056fd44b88418bcf37cd0d) Importer(2089858483,934ff659095e30574adcf32a4c2f97b5)
Start importing Assets/_Assets/Custome Assets/Egg game assets/level complete/level complete/screen.png using Guid(4dfe2d9147056fd44b88418bcf37cd0d) Importer(2089858483,934ff659095e30574adcf32a4c2f97b5) (ScriptedImporter) -> (artifact id: 'aaaa9eeb2c19e01690693e8da7b3f161') in 0.0388312 seconds
Number of updated asset objects reloaded before import = 0Number of asset objects unloaded after import = 2

========================================================================
Received Import Request.
  Time since last request: 0.000063 seconds.
  path: Assets/_Assets/Custome Assets/Egg game assets/level complete/level complete/icons.png
  artifactKey: Guid(ac2415556c54f7d4796ab55fa011a096) Importer(2089858483,934ff659095e30574adcf32a4c2f97b5)
Start importing Assets/_Assets/Custome Assets/Egg game assets/level complete/level complete/icons.png using Guid(ac2415556c54f7d4796ab55fa011a096) Importer(2089858483,934ff659095e30574adcf32a4c2f97b5) (ScriptedImporter) -> (artifact id: '459271db5110e31371e12d76aa89f6d8') in 0.0374605 seconds
Number of updated asset objects reloaded before import = 0Number of asset objects unloaded after import = 4

========================================================================
Received Import Request.
  Time since last request: 0.000039 seconds.
  path: Assets/LunarConsole/Editor/iOS/Common/Console/Log/LUConsoleLogEntryLookupTable.h
  artifactKey: Guid(583210f53145948269f757d410edd696) Importer(2089858483,934ff659095e30574adcf32a4c2f97b5)
Start importing Assets/LunarConsole/Editor/iOS/Common/Console/Log/LUConsoleLogEntryLookupTable.h using Guid(583210f53145948269f757d410edd696) Importer(2089858483,934ff659095e30574adcf32a4c2f97b5) (ScriptedImporter) -> (artifact id: 'b845553754285eada399de1789cdec67') in 0.0325272 seconds
Number of updated asset objects reloaded before import = 0Number of asset objects unloaded after import = 0

========================================================================
Received Import Request.
  Time since last request: 0.000025 seconds.
  path: Assets/_Assets/Custome Assets/Egg game assets/level complete/HoldMYEgg Assets/hen_seat.png
  artifactKey: Guid(99c19985e0aaa17459dcd98994e9092c) Importer(2089858483,934ff659095e30574adcf32a4c2f97b5)
Start importing Assets/_Assets/Custome Assets/Egg game assets/level complete/HoldMYEgg Assets/hen_seat.png using Guid(99c19985e0aaa17459dcd98994e9092c) Importer(2089858483,934ff659095e30574adcf32a4c2f97b5) (ScriptedImporter) -> (artifact id: '9742e498cd3aa3ca073a40bc7333e5e4') in 0.0319748 seconds
Number of updated asset objects reloaded before import = 0Number of asset objects unloaded after import = 2

========================================================================
Received Import Request.
  Time since last request: 0.000050 seconds.
  path: Assets/LunarConsole/Editor/iOS/Common/Images/lunar_console_resize_handle_vertical@3x.png
  artifactKey: Guid(0e8faee96c3e940a8af51f4db5bee6fb) Importer(2089858483,934ff659095e30574adcf32a4c2f97b5)
Start importing Assets/LunarConsole/Editor/iOS/Common/Images/lunar_console_resize_handle_vertical@3x.png using Guid(0e8faee96c3e940a8af51f4db5bee6fb) Importer(2089858483,934ff659095e30574adcf32a4c2f97b5) (ScriptedImporter) -> (artifact id: 'ce840dea9139a416b11210c704f2d4bf') in 0.0333468 seconds
Number of updated asset objects reloaded before import = 0Number of asset objects unloaded after import = 1

========================================================================
Received Import Request.
  Time since last request: 0.000050 seconds.
  path: Assets/LunarConsole/Editor/iOS/Common/Controllers/Settings/LUConsoleSettingsController.h
  artifactKey: Guid(ee79bc932ce54469499458f94dcb120d) Importer(2089858483,934ff659095e30574adcf32a4c2f97b5)
Start importing Assets/LunarConsole/Editor/iOS/Common/Controllers/Settings/LUConsoleSettingsController.h using Guid(ee79bc932ce54469499458f94dcb120d) Importer(2089858483,934ff659095e30574adcf32a4c2f97b5) (ScriptedImporter) -> (artifact id: '7e5b76aa95fec91cf33f7d9b568eb2e0') in 0.0388874 seconds
Number of updated asset objects reloaded before import = 0Number of asset objects unloaded after import = 0

========================================================================
Received Import Request.
  Time since last request: 0.000041 seconds.
  path: Assets/LunarConsole/Editor/iOS/Common/Controllers/Misc/LUEnumPickerViewController.xib
  artifactKey: Guid(d6e9bad005e094ef4850051c5a1ce6ad) Importer(2089858483,934ff659095e30574adcf32a4c2f97b5)
Start importing Assets/LunarConsole/Editor/iOS/Common/Controllers/Misc/LUEnumPickerViewController.xib using Guid(d6e9bad005e094ef4850051c5a1ce6ad) Importer(2089858483,934ff659095e30574adcf32a4c2f97b5) (ScriptedImporter) -> (artifact id: '1b97d93eef6da35f8f3d4b6fc1b39c2a') in 0.0339516 seconds
Number of updated asset objects reloaded before import = 0Number of asset objects unloaded after import = 0

========================================================================
Received Import Request.
  Time since last request: 0.000037 seconds.
  path: Assets/LunarConsole/Editor/iOS/Common/Controllers/Misc/LUEnumPickerViewController.m
  artifactKey: Guid(9a2c6a787a02648aaa74b5beed092267) Importer(2089858483,934ff659095e30574adcf32a4c2f97b5)
Start importing Assets/LunarConsole/Editor/iOS/Common/Controllers/Misc/LUEnumPickerViewController.m using Guid(9a2c6a787a02648aaa74b5beed092267) Importer(2089858483,934ff659095e30574adcf32a4c2f97b5) (ScriptedImporter) -> (artifact id: 'b536c032a99683a7e2b63b20e708dc23') in 0.0364585 seconds
Number of updated asset objects reloaded before import = 0Number of asset objects unloaded after import = 0

========================================================================
Received Import Request.
  Time since last request: 0.000034 seconds.
  path: Assets/LunarConsole/Editor/iOS/Common/Console/Log/LULogMessage.m
  artifactKey: Guid(7d959e3752e464913b6fab9837647230) Importer(2089858483,934ff659095e30574adcf32a4c2f97b5)
Start importing Assets/LunarConsole/Editor/iOS/Common/Console/Log/LULogMessage.m using Guid(7d959e3752e464913b6fab9837647230) Importer(2089858483,934ff659095e30574adcf32a4c2f97b5) (ScriptedImporter) -> (artifact id: '5ffd5d85369eaa7e48e894cb0094ecb5') in 0.0346347 seconds
Number of updated asset objects reloaded before import = 0Number of asset objects unloaded after import = 0

========================================================================
Received Import Request.
  Time since last request: 0.000068 seconds.
  path: Assets/LunarConsole/Editor/iOS/Common/Console/Log/LUConsoleLogTypeButton.h
  artifactKey: Guid(a6f30dc24a3e6459fa6b94b6ec1f406f) Importer(2089858483,934ff659095e30574adcf32a4c2f97b5)
Start importing Assets/LunarConsole/Editor/iOS/Common/Console/Log/LUConsoleLogTypeButton.h using Guid(a6f30dc24a3e6459fa6b94b6ec1f406f) Importer(2089858483,934ff659095e30574adcf32a4c2f97b5) (ScriptedImporter) -> (artifact id: '3f8e2a2bbc31d29f9561ed3165aacd53') in 0.0319239 seconds
Number of updated asset objects reloaded before import = 0Number of asset objects unloaded after import = 0

========================================================================
Received Import Request.
  Time since last request: 0.000027 seconds.
  path: Assets/_Assets/Scripts/Player/Egg.cs
  artifactKey: Guid(ac0cb325d13d2f744aaf88cda8d0ec27) Importer(2089858483,934ff659095e30574adcf32a4c2f97b5)
Start importing Assets/_Assets/Scripts/Player/Egg.cs using Guid(ac0cb325d13d2f744aaf88cda8d0ec27) Importer(2089858483,934ff659095e30574adcf32a4c2f97b5) (ScriptedImporter) -> (artifact id: 'fadf6b5659663d293811d5faef06f450') in 0.0285205 seconds
Number of updated asset objects reloaded before import = 0Number of asset objects unloaded after import = 0

========================================================================
Received Import Request.
  Time since last request: 0.000043 seconds.
  path: Assets/_Assets/Custome Assets/Egg game assets/level complete/HoldMYEgg Assets/Untitled-1 copy/Untitled-1 copy_00005.png
  artifactKey: Guid(a2f882e03a33ec344ad6c1f35cf06c93) Importer(2089858483,934ff659095e30574adcf32a4c2f97b5)
Start importing Assets/_Assets/Custome Assets/Egg game assets/level complete/HoldMYEgg Assets/Untitled-1 copy/Untitled-1 copy_00005.png using Guid(a2f882e03a33ec344ad6c1f35cf06c93) Importer(2089858483,934ff659095e30574adcf32a4c2f97b5) (ScriptedImporter) -> (artifact id: '650f4cc91d4bbd66943a3d864ae2e3db') in 0.0324977 seconds
Number of updated asset objects reloaded before import = 0Number of asset objects unloaded after import = 2

========================================================================
Received Import Request.
  Time since last request: 0.000033 seconds.
  path: Assets/_Assets/Custome Assets/Egg game assets/level complete/HoldMYEgg Assets/Untitled-1 copy/Untitled-1 copy_00002.png
  artifactKey: Guid(827ec15f60b18984c8b6a1d6ca6e9a93) Importer(2089858483,934ff659095e30574adcf32a4c2f97b5)
Start importing Assets/_Assets/Custome Assets/Egg game assets/level complete/HoldMYEgg Assets/Untitled-1 copy/Untitled-1 copy_00002.png using Guid(827ec15f60b18984c8b6a1d6ca6e9a93) Importer(2089858483,934ff659095e30574adcf32a4c2f97b5) (ScriptedImporter) -> (artifact id: 'b067389046e5039b308a0e5ab0f6eff9') in 0.0379236 seconds
Number of updated asset objects reloaded before import = 0Number of asset objects unloaded after import = 2

========================================================================
Received Import Request.
  Time since last request: 0.000060 seconds.
  path: Assets/LunarConsole/Editor/iOS/Free/Console/Plugin/LUConsolePluginImp.m
  artifactKey: Guid(cba724e88f8104dd48546366656f731c) Importer(2089858483,934ff659095e30574adcf32a4c2f97b5)
Start importing Assets/LunarConsole/Editor/iOS/Free/Console/Plugin/LUConsolePluginImp.m using Guid(cba724e88f8104dd48546366656f731c) Importer(2089858483,934ff659095e30574adcf32a4c2f97b5) (ScriptedImporter) -> (artifact id: '76ad265c34c31d6f348ecd1f6fdbdd86') in 0.0287236 seconds
Number of updated asset objects reloaded before import = 0Number of asset objects unloaded after import = 0

========================================================================
Received Import Request.
  Time since last request: 0.000028 seconds.
  path: Assets/LunarConsole/Editor/iOS/Common/Console/LUConsoleController.xib
  artifactKey: Guid(05034a8140d75412e92b9168baa9a9a2) Importer(2089858483,934ff659095e30574adcf32a4c2f97b5)
Start importing Assets/LunarConsole/Editor/iOS/Common/Console/LUConsoleController.xib using Guid(05034a8140d75412e92b9168baa9a9a2) Importer(2089858483,934ff659095e30574adcf32a4c2f97b5) (ScriptedImporter) -> (artifact id: '926e8c9bd3b452f298744433662940ba') in 0.036503 seconds
Number of updated asset objects reloaded before import = 0Number of asset objects unloaded after import = 0

========================================================================
Received Import Request.
  Time since last request: 0.000039 seconds.
  path: Assets/_Assets/Prefab/Bowls Prefabs/Stationery Bowls/pf_Blue Stationery Bowl.prefab
  artifactKey: Guid(7449e86541ddf37469d636c2b406f661) Importer(2089858483,934ff659095e30574adcf32a4c2f97b5)
Start importing Assets/_Assets/Prefab/Bowls Prefabs/Stationery Bowls/pf_Blue Stationery Bowl.prefab using Guid(7449e86541ddf37469d636c2b406f661) Importer(2089858483,934ff659095e30574adcf32a4c2f97b5) (ScriptedImporter) -> (artifact id: '3c011d48d2f942d8128b95ad86a02524') in 0.035632 seconds
Number of updated asset objects reloaded before import = 0Number of asset objects unloaded after import = 20

========================================================================
Received Import Request.
  Time since last request: 0.000043 seconds.
  path: Assets/_Assets/Scripts/UI Scripts/UIToggle.cs
  artifactKey: Guid(3044f4cab5244b846865f4df00e1dd34) Importer(2089858483,934ff659095e30574adcf32a4c2f97b5)
Start importing Assets/_Assets/Scripts/UI Scripts/UIToggle.cs using Guid(3044f4cab5244b846865f4df00e1dd34) Importer(2089858483,934ff659095e30574adcf32a4c2f97b5) (ScriptedImporter) -> (artifact id: '8307110491a783e942f2cb22aabf5c18') in 0.0290721 seconds
Number of updated asset objects reloaded before import = 0Number of asset objects unloaded after import = 0

========================================================================
Received Import Request.
  Time since last request: 0.000032 seconds.
  path: Assets/Lean/Common/Examples/Materials/Purple.mat
  artifactKey: Guid(2c57751e748651a4c9bd8f9f48e8cf5e) Importer(2089858483,934ff659095e30574adcf32a4c2f97b5)
Start importing Assets/Lean/Common/Examples/Materials/Purple.mat using Guid(2c57751e748651a4c9bd8f9f48e8cf5e) Importer(2089858483,934ff659095e30574adcf32a4c2f97b5) (ScriptedImporter) -> (artifact id: '5e6620c6a60d072b6efe4ed171b96998') in 0.0328699 seconds
Number of updated asset objects reloaded before import = 0Number of asset objects unloaded after import = 1

========================================================================
Received Import Request.
  Time since last request: 0.000083 seconds.
  path: Assets/_Assets/Scripts/Utility Scripts/SetUiSafeArea.cs
  artifactKey: Guid(28f6773c7dd88e148a24d1493bb1653c) Importer(2089858483,934ff659095e30574adcf32a4c2f97b5)
Start importing Assets/_Assets/Scripts/Utility Scripts/SetUiSafeArea.cs using Guid(28f6773c7dd88e148a24d1493bb1653c) Importer(2089858483,934ff659095e30574adcf32a4c2f97b5) (ScriptedImporter) -> (artifact id: '54da6b425c1c235fe735662571beac23') in 0.03151 seconds
Number of updated asset objects reloaded before import = 0Number of asset objects unloaded after import = 0

========================================================================
Received Import Request.
  Time since last request: 0.000047 seconds.
  path: Assets/LunarConsole/Editor/iOS/Common/Controllers/Misc/LUEnumPickerViewController.h
  artifactKey: Guid(6a8538672754f49eaa169b573037a82b) Importer(2089858483,934ff659095e30574adcf32a4c2f97b5)
Start importing Assets/LunarConsole/Editor/iOS/Common/Controllers/Misc/LUEnumPickerViewController.h using Guid(6a8538672754f49eaa169b573037a82b) Importer(2089858483,934ff659095e30574adcf32a4c2f97b5) (ScriptedImporter) -> (artifact id: '7dc383ace73cef8be1e5d1ceaad8d657') in 0.0325841 seconds
Number of updated asset objects reloaded before import = 0Number of asset objects unloaded after import = 0

========================================================================
Received Import Request.
  Time since last request: 0.000044 seconds.
  path: Assets/_Assets/Animations/Bird Animaitons/Bird Animations/Bird Joy Animations.anim
  artifactKey: Guid(e226f62b7b2763f45926d5a300e1457d) Importer(2089858483,934ff659095e30574adcf32a4c2f97b5)
Start importing Assets/_Assets/Animations/Bird Animaitons/Bird Animations/Bird Joy Animations.anim using Guid(e226f62b7b2763f45926d5a300e1457d) Importer(2089858483,934ff659095e30574adcf32a4c2f97b5) (ScriptedImporter) -> (artifact id: '26736dfe83e96d83c8e4d096fb45b95c') in 0.0312276 seconds
Number of updated asset objects reloaded before import = 0Number of asset objects unloaded after import = 1

========================================================================
Received Import Request.
  Time since last request: 0.000094 seconds.
  path: Assets/LunarConsole/Editor/iOS/Common/Utils/LUObject.h
  artifactKey: Guid(6bc89de7ceb394cdeae4c51c918d7881) Importer(2089858483,934ff659095e30574adcf32a4c2f97b5)
Start importing Assets/LunarConsole/Editor/iOS/Common/Utils/LUObject.h using Guid(6bc89de7ceb394cdeae4c51c918d7881) Importer(2089858483,934ff659095e30574adcf32a4c2f97b5) (ScriptedImporter) -> (artifact id: 'a0ee515b06daa29b80c5683ad5836d02') in 0.033279 seconds
Number of updated asset objects reloaded before import = 0Number of asset objects unloaded after import = 0

========================================================================
Received Import Request.
  Time since last request: 0.000029 seconds.
  path: Assets/Lean/Common/Examples/Textures/Right.png
  artifactKey: Guid(873b489a73575b14fa7f49597735beaa) Importer(2089858483,934ff659095e30574adcf32a4c2f97b5)
Start importing Assets/Lean/Common/Examples/Textures/Right.png using Guid(873b489a73575b14fa7f49597735beaa) Importer(2089858483,934ff659095e30574adcf32a4c2f97b5) (ScriptedImporter) -> (artifact id: 'a620b3f2b27eb6645d0611da7376b793') in 0.0363228 seconds
Number of updated asset objects reloaded before import = 0Number of asset objects unloaded after import = 2

========================================================================
Received Import Request.
  Time since last request: 0.000036 seconds.
  path: Assets/LunarConsole/Editor/iOS/Common/Images/lunar_console_icon_settings.png
  artifactKey: Guid(7f2b6bc208d4440c08cb7d1710ec9e18) Importer(2089858483,934ff659095e30574adcf32a4c2f97b5)
Start importing Assets/LunarConsole/Editor/iOS/Common/Images/lunar_console_icon_settings.png using Guid(7f2b6bc208d4440c08cb7d1710ec9e18) Importer(2089858483,934ff659095e30574adcf32a4c2f97b5) (ScriptedImporter) -> (artifact id: 'abb02e7b884dc6b83981e5294f637e60') in 0.0377249 seconds
Number of updated asset objects reloaded before import = 0Number of asset objects unloaded after import = 1

========================================================================
Received Import Request.
  Time since last request: 0.000043 seconds.
  path: Assets/_Assets/Scripts/Utility Scripts/Debuging Scripts/DebugCommandBase.cs
  artifactKey: Guid(2e4457dfe45e632429fa15679cae2111) Importer(2089858483,934ff659095e30574adcf32a4c2f97b5)
Start importing Assets/_Assets/Scripts/Utility Scripts/Debuging Scripts/DebugCommandBase.cs using Guid(2e4457dfe45e632429fa15679cae2111) Importer(2089858483,934ff659095e30574adcf32a4c2f97b5) (ScriptedImporter) -> (artifact id: '0d5515b56deceb55dee7fcd9b4ffcc54') in 0.0352514 seconds
Number of updated asset objects reloaded before import = 0Number of asset objects unloaded after import = 0

========================================================================
Received Import Request.
  Time since last request: 0.000055 seconds.
  path: Assets/LunarConsole/Editor/iOS/Common/Console/Plugin/LUUnityScriptMessenger.m
  artifactKey: Guid(50b8bef2cacde42bc9aea83765de8c25) Importer(2089858483,934ff659095e30574adcf32a4c2f97b5)
Start importing Assets/LunarConsole/Editor/iOS/Common/Console/Plugin/LUUnityScriptMessenger.m using Guid(50b8bef2cacde42bc9aea83765de8c25) Importer(2089858483,934ff659095e30574adcf32a4c2f97b5) (ScriptedImporter) -> (artifact id: '08ff984ade72ea2f4e3d8cd871c03a94') in 0.0372887 seconds
Number of updated asset objects reloaded before import = 0Number of asset objects unloaded after import = 0

========================================================================
Received Import Request.
  Time since last request: 0.000045 seconds.
  path: Assets/Lean/Common/Examples/Materials/Yellow.mat
  artifactKey: Guid(c37be6ad65a89fb48889627465fcdf16) Importer(2089858483,934ff659095e30574adcf32a4c2f97b5)
Start importing Assets/Lean/Common/Examples/Materials/Yellow.mat using Guid(c37be6ad65a89fb48889627465fcdf16) Importer(2089858483,934ff659095e30574adcf32a4c2f97b5) (ScriptedImporter) -> (artifact id: '48737a7993c340dc57891a5cfd92f8db') in 0.0335855 seconds
Number of updated asset objects reloaded before import = 0Number of asset objects unloaded after import = 1

========================================================================
Received Import Request.
  Time since last request: 0.000040 seconds.
  path: Assets/_Assets/Fonts/Poppins/poppins/Poppins-BlackItalic.otf
  artifactKey: Guid(bb9ce830349e9c846896b021b5064514) Importer(2089858483,934ff659095e30574adcf32a4c2f97b5)
Start importing Assets/_Assets/Fonts/Poppins/poppins/Poppins-BlackItalic.otf using Guid(bb9ce830349e9c846896b021b5064514) Importer(2089858483,934ff659095e30574adcf32a4c2f97b5) (ScriptedImporter) -> (artifact id: 'e433a1fbe27101293467220998778647') in 0.0377409 seconds
Number of updated asset objects reloaded before import = 0Number of asset objects unloaded after import = 3

========================================================================
Received Import Request.
  Time since last request: 0.000037 seconds.
  path: Assets/Lean/Common/Examples/Textures/Heart.png
  artifactKey: Guid(6904a5e63b2f0674e90fe676a13ed777) Importer(2089858483,934ff659095e30574adcf32a4c2f97b5)
Start importing Assets/Lean/Common/Examples/Textures/Heart.png using Guid(6904a5e63b2f0674e90fe676a13ed777) Importer(2089858483,934ff659095e30574adcf32a4c2f97b5) (ScriptedImporter) -> (artifact id: '50103cd46fef009e78075481f983073d') in 0.0547825 seconds
Number of updated asset objects reloaded before import = 0Number of asset objects unloaded after import = 2

========================================================================
Received Import Request.
  Time since last request: 0.000070 seconds.
  path: Assets/_Assets/Custome Assets/Egg game assets/shop/popups.PNG
  artifactKey: Guid(3fa189862c03c39478a26e176b801f3a) Importer(2089858483,934ff659095e30574adcf32a4c2f97b5)
Start importing Assets/_Assets/Custome Assets/Egg game assets/shop/popups.PNG using Guid(3fa189862c03c39478a26e176b801f3a) Importer(2089858483,934ff659095e30574adcf32a4c2f97b5) (ScriptedImporter) -> (artifact id: 'e606ea61c2dd49f8b8f61a4fbd506341') in 0.0347043 seconds
Number of updated asset objects reloaded before import = 0Number of asset objects unloaded after import = 2

========================================================================
Received Import Request.
  Time since last request: 0.000057 seconds.
  path: Assets/_Assets/Custome Assets/HoldMyEgg-Complete/Main Menu/btn_play.PNG
  artifactKey: Guid(0374a5801686ab444b28e6ffc9a7cf79) Importer(2089858483,934ff659095e30574adcf32a4c2f97b5)
Start importing Assets/_Assets/Custome Assets/HoldMyEgg-Complete/Main Menu/btn_play.PNG using Guid(0374a5801686ab444b28e6ffc9a7cf79) Importer(2089858483,934ff659095e30574adcf32a4c2f97b5) (ScriptedImporter) -> (artifact id: '869eeede2d1dbb4417b8e18b15110179') in 0.0352608 seconds
Number of updated asset objects reloaded before import = 0Number of asset objects unloaded after import = 2

========================================================================
Received Import Request.
  Time since last request: 0.000034 seconds.
  path: Assets/LunarConsole/Editor/iOS/Common/UI/LUSlider.h
  artifactKey: Guid(409675703489b4f819e799f41caeb540) Importer(2089858483,934ff659095e30574adcf32a4c2f97b5)
Start importing Assets/LunarConsole/Editor/iOS/Common/UI/LUSlider.h using Guid(409675703489b4f819e799f41caeb540) Importer(2089858483,934ff659095e30574adcf32a4c2f97b5) (ScriptedImporter) -> (artifact id: 'bc2b4f2f475e808f4a01b4535ed73b8b') in 0.0385413 seconds
Number of updated asset objects reloaded before import = 0Number of asset objects unloaded after import = 0

========================================================================
Received Import Request.
  Time since last request: 0.000039 seconds.
  path: Assets/Lean/Localization/Scripts/Behaviours/TMP/LeanLocalizedTextMeshProUGUI.cs
  artifactKey: Guid(dbf51be86e70d7941bd40914206e4ddc) Importer(2089858483,934ff659095e30574adcf32a4c2f97b5)
Start importing Assets/Lean/Localization/Scripts/Behaviours/TMP/LeanLocalizedTextMeshProUGUI.cs using Guid(dbf51be86e70d7941bd40914206e4ddc) Importer(2089858483,934ff659095e30574adcf32a4c2f97b5) (ScriptedImporter) -> (artifact id: 'dc118800423bb5afecbc4d67184e5cda') in 0.0406662 seconds
Number of updated asset objects reloaded before import = 0Number of asset objects unloaded after import = 0

========================================================================
Received Import Request.
  Time since last request: 0.000083 seconds.
  path: Assets/_Assets/Custome Assets/HoldMyEgg-Complete/Main Menu/cloud_4.PNG
  artifactKey: Guid(ad36fea39b2a6a046bb106426391c0a2) Importer(2089858483,934ff659095e30574adcf32a4c2f97b5)
Start importing Assets/_Assets/Custome Assets/HoldMyEgg-Complete/Main Menu/cloud_4.PNG using Guid(ad36fea39b2a6a046bb106426391c0a2) Importer(2089858483,934ff659095e30574adcf32a4c2f97b5) (ScriptedImporter) -> (artifact id: '83583ea9c69f5274568d8f8f8922f5b9') in 0.0339665 seconds
Number of updated asset objects reloaded before import = 0Number of asset objects unloaded after import = 2

========================================================================
Received Import Request.
  Time since last request: 0.000039 seconds.
  path: Assets/LunarConsole/Editor/iOS/Common/Images/lunar_console_icon_button_settings@2x.png
  artifactKey: Guid(dbb0acce61ae34da6a22a173d9039a69) Importer(2089858483,934ff659095e30574adcf32a4c2f97b5)
Start importing Assets/LunarConsole/Editor/iOS/Common/Images/lunar_console_icon_button_settings@2x.png using Guid(dbb0acce61ae34da6a22a173d9039a69) Importer(2089858483,934ff659095e30574adcf32a4c2f97b5) (ScriptedImporter) -> (artifact id: 'b147c16591b89ee42f607f8d46b29612') in 0.0373115 seconds
Number of updated asset objects reloaded before import = 0Number of asset objects unloaded after import = 1

========================================================================
Received Import Request.
  Time since last request: 0.000037 seconds.
  path: Assets/_Assets/Scriptable Objects/Level Data/Level 35.asset
  artifactKey: Guid(5e7c603ad7b191d458f3c9edbbbb5608) Importer(2089858483,934ff659095e30574adcf32a4c2f97b5)
Start importing Assets/_Assets/Scriptable Objects/Level Data/Level 35.asset using Guid(5e7c603ad7b191d458f3c9edbbbb5608) Importer(2089858483,934ff659095e30574adcf32a4c2f97b5) (ScriptedImporter) -> (artifact id: '2897bb866ce96208b07d16bbac55222e') in 0.0647211 seconds
Number of updated asset objects reloaded before import = 0Number of asset objects unloaded after import = 312

========================================================================
Received Import Request.
  Time since last request: 0.000101 seconds.
  path: Assets/LunarConsole/Editor/iOS/Common/UI/LUActionButton.h
  artifactKey: Guid(cc67b622e249d4efda6e7c0de0f92347) Importer(2089858483,934ff659095e30574adcf32a4c2f97b5)
Start importing Assets/LunarConsole/Editor/iOS/Common/UI/LUActionButton.h using Guid(cc67b622e249d4efda6e7c0de0f92347) Importer(2089858483,934ff659095e30574adcf32a4c2f97b5) (ScriptedImporter) -> (artifact id: '32080b476bff750094bc9e1ffe57272e') in 0.038828 seconds
Number of updated asset objects reloaded before import = 0Number of asset objects unloaded after import = 0

========================================================================
Received Import Request.
  Time since last request: 0.000065 seconds.
  path: Assets/_Assets/Custome Assets/Egg game assets/shop/btn_close.PNG
  artifactKey: Guid(47d5572ad60e8b1488123f9c7caa9b74) Importer(2089858483,934ff659095e30574adcf32a4c2f97b5)
Start importing Assets/_Assets/Custome Assets/Egg game assets/shop/btn_close.PNG using Guid(47d5572ad60e8b1488123f9c7caa9b74) Importer(2089858483,934ff659095e30574adcf32a4c2f97b5) (ScriptedImporter) -> (artifact id: 'eccc5c0af3774667ff8438d09b77a54a') in 0.0318768 seconds
Number of updated asset objects reloaded before import = 0Number of asset objects unloaded after import = 2

Editor requested this worker to shutdown with reason: Scaling down because of idle timeout
AssetImportWorker is now disconnected from the server
Process exiting
Exiting without the bug reporter. Application will terminate with return code 0