2025-04-30T12:16:15.864Z|0x6ff8|Using pre-set license
2025-04-30T12:16:15.865Z|0x6ff8|Built from '6000.0/staging' branch; Version is '6000.0.37f1 (090b7797214c) revision 592759'; Using compiler version '193933523'; Build Type 'Release'
2025-04-30T12:16:15.865Z|0x6ff8|OS: 'Windows 11  (10.0.26100) 64bit CoreSingleLanguage' Language: 'en' Physical Memory: 16068 MB
2025-04-30T12:16:15.865Z|0x6ff8|BatchMode: 1, IsHumanControllingUs: 0, StartBugReporterOnCrash: 0, Is64bit: 1, IsPro: 1
2025-04-30T12:16:15.872Z|0x6ff8|
COMMAND LINE ARGUMENTS:
2025-04-30T12:16:15.872Z|0x6ff8|C:\Program Files\Unity\Hub\Editor\6000.0.37f1\Editor\Unity.exe
2025-04-30T12:16:15.873Z|0x6ff8|-adb2
2025-04-30T12:16:15.873Z|0x6ff8|-batchMode
2025-04-30T12:16:15.873Z|0x6ff8|-noUpm
2025-04-30T12:16:15.873Z|0x6ff8|-name
2025-04-30T12:16:15.873Z|0x6ff8|AssetImportWorker4
2025-04-30T12:16:15.873Z|0x6ff8|-projectPath
2025-04-30T12:16:15.873Z|0x6ff8|C:/Users/abc4d/Documents/MyDreamgame/Unity Projets/HME/Hold My Egg
2025-04-30T12:16:15.873Z|0x6ff8|-logFile
2025-04-30T12:16:15.873Z|0x6ff8|Logs/AssetImportWorker4.log
2025-04-30T12:16:15.873Z|0x6ff8|-srvPort
2025-04-30T12:16:15.873Z|0x6ff8|52348
2025-04-30T12:16:15.873Z|0x6ff8|-job-worker-count
2025-04-30T12:16:15.873Z|0x6ff8|9
2025-04-30T12:16:15.873Z|0x6ff8|-background-job-worker-count
2025-04-30T12:16:15.873Z|0x6ff8|8
2025-04-30T12:16:15.873Z|0x6ff8|-gc-helper-count
2025-04-30T12:16:15.873Z|0x6ff8|1
2025-04-30T12:16:15.873Z|0x6ff8|Successfully changed project path to: C:/Users/abc4d/Documents/MyDreamgame/Unity Projets/HME/Hold My Egg
2025-04-30T12:16:15.901Z|0x6ff8|C:/Users/abc4d/Documents/MyDreamgame/Unity Projets/HME/Hold My Egg
2025-04-30T12:16:15.902Z|0x6ff8|[UnityMemory] Configuration Parameters - Can be set up in boot.config
2025-04-30T12:16:15.902Z|0x6ff8|    "memorysetup-bucket-allocator-granularity=16"
2025-04-30T12:16:15.902Z|0x6ff8|    "memorysetup-bucket-allocator-bucket-count=8"
2025-04-30T12:16:15.902Z|0x6ff8|    "memorysetup-bucket-allocator-block-size=33554432"
2025-04-30T12:16:15.903Z|0x6ff8|    "memorysetup-bucket-allocator-block-count=8"
2025-04-30T12:16:15.903Z|0x6ff8|    "memorysetup-main-allocator-block-size=16777216"
2025-04-30T12:16:15.903Z|0x6ff8|    "memorysetup-thread-allocator-block-size=16777216"
2025-04-30T12:16:15.903Z|0x6ff8|    "memorysetup-gfx-main-allocator-block-size=16777216"
2025-04-30T12:16:15.903Z|0x6ff8|    "memorysetup-gfx-thread-allocator-block-size=16777216"
2025-04-30T12:16:15.903Z|0x6ff8|    "memorysetup-cache-allocator-block-size=4194304"
2025-04-30T12:16:15.903Z|0x6ff8|    "memorysetup-typetree-allocator-block-size=2097152"
2025-04-30T12:16:15.903Z|0x6ff8|    "memorysetup-profiler-bucket-allocator-granularity=16"
2025-04-30T12:16:15.903Z|0x6ff8|    "memorysetup-profiler-bucket-allocator-bucket-count=8"
2025-04-30T12:16:15.903Z|0x6ff8|    "memorysetup-profiler-bucket-allocator-block-size=33554432"
2025-04-30T12:16:15.903Z|0x6ff8|    "memorysetup-profiler-bucket-allocator-block-count=8"
2025-04-30T12:16:15.903Z|0x6ff8|    "memorysetup-profiler-allocator-block-size=16777216"
2025-04-30T12:16:15.903Z|0x6ff8|    "memorysetup-profiler-editor-allocator-block-size=1048576"
2025-04-30T12:16:15.903Z|0x6ff8|    "memorysetup-temp-allocator-size-main=16777216"
2025-04-30T12:16:15.903Z|0x6ff8|    "memorysetup-job-temp-allocator-block-size=2097152"
2025-04-30T12:16:15.903Z|0x6ff8|    "memorysetup-job-temp-allocator-block-size-background=1048576"
2025-04-30T12:16:15.903Z|0x6ff8|    "memorysetup-job-temp-allocator-reduction-small-platforms=262144"
2025-04-30T12:16:15.903Z|0x6ff8|    "memorysetup-allocator-temp-initial-block-size-main=262144"
2025-04-30T12:16:15.903Z|0x6ff8|    "memorysetup-allocator-temp-initial-block-size-worker=262144"
2025-04-30T12:16:15.903Z|0x6ff8|    "memorysetup-temp-allocator-size-background-worker=32768"
2025-04-30T12:16:15.903Z|0x6ff8|    "memorysetup-temp-allocator-size-job-worker=262144"
2025-04-30T12:16:15.903Z|0x6ff8|    "memorysetup-temp-allocator-size-preload-manager=33554432"
2025-04-30T12:16:15.903Z|0x6ff8|    "memorysetup-temp-allocator-size-nav-mesh-worker=65536"
2025-04-30T12:16:15.903Z|0x6ff8|    "memorysetup-temp-allocator-size-audio-worker=65536"
2025-04-30T12:16:15.903Z|0x6ff8|    "memorysetup-temp-allocator-size-cloud-worker=32768"
2025-04-30T12:16:15.903Z|0x6ff8|    "memorysetup-temp-allocator-size-gi-baking-worker=262144"
2025-04-30T12:16:15.903Z|0x6ff8|    "memorysetup-temp-allocator-size-gi-baking-worker=262144"
2025-04-30T12:16:15.903Z|0x6ff8|    "memorysetup-temp-allocator-size-gi-baking-worker=262144"
2025-04-30T12:16:15.903Z|0x6ff8|    "memorysetup-temp-allocator-size-gi-baking-worker=262144"
2025-04-30T12:16:15.903Z|0x6ff8|    "memorysetup-temp-allocator-size-gi-baking-worker=262144"
2025-04-30T12:16:15.903Z|0x6ff8|    "memorysetup-temp-allocator-size-gfx=262144"
2025-04-30T12:16:15.916Z|0x6ff8|Player connection [28664]  Target information:

2025-04-30T12:16:15.916Z|0x6ff8|Player connection [28664]  * "[IP] 192.168.0.100 [Port] 0 [Flags] 2 [Guid] 1848441506 [EditorId] 1848441506 [Version] 1048832 [Id] WindowsEditor(7,MyPrideGames) [Debug] 1 [PackageName] WindowsEditor [ProjectName] Editor" 

2025-04-30T12:16:15.919Z|0x6ff8|Player connection [28664] Host joined multi-casting on [225.0.0.222:54997]...
2025-04-30T12:16:15.919Z|0x6ff8|Player connection [28664] Host joined alternative multi-casting on [225.0.0.222:34997]...
2025-04-30T12:16:15.919Z|0x6ff8|JobSystem: Creating JobQueue using job-worker-count value 9
2025-04-30T12:16:15.927Z|0x6ff8|Input System module state changed to: Initialized.
2025-04-30T12:16:15.929Z|0x6ff8|[Physics::Module] Initialized fallback backend.
2025-04-30T12:16:15.929Z|0x6ff8|[Physics::Module] Id: 0xdecafbad
2025-04-30T12:16:16.261Z|0x6ff8|Library Redirect Path: Library/
2025-04-30T12:16:16.293Z|0x6ff8|[Physics::Module] Selected backend.
2025-04-30T12:16:16.293Z|0x6ff8|[Physics::Module] Name: PhysX
2025-04-30T12:16:16.293Z|0x6ff8|[Physics::Module] Id: 0xf2b8ea05
2025-04-30T12:16:16.293Z|0x6ff8|[Physics::Module] SDK Version: 4.1.2
2025-04-30T12:16:16.293Z|0x6ff8|[Physics::Module] Integration Version: 1.0.0
2025-04-30T12:16:16.293Z|0x6ff8|[Physics::Module] Threading Mode: Multi-Threaded
2025-04-30T12:16:16.633Z|0x6ff8|Refreshing native plugins compatible for Editor in 325.86 ms, found 3 plugins.
2025-04-30T12:16:16.633Z|0x6ff8|Preloading 0 native plugins for Editor in 0.00 ms.
2025-04-30T12:16:16.633Z|0x6ff8|Initialize engine version: 6000.0.37f1 (090b7797214c)
2025-04-30T12:16:16.633Z|0x6ff8|[Subsystems] Discovering subsystems at path C:/Program Files/Unity/Hub/Editor/6000.0.37f1/Editor/Data/Resources/UnitySubsystems
2025-04-30T12:16:16.634Z|0x6ff8|[Subsystems] Discovering subsystems at path C:/Users/abc4d/Documents/MyDreamgame/Unity Projets/HME/Hold My Egg/Assets
2025-04-30T12:16:16.637Z|0x6ff8|GfxDevice: creating device client; kGfxThreadingModeNonThreaded
2025-04-30T12:16:17.661Z|0x6ff8|Direct3D:
2025-04-30T12:16:17.661Z|0x6ff8|    Version:  Direct3D 11.0 [level 11.1]
2025-04-30T12:16:17.661Z|0x6ff8|    Renderer: NVIDIA GeForce RTX 3060 Laptop GPU (ID=0x2560)
2025-04-30T12:16:17.661Z|0x6ff8|    Vendor:   NVIDIA
2025-04-30T12:16:17.661Z|0x6ff8|    VRAM:     5996 MB
2025-04-30T12:16:17.661Z|0x6ff8|    Driver:   32.0.15.7602
2025-04-30T12:16:18.636Z|0x6ff8|Initialize mono
2025-04-30T12:16:18.636Z|0x6ff8|Mono path[0] = 'C:/Program Files/Unity/Hub/Editor/6000.0.37f1/Editor/Data/Managed'
2025-04-30T12:16:18.636Z|0x6ff8|Mono path[1] = 'C:/Program Files/Unity/Hub/Editor/6000.0.37f1/Editor/Data/MonoBleedingEdge/lib/mono/unityjit-win32'
2025-04-30T12:16:18.636Z|0x6ff8|Mono config path = 'C:/Program Files/Unity/Hub/Editor/6000.0.37f1/Editor/Data/MonoBleedingEdge/etc'
2025-04-30T12:16:18.636Z|0x6ff8|Using monoOptions --debugger-agent=transport=dt_socket,embedding=1,server=y,suspend=n,address=127.0.0.1:56704
2025-04-30T12:16:18.835Z|0x6ff8|Begin MonoManager ReloadAssembly
2025-04-30T12:16:21.002Z|0x6ff8|Registering precompiled unity dll's ...
2025-04-30T12:16:21.009Z|0x6ff8|Register platform support module: C:/Program Files/Unity/Hub/Editor/6000.0.37f1/Editor/Data/PlaybackEngines/WebGLSupport/UnityEditor.WebGL.Extensions.dll
2025-04-30T12:16:21.018Z|0x6ff8|Register platform support module: C:/Program Files/Unity/Hub/Editor/6000.0.37f1/Editor/Data/PlaybackEngines/WindowsStandaloneSupport/UnityEditor.WindowsStandalone.Extensions.dll
2025-04-30T12:16:21.023Z|0x6ff8|Register platform support module: C:/Program Files/Unity/Hub/Editor/6000.0.37f1/Editor/Data/PlaybackEngines/AndroidPlayer/UnityEditor.Android.Extensions.dll
2025-04-30T12:16:21.027Z|0x6ff8|Register platform support module: C:/Program Files/Unity/Hub/Editor/6000.0.37f1/Editor/Data/PlaybackEngines/iOSSupport/UnityEditor.iOS.Extensions.dll
2025-04-30T12:16:21.031Z|0x6ff8|Registered in 0.028537 seconds.
2025-04-30T12:16:21.882Z|0x6ff8|- Loaded All Assemblies, in  3.046 seconds
[usbmuxd] Start listen thread
2025-04-30T12:16:36.975Z|0x6ff8|Native extension for iOS target not found
[usbmuxd] Listen thread started
2025-04-30T12:16:51.915Z|0x6ff8|Native extension for Android target not found
2025-04-30T12:16:53.123Z|0x6ff8|Android Extension - Scanning For ADB Devices 1133 ms
Native extension for WindowsStandalone target not found
2025-04-30T12:16:53.125Z|0x6ff8|Native extension for WebGL target not found
2025-04-30T12:16:54.889Z|0x6ff8|Mono: successfully reloaded assembly
2025-04-30T12:16:54.905Z|0x6ff8|- Finished resetting the current domain, in 33.023 seconds
2025-04-30T12:16:54.905Z|0x6ff8|Domain Reload Profiling: 36060ms
	BeginReloadAssembly (1142ms)
		ExecutionOrderSort (0ms)
		DisableScriptedObjects (0ms)
		BackupInstance (0ms)
		ReleaseScriptingObjects (0ms)
		CreateAndSetChildDomain (1ms)
	RebuildCommonClasses (482ms)
	RebuildNativeTypeToScriptingClass (25ms)
	initialDomainReloadingComplete (602ms)
	LoadAllAssembliesAndSetupDomain (786ms)
		LoadAssemblies (1124ms)
		RebuildTransferFunctionScriptingTraits (0ms)
		AnalyzeDomain (780ms)
			TypeCache.Refresh (777ms)
				TypeCache.ScanAssembly (746ms)
			BuildScriptInfoCaches (0ms)
			ResolveRequiredComponents (1ms)
	FinalizeReload (33023ms)
		ReleaseScriptCaches (0ms)
		RebuildScriptCaches (0ms)
		SetupLoadedEditorAssemblies (32899ms)
			LogAssemblyErrors (0ms)
			InitializePlatformSupportModulesInManaged (31137ms)
			SetLoadedEditorAssemblies (6ms)
			BeforeProcessingInitializeOnLoad (1429ms)
			ProcessInitializeOnLoadAttributes (215ms)
			ProcessInitializeOnLoadMethodAttributes (112ms)
			AfterProcessingInitializeOnLoad (0ms)
			EditorAssembliesLoaded (0ms)
		ExecutionOrderSort2 (0ms)
		AwakeInstancesAfterBackupRestoration (0ms)
2025-04-30T12:16:55.123Z|0x6ff8|========================================================================
2025-04-30T12:16:55.123Z|0x6ff8|Worker process is ready to serve import requests
2025-04-30T12:16:55.124Z|0x6ff8|Import Worker Mode flag is 0x00
2025-04-30T12:16:55.672Z|0x6ff8|Begin MonoManager ReloadAssembly
Symbol file LoadedFromMemory is not a mono symbol file
2025-04-30T12:16:58.435Z|0x6ff8|- Loaded All Assemblies, in  2.763 seconds
2025-04-30T12:16:59.409Z|0x6ff8|Refreshing native plugins compatible for Editor in 602.72 ms, found 3 plugins.
2025-04-30T12:16:59.744Z|0x6ff8|Native extension for iOS target not found
2025-04-30T12:16:59.756Z|0x6ff8|Native extension for Android target not found
2025-04-30T12:16:59.761Z|0x6ff8|Native extension for WindowsStandalone target not found
2025-04-30T12:16:59.761Z|0x6ff8|Native extension for WebGL target not found
2025-04-30T12:17:02.416Z|0x6ff8|Refreshing native plugins compatible for Editor in 66.77 ms, found 3 plugins.
2025-04-30T12:17:03.703Z|0x6ff8|Mono: successfully reloaded assembly
2025-04-30T12:17:04.036Z|0x6ff8|- Finished resetting the current domain, in  4.553 seconds
2025-04-30T12:17:04.038Z|0x6ff8|Domain Reload Profiling: 7306ms
	BeginReloadAssembly (209ms)
		ExecutionOrderSort (0ms)
		DisableScriptedObjects (5ms)
		BackupInstance (0ms)
		ReleaseScriptingObjects (0ms)
		CreateAndSetChildDomain (35ms)
	RebuildCommonClasses (137ms)
	RebuildNativeTypeToScriptingClass (24ms)
	initialDomainReloadingComplete (129ms)
	LoadAllAssembliesAndSetupDomain (2253ms)
		LoadAssemblies (1127ms)
		RebuildTransferFunctionScriptingTraits (0ms)
		AnalyzeDomain (1249ms)
			TypeCache.Refresh (1120ms)
				TypeCache.ScanAssembly (1082ms)
			BuildScriptInfoCaches (106ms)
			ResolveRequiredComponents (18ms)
	FinalizeReload (4554ms)
		ReleaseScriptCaches (0ms)
		RebuildScriptCaches (0ms)
		SetupLoadedEditorAssemblies (3955ms)
			LogAssemblyErrors (0ms)
			InitializePlatformSupportModulesInManaged (26ms)
			SetLoadedEditorAssemblies (8ms)
			BeforeProcessingInitializeOnLoad (503ms)
			ProcessInitializeOnLoadAttributes (2445ms)
			ProcessInitializeOnLoadMethodAttributes (937ms)
			AfterProcessingInitializeOnLoad (36ms)
			EditorAssembliesLoaded (0ms)
		ExecutionOrderSort2 (0ms)
		AwakeInstancesAfterBackupRestoration (13ms)
2025-04-30T12:17:05.988Z|0x6ff8|Launched and connected shader compiler UnityShaderCompiler.exe after 1.26 seconds
2025-04-30T12:17:08.177Z|0x6ff8|Refreshing native plugins compatible for Editor in 195.27 ms, found 3 plugins.
2025-04-30T12:17:08.177Z|0x6ff8|Preloading 0 native plugins for Editor in 0.00 ms.
2025-04-30T12:17:08.182Z|0x8964|Unloading 223 Unused Serialized files (Serialized files now loaded: 0)
2025-04-30T12:17:08.295Z|0x6ff8|Unloading 5736 unused Assets / (2.5 MB). Loaded Objects now: 6279.
Memory consumption went from 173.8 MB to 171.3 MB.
2025-04-30T12:17:08.295Z|0x6ff8|Total: 112.076000 ms (FindLiveObjects: 3.258800 ms CreateObjectMapping: 6.050300 ms MarkObjects: 80.920200 ms  DeleteObjects: 21.843300 ms)

2025-04-30T12:17:12.826Z|0x6ff8|========================================================================
Received Import Request.
  Time since last request: 1370.956635 seconds.
  path: Assets/DefaultVolumeProfile.asset
  artifactKey: Guid(fa7b1812886e9464488ac6843d8d528c) Importer(2089858483,934ff659095e30574adcf32a4c2f97b5)
2025-04-30T12:17:12.901Z|0x6ff8|Start importing Assets/DefaultVolumeProfile.asset using Guid(fa7b1812886e9464488ac6843d8d528c) Importer(2089858483,934ff659095e30574adcf32a4c2f97b5) (ScriptedImporter) -> (artifact id: '8f981670b59b4de9794b27bc56a0fdc2') in 0.6264031 seconds
2025-04-30T12:17:13.610Z|0x6ff8|Number of updated asset objects reloaded before import = 0Number of asset objects unloaded after import = 0

2025-04-30T12:17:13.610Z|0x6ff8|========================================================================
Received Import Request.
  Time since last request: 0.000038 seconds.
  path: Assets/AddressableAssetsData/DataBuilders/BuildScriptPackedPlayMode.asset
  artifactKey: Guid(9ae6d17cec2c642489474803539d666a) Importer(2089858483,934ff659095e30574adcf32a4c2f97b5)
2025-04-30T12:17:13.643Z|0x6ff8|Start importing Assets/AddressableAssetsData/DataBuilders/BuildScriptPackedPlayMode.asset using Guid(9ae6d17cec2c642489474803539d666a) Importer(2089858483,934ff659095e30574adcf32a4c2f97b5) (ScriptedImporter) -> (artifact id: '34a61987c218044084d25945ee31c3e2') in 0.0215815 seconds
2025-04-30T12:17:13.710Z|0x6ff8|Number of updated asset objects reloaded before import = 0Number of asset objects unloaded after import = 1

2025-04-30T12:17:13.710Z|0x6ff8|========================================================================
Received Import Request.
  Time since last request: 0.000037 seconds.
  path: Assets/LunarConsole/Editor/LunarConsoleActionEditor.cs
  artifactKey: Guid(a5fd869406f94a64a95346d768888609) Importer(2089858483,934ff659095e30574adcf32a4c2f97b5)
2025-04-30T12:17:13.721Z|0x6ff8|Start importing Assets/LunarConsole/Editor/LunarConsoleActionEditor.cs using Guid(a5fd869406f94a64a95346d768888609) Importer(2089858483,934ff659095e30574adcf32a4c2f97b5) (ScriptedImporter) -> (artifact id: 'a7aa52e28caba2a57c5484b12d957220') in 0.0069977 seconds
2025-04-30T12:17:13.772Z|0x6ff8|Number of updated asset objects reloaded before import = 0Number of asset objects unloaded after import = 0

2025-04-30T12:17:13.772Z|0x6ff8|========================================================================
Received Import Request.
  Time since last request: 0.000023 seconds.
  path: Assets/LunarConsole/Editor/EditorHelper.cs
  artifactKey: Guid(bde7b8f949d44b7baaa14326ee01ee45) Importer(2089858483,934ff659095e30574adcf32a4c2f97b5)
2025-04-30T12:17:13.788Z|0x6ff8|Start importing Assets/LunarConsole/Editor/EditorHelper.cs using Guid(bde7b8f949d44b7baaa14326ee01ee45) Importer(2089858483,934ff659095e30574adcf32a4c2f97b5) (ScriptedImporter) -> (artifact id: 'f5bd106d6c0234d62086348533043d6a') in 0.0096593 seconds
2025-04-30T12:17:13.832Z|0x6ff8|Number of updated asset objects reloaded before import = 0Number of asset objects unloaded after import = 0

2025-04-30T12:17:13.832Z|0x6ff8|========================================================================
Received Import Request.
  Time since last request: 0.000028 seconds.
  path: Assets/LunarConsole/Editor/LunarConsoleEditor.asmdef
  artifactKey: Guid(5c7d218fa468a46909ce7ce06167450d) Importer(2089858483,934ff659095e30574adcf32a4c2f97b5)
2025-04-30T12:17:13.845Z|0x6ff8|Start importing Assets/LunarConsole/Editor/LunarConsoleEditor.asmdef using Guid(5c7d218fa468a46909ce7ce06167450d) Importer(2089858483,934ff659095e30574adcf32a4c2f97b5) (ScriptedImporter) -> (artifact id: '13cf1d0cbbc24002077a70d38d1d34f5') in 0.0077386 seconds
2025-04-30T12:17:13.885Z|0x6ff8|Number of updated asset objects reloaded before import = 0Number of asset objects unloaded after import = 1

2025-04-30T12:17:13.885Z|0x6ff8|========================================================================
Received Import Request.
  Time since last request: 0.000022 seconds.
  path: Assets/Parse/Plugins/Unity.Tasks.dll
  artifactKey: Guid(93324a471a6d44bb8297d17d8b191e52) Importer(2089858483,934ff659095e30574adcf32a4c2f97b5)
2025-04-30T12:17:13.898Z|0x6ff8|Start importing Assets/Parse/Plugins/Unity.Tasks.dll using Guid(93324a471a6d44bb8297d17d8b191e52) Importer(2089858483,934ff659095e30574adcf32a4c2f97b5) (ScriptedImporter) -> (artifact id: '2f885701540c5967ec8c9a0c10fed6a8') in 0.0077313 seconds
2025-04-30T12:17:13.948Z|0x6ff8|Number of updated asset objects reloaded before import = 0Number of asset objects unloaded after import = 0

2025-04-30T12:17:13.948Z|0x6ff8|========================================================================
Received Import Request.
  Time since last request: 0.000026 seconds.
  path: Assets/AddressableAssetsData/AssetGroups/Localization-String-Tables-English (en).asset
  artifactKey: Guid(4602a492656eb9146be2444a011c8f7d) Importer(2089858483,934ff659095e30574adcf32a4c2f97b5)
2025-04-30T12:17:13.969Z|0x6ff8|Start importing Assets/AddressableAssetsData/AssetGroups/Localization-String-Tables-English (en).asset using Guid(4602a492656eb9146be2444a011c8f7d) Importer(2089858483,934ff659095e30574adcf32a4c2f97b5) (ScriptedImporter) -> (artifact id: '41625dfed7d3cc3f8a0dba8f17374bf3') in 0.0100281 seconds
2025-04-30T12:17:14.021Z|0x6ff8|Number of updated asset objects reloaded before import = 0Number of asset objects unloaded after import = 1

2025-04-30T12:17:14.021Z|0x6ff8|========================================================================
Received Import Request.
  Time since last request: 0.000031 seconds.
  path: Assets/LunarConsole/Editor/LunarConsoleHttpClient.cs
  artifactKey: Guid(8f2c6c905518146f59ce8bdbb6620c98) Importer(2089858483,934ff659095e30574adcf32a4c2f97b5)
2025-04-30T12:17:14.033Z|0x6ff8|Start importing Assets/LunarConsole/Editor/LunarConsoleHttpClient.cs using Guid(8f2c6c905518146f59ce8bdbb6620c98) Importer(2089858483,934ff659095e30574adcf32a4c2f97b5) (ScriptedImporter) -> (artifact id: 'abd699e00350a7396a31375f856fa5ab') in 0.0068817 seconds
2025-04-30T12:17:14.072Z|0x6ff8|Number of updated asset objects reloaded before import = 0Number of asset objects unloaded after import = 0

2025-04-30T12:17:14.072Z|0x6ff8|========================================================================
Received Import Request.
  Time since last request: 0.000019 seconds.
  path: Assets/Lean/Common/package.json
  artifactKey: Guid(5b161f7eaaf64aa40ba67688774eb06f) Importer(2089858483,934ff659095e30574adcf32a4c2f97b5)
2025-04-30T12:17:14.089Z|0x6ff8|Start importing Assets/Lean/Common/package.json using Guid(5b161f7eaaf64aa40ba67688774eb06f) Importer(2089858483,934ff659095e30574adcf32a4c2f97b5) (ScriptedImporter) -> (artifact id: '9985a78ea23ebea044c86086958f57ac') in 0.0074846 seconds
2025-04-30T12:17:14.131Z|0x6ff8|Number of updated asset objects reloaded before import = 0Number of asset objects unloaded after import = 1

2025-04-30T12:17:14.131Z|0x6ff8|========================================================================
Received Import Request.
  Time since last request: 0.000020 seconds.
  path: Assets/LunarConsole/Editor/BuildPostProcessor.cs
  artifactKey: Guid(e299aa1d646a8434c88ec185974ea661) Importer(2089858483,934ff659095e30574adcf32a4c2f97b5)
2025-04-30T12:17:14.150Z|0x6ff8|Start importing Assets/LunarConsole/Editor/BuildPostProcessor.cs using Guid(e299aa1d646a8434c88ec185974ea661) Importer(2089858483,934ff659095e30574adcf32a4c2f97b5) (ScriptedImporter) -> (artifact id: 'f0a72a0c6f38dc770d7fd3023bc287c3') in 0.007077 seconds
2025-04-30T12:17:14.200Z|0x6ff8|Number of updated asset objects reloaded before import = 0Number of asset objects unloaded after import = 0

2025-04-30T12:17:14.200Z|0x6ff8|========================================================================
Received Import Request.
  Time since last request: 0.000023 seconds.
  path: Assets/LunarConsole/Editor/Utils.cs
  artifactKey: Guid(1cabf23b0ba0747f0b6be238bfa69080) Importer(2089858483,934ff659095e30574adcf32a4c2f97b5)
2025-04-30T12:17:14.215Z|0x6ff8|Start importing Assets/LunarConsole/Editor/Utils.cs using Guid(1cabf23b0ba0747f0b6be238bfa69080) Importer(2089858483,934ff659095e30574adcf32a4c2f97b5) (ScriptedImporter) -> (artifact id: 'b57a872cd7130a375455a05d29464d87') in 0.0059619 seconds
2025-04-30T12:17:14.271Z|0x6ff8|Number of updated asset objects reloaded before import = 0Number of asset objects unloaded after import = 0

2025-04-30T12:17:31.122Z|0x6ff8|========================================================================
Received Import Request.
  Time since last request: 16.850315 seconds.
  path: 
  artifactKey: Guid(c289d5cfbabfe6d438576c0a1d8ff9f0) Importer(815301076,1909f56bfc062723c751e8b465ee728b)
2025-04-30T12:17:31.142Z|0x6ff8|Start importing  using Guid(c289d5cfbabfe6d438576c0a1d8ff9f0) Importer(815301076,1909f56bfc062723c751e8b465ee728b)  -> (artifact id: '00000000000000000000000000000000') in 0.000139 seconds
2025-04-30T12:17:31.143Z|0x6ff8|Import Error Code:(3)
Message: Unknown asset with GUID 'c289d5cfbabfe6d438576c0a1d8ff9f0'
2025-04-30T12:17:31.143Z|0x6ff8|  ERROR: Unknown asset with GUID 'c289d5cfbabfe6d438576c0a1d8ff9f0'
2025-04-30T12:17:35.923Z|0x6ff8|Number of updated asset objects reloaded before import = 0Number of asset objects unloaded after import = 0

2025-04-30T12:17:37.094Z|0x6ff8|========================================================================
2025-04-30T12:17:37.094Z|0x6ff8|Received Prepare
2025-04-30T12:17:41.575Z|0x6ff8|Refreshing native plugins compatible for Editor in 383.38 ms, found 3 plugins.
2025-04-30T12:17:41.575Z|0x6ff8|Preloading 0 native plugins for Editor in 0.00 ms.
2025-04-30T12:17:41.575Z|0x8964|Unloading 13 Unused Serialized files (Serialized files now loaded: 0)
2025-04-30T12:17:41.611Z|0x6ff8|Unloading 5571 unused Assets / (5.3 MB). Loaded Objects now: 6279.
Memory consumption went from 137.3 MB to 131.9 MB.
2025-04-30T12:17:41.611Z|0x6ff8|Total: 34.585100 ms (FindLiveObjects: 2.369300 ms CreateObjectMapping: 0.840600 ms MarkObjects: 23.659200 ms  DeleteObjects: 7.712700 ms)

2025-04-30T12:17:41.611Z|0x6ff8|Prepare: number of updated asset objects reloaded= 0
2025-04-30T12:17:43.151Z|0x6ff8|========================================================================
Received Import Request.
  Time since last request: 7.228642 seconds.
  path: Assets/Scenes/Levels/Level 70.unity
  artifactKey: Guid(d07146201facb964a8f54ef44ca9cb51) Importer(2089858483,934ff659095e30574adcf32a4c2f97b5)
2025-04-30T12:17:43.192Z|0x6ff8|Start importing Assets/Scenes/Levels/Level 70.unity using Guid(d07146201facb964a8f54ef44ca9cb51) Importer(2089858483,934ff659095e30574adcf32a4c2f97b5) (ScriptedImporter) -> (artifact id: '42452ce1197abcb38135cfea5ca2ed89') in 0.0361327 seconds
2025-04-30T12:17:43.443Z|0x6ff8|Number of updated asset objects reloaded before import = 0Number of asset objects unloaded after import = 1

2025-04-30T12:17:43.443Z|0x6ff8|========================================================================
Received Import Request.
  Time since last request: 0.000030 seconds.
  path: Assets/Scenes/Levels/Level 96.unity
  artifactKey: Guid(92072d88f6296c54890999578625e69f) Importer(2089858483,934ff659095e30574adcf32a4c2f97b5)
2025-04-30T12:17:43.457Z|0x6ff8|Start importing Assets/Scenes/Levels/Level 96.unity using Guid(92072d88f6296c54890999578625e69f) Importer(2089858483,934ff659095e30574adcf32a4c2f97b5) (ScriptedImporter) -> (artifact id: 'b9aa96ad50a4d861553816a3bf1539f2') in 0.0067684 seconds
2025-04-30T12:17:43.491Z|0x6ff8|Number of updated asset objects reloaded before import = 0Number of asset objects unloaded after import = 1

2025-04-30T12:17:43.491Z|0x6ff8|========================================================================
Received Import Request.
  Time since last request: 0.000030 seconds.
  path: Assets/Scenes/Levels/Level 76.unity
  artifactKey: Guid(999fea89f83d8e545a94badd03b97eee) Importer(2089858483,934ff659095e30574adcf32a4c2f97b5)
2025-04-30T12:17:43.513Z|0x6ff8|Start importing Assets/Scenes/Levels/Level 76.unity using Guid(999fea89f83d8e545a94badd03b97eee) Importer(2089858483,934ff659095e30574adcf32a4c2f97b5) (ScriptedImporter) -> (artifact id: '60c32b231b00b56f2b60d0fdeced33a8') in 0.0229917 seconds
2025-04-30T12:17:43.685Z|0x6ff8|Number of updated asset objects reloaded before import = 0Number of asset objects unloaded after import = 1

2025-04-30T12:17:43.686Z|0x6ff8|========================================================================
Received Import Request.
  Time since last request: 0.000115 seconds.
  path: Assets/Scenes/Levels/Level 93.unity
  artifactKey: Guid(7bd5ef7dd239c244db7a183efc8472a0) Importer(2089858483,934ff659095e30574adcf32a4c2f97b5)
2025-04-30T12:17:43.731Z|0x6ff8|Start importing Assets/Scenes/Levels/Level 93.unity using Guid(7bd5ef7dd239c244db7a183efc8472a0) Importer(2089858483,934ff659095e30574adcf32a4c2f97b5) (ScriptedImporter) -> (artifact id: 'c3826292ac48743d4c9cd62944a1ec7f') in 0.0231304 seconds
2025-04-30T12:17:43.853Z|0x6ff8|Number of updated asset objects reloaded before import = 0Number of asset objects unloaded after import = 1

2025-04-30T12:17:43.854Z|0x6ff8|========================================================================
Received Import Request.
  Time since last request: 0.000025 seconds.
  path: Assets/Scenes/Levels/Level 88.unity
  artifactKey: Guid(fa75ee6b6b6b921489f3cbc40077ef24) Importer(2089858483,934ff659095e30574adcf32a4c2f97b5)
2025-04-30T12:17:43.883Z|0x6ff8|Start importing Assets/Scenes/Levels/Level 88.unity using Guid(fa75ee6b6b6b921489f3cbc40077ef24) Importer(2089858483,934ff659095e30574adcf32a4c2f97b5) (ScriptedImporter) -> (artifact id: '0055c9db511935da336654cd3d563065') in 0.0074438 seconds
2025-04-30T12:17:43.930Z|0x6ff8|Number of updated asset objects reloaded before import = 0Number of asset objects unloaded after import = 1

2025-04-30T12:17:43.930Z|0x6ff8|========================================================================
Received Import Request.
  Time since last request: 0.000033 seconds.
  path: Assets/Scenes/Levels/Level 79.unity
  artifactKey: Guid(f972a75c5e4b1004bb01673135aceb7f) Importer(2089858483,934ff659095e30574adcf32a4c2f97b5)
2025-04-30T12:17:43.947Z|0x6ff8|Start importing Assets/Scenes/Levels/Level 79.unity using Guid(f972a75c5e4b1004bb01673135aceb7f) Importer(2089858483,934ff659095e30574adcf32a4c2f97b5) (ScriptedImporter) -> (artifact id: 'a38470c8c8878ff070508f8fc4b30e89') in 0.0082697 seconds
2025-04-30T12:17:44.028Z|0x6ff8|Number of updated asset objects reloaded before import = 0Number of asset objects unloaded after import = 1

2025-04-30T12:17:44.028Z|0x6ff8|========================================================================
Received Import Request.
  Time since last request: 0.000031 seconds.
  path: Assets/Scenes/Levels/Level 89.unity
  artifactKey: Guid(baa2bc84a4351d84a91fc974f69f42e0) Importer(2089858483,934ff659095e30574adcf32a4c2f97b5)
2025-04-30T12:17:44.042Z|0x6ff8|Start importing Assets/Scenes/Levels/Level 89.unity using Guid(baa2bc84a4351d84a91fc974f69f42e0) Importer(2089858483,934ff659095e30574adcf32a4c2f97b5) (ScriptedImporter) -> (artifact id: '296a1bbc308f19ed1ecca39decac5d55') in 0.0096295 seconds
2025-04-30T12:17:44.077Z|0x6ff8|Number of updated asset objects reloaded before import = 0Number of asset objects unloaded after import = 1

2025-04-30T12:17:44.113Z|0x6ff8|========================================================================
Received Import Request.
  Time since last request: 0.036653 seconds.
  path: Assets/TextMesh Pro/Documentation/TextMesh Pro User Guide 2016.pdf
  artifactKey: Guid(1b8d251f9af63b746bf2f7ffe00ebb9b) Importer(2089858483,934ff659095e30574adcf32a4c2f97b5)
2025-04-30T12:17:44.129Z|0x6ff8|Start importing Assets/TextMesh Pro/Documentation/TextMesh Pro User Guide 2016.pdf using Guid(1b8d251f9af63b746bf2f7ffe00ebb9b) Importer(2089858483,934ff659095e30574adcf32a4c2f97b5) (ScriptedImporter) -> (artifact id: 'd5669e1ad3ba07c7b193cf51bf5948c1') in 0.0105175 seconds
2025-04-30T12:17:44.238Z|0x6ff8|Number of updated asset objects reloaded before import = 0Number of asset objects unloaded after import = 1

2025-04-30T12:17:44.238Z|0x6ff8|========================================================================
Received Import Request.
  Time since last request: 0.000029 seconds.
  path: Assets/TextMesh Pro/Shaders/TMP_Bitmap.shader
  artifactKey: Guid(128e987d567d4e2c824d754223b3f3b0) Importer(2089858483,934ff659095e30574adcf32a4c2f97b5)
2025-04-30T12:17:44.253Z|0x6ff8|Start importing Assets/TextMesh Pro/Shaders/TMP_Bitmap.shader using Guid(128e987d567d4e2c824d754223b3f3b0) Importer(2089858483,934ff659095e30574adcf32a4c2f97b5) (ScriptedImporter) -> (artifact id: '97b7adb2408529b9d53e9b135f576829') in 0.01304 seconds
2025-04-30T12:17:44.311Z|0x6ff8|Number of updated asset objects reloaded before import = 0Number of asset objects unloaded after import = 1

2025-04-30T12:17:44.311Z|0x6ff8|========================================================================
Received Import Request.
  Time since last request: 0.000031 seconds.
  path: Assets/TextMesh Pro/Shaders/TMP_Bitmap-Custom-Atlas.shader
  artifactKey: Guid(48bb5f55d8670e349b6e614913f9d910) Importer(2089858483,934ff659095e30574adcf32a4c2f97b5)
2025-04-30T12:17:44.324Z|0x6ff8|Start importing Assets/TextMesh Pro/Shaders/TMP_Bitmap-Custom-Atlas.shader using Guid(48bb5f55d8670e349b6e614913f9d910) Importer(2089858483,934ff659095e30574adcf32a4c2f97b5) (ScriptedImporter) -> (artifact id: 'd1f9ddc99c9286d354d0f5c7194b45c7') in 0.006279 seconds
2025-04-30T12:17:44.383Z|0x6ff8|Number of updated asset objects reloaded before import = 0Number of asset objects unloaded after import = 1

2025-04-30T12:17:44.383Z|0x6ff8|========================================================================
Received Import Request.
  Time since last request: 0.000025 seconds.
  path: Assets/TextMesh Pro/Shaders/TMP_SDF-Surface.shader
  artifactKey: Guid(f7ada0af4f174f0694ca6a487b8f543d) Importer(2089858483,934ff659095e30574adcf32a4c2f97b5)
2025-04-30T12:17:44.399Z|0x6ff8|Start importing Assets/TextMesh Pro/Shaders/TMP_SDF-Surface.shader using Guid(f7ada0af4f174f0694ca6a487b8f543d) Importer(2089858483,934ff659095e30574adcf32a4c2f97b5) (ScriptedImporter) -> (artifact id: '0462e2eb119324b3176235798dc5627b') in 0.010975 seconds
2025-04-30T12:17:44.461Z|0x6ff8|Number of updated asset objects reloaded before import = 0Number of asset objects unloaded after import = 1

2025-04-30T12:17:44.462Z|0x6ff8|========================================================================
Received Import Request.
  Time since last request: 0.000020 seconds.
  path: Assets/TextMesh Pro/Resources/TMP Settings.asset
  artifactKey: Guid(3f5b5dff67a942289a9defa416b206f3) Importer(2089858483,934ff659095e30574adcf32a4c2f97b5)
2025-04-30T12:17:44.481Z|0x6ff8|Start importing Assets/TextMesh Pro/Resources/TMP Settings.asset using Guid(3f5b5dff67a942289a9defa416b206f3) Importer(2089858483,934ff659095e30574adcf32a4c2f97b5) (ScriptedImporter) -> (artifact id: '53a7434235d79a02425cf80876f13251') in 0.0676606 seconds
2025-04-30T12:17:44.592Z|0x6ff8|Number of updated asset objects reloaded before import = 0Number of asset objects unloaded after import = 15

2025-04-30T12:17:44.593Z|0x6ff8|========================================================================
Received Import Request.
  Time since last request: 0.000038 seconds.
  path: Assets/_Assets/Audios/0_Jump 1.wav
  artifactKey: Guid(42a64d98c02e59845a1470e44e661a4a) Importer(2089858483,934ff659095e30574adcf32a4c2f97b5)
2025-04-30T12:17:44.606Z|0x6ff8|Start importing Assets/_Assets/Audios/0_Jump 1.wav using Guid(42a64d98c02e59845a1470e44e661a4a) Importer(2089858483,934ff659095e30574adcf32a4c2f97b5) (ScriptedImporter) -> (artifact id: 'c80fa68f5baa75979ebbb820fb8f6884') in 0.0115133 seconds
2025-04-30T12:17:44.645Z|0x6ff8|Number of updated asset objects reloaded before import = 0Number of asset objects unloaded after import = 1

2025-04-30T12:17:45.044Z|0x6ff8|========================================================================
Received Import Request.
  Time since last request: 0.398024 seconds.
  path: Assets/_Assets/Audios/Hold My Egg.mp3
  artifactKey: Guid(53f247b0a3952bb4f90861f542a21deb) Importer(2089858483,934ff659095e30574adcf32a4c2f97b5)
2025-04-30T12:17:45.056Z|0x6ff8|Start importing Assets/_Assets/Audios/Hold My Egg.mp3 using Guid(53f247b0a3952bb4f90861f542a21deb) Importer(2089858483,934ff659095e30574adcf32a4c2f97b5) (ScriptedImporter) -> (artifact id: '0941ea7d16be4caa1bd3db08b4fb54e1') in 0.1686707 seconds
2025-04-30T12:17:45.262Z|0x6ff8|Number of updated asset objects reloaded before import = 0Number of asset objects unloaded after import = 1

2025-04-30T12:17:45.262Z|0x6ff8|========================================================================
Received Import Request.
  Time since last request: 0.000024 seconds.
  path: Assets/AddressableAssetsData/AssetGroups/Schemas/Built In Data_PlayerDataGroupSchema.asset
  artifactKey: Guid(c5074cd6af89ba844a91afd210e6f227) Importer(2089858483,934ff659095e30574adcf32a4c2f97b5)
2025-04-30T12:17:45.275Z|0x6ff8|Start importing Assets/AddressableAssetsData/AssetGroups/Schemas/Built In Data_PlayerDataGroupSchema.asset using Guid(c5074cd6af89ba844a91afd210e6f227) Importer(2089858483,934ff659095e30574adcf32a4c2f97b5) (ScriptedImporter) -> (artifact id: 'b08447bd111e2997fdb1798a95b84113') in 0.0085385 seconds
2025-04-30T12:17:45.329Z|0x6ff8|Number of updated asset objects reloaded before import = 0Number of asset objects unloaded after import = 1

2025-04-30T12:17:45.329Z|0x6ff8|========================================================================
Received Import Request.
  Time since last request: 0.000040 seconds.
  path: Assets/_Assets/Materials/Bowl Friction.physicsMaterial2D
  artifactKey: Guid(acda29920f782ac448906e5a69a6f3d6) Importer(2089858483,934ff659095e30574adcf32a4c2f97b5)
2025-04-30T12:17:45.344Z|0x6ff8|Start importing Assets/_Assets/Materials/Bowl Friction.physicsMaterial2D using Guid(acda29920f782ac448906e5a69a6f3d6) Importer(2089858483,934ff659095e30574adcf32a4c2f97b5) (ScriptedImporter) -> (artifact id: '7c67d207bde4c89776a7cceb0f318e25') in 0.0083985 seconds
2025-04-30T12:17:45.390Z|0x6ff8|Number of updated asset objects reloaded before import = 0Number of asset objects unloaded after import = 1

2025-04-30T12:17:45.390Z|0x6ff8|========================================================================
Received Import Request.
  Time since last request: 0.000019 seconds.
  path: Assets/_Assets/Scriptable Objects/Coin Data.asset
  artifactKey: Guid(c32976e2732c8f44f97c18cdf41fc87f) Importer(2089858483,934ff659095e30574adcf32a4c2f97b5)
2025-04-30T12:17:45.407Z|0x6ff8|Start importing Assets/_Assets/Scriptable Objects/Coin Data.asset using Guid(c32976e2732c8f44f97c18cdf41fc87f) Importer(2089858483,934ff659095e30574adcf32a4c2f97b5) (ScriptedImporter) -> (artifact id: '2c0bb5e1ef520c75b2f04d654d5270e3') in 0.0077621 seconds
2025-04-30T12:17:45.446Z|0x6ff8|Number of updated asset objects reloaded before import = 0Number of asset objects unloaded after import = 1

2025-04-30T12:17:45.942Z|0x6ff8|========================================================================
Received Import Request.
  Time since last request: 0.495773 seconds.
  path: Assets/AddressableAssetsData/AssetGroups/Schemas/Localization-String-Tables-English (en)_ContentUpdateGroupSchema.asset
  artifactKey: Guid(caf8347f41d1758479997893d6d475af) Importer(2089858483,934ff659095e30574adcf32a4c2f97b5)
2025-04-30T12:17:45.959Z|0x6ff8|Start importing Assets/AddressableAssetsData/AssetGroups/Schemas/Localization-String-Tables-English (en)_ContentUpdateGroupSchema.asset using Guid(caf8347f41d1758479997893d6d475af) Importer(2089858483,934ff659095e30574adcf32a4c2f97b5) (ScriptedImporter) -> (artifact id: 'c0fbae5f5445baabb7e49af789ee4915') in 0.0138811 seconds
2025-04-30T12:17:46.033Z|0x6ff8|Number of updated asset objects reloaded before import = 0Number of asset objects unloaded after import = 1

2025-04-30T12:17:46.033Z|0x6ff8|========================================================================
Received Import Request.
  Time since last request: 0.000022 seconds.
  path: Assets/AddressableAssetsData/AssetGroups/Schemas/Localization-String-Tables-Hindi (hi)_BundledAssetGroupSchema.asset
  artifactKey: Guid(d49eef263b679f64daa9199bfca9a353) Importer(2089858483,934ff659095e30574adcf32a4c2f97b5)
2025-04-30T12:17:46.051Z|0x6ff8|Start importing Assets/AddressableAssetsData/AssetGroups/Schemas/Localization-String-Tables-Hindi (hi)_BundledAssetGroupSchema.asset using Guid(d49eef263b679f64daa9199bfca9a353) Importer(2089858483,934ff659095e30574adcf32a4c2f97b5) (ScriptedImporter) -> (artifact id: '4d4b8b813bd4aa8254935db2aec5a438') in 0.0112196 seconds
2025-04-30T12:17:46.117Z|0x6ff8|Number of updated asset objects reloaded before import = 0Number of asset objects unloaded after import = 1

2025-04-30T12:17:46.117Z|0x6ff8|========================================================================
Received Import Request.
  Time since last request: 0.000039 seconds.
  path: Assets/AddressableAssetsData/AssetGroups/Schemas/Localization-String-Tables-Hindi (hi)_ContentUpdateGroupSchema.asset
  artifactKey: Guid(4f5d2216b7cf80c48b2e436fb03ebb48) Importer(2089858483,934ff659095e30574adcf32a4c2f97b5)
2025-04-30T12:17:46.132Z|0x6ff8|Start importing Assets/AddressableAssetsData/AssetGroups/Schemas/Localization-String-Tables-Hindi (hi)_ContentUpdateGroupSchema.asset using Guid(4f5d2216b7cf80c48b2e436fb03ebb48) Importer(2089858483,934ff659095e30574adcf32a4c2f97b5) (ScriptedImporter) -> (artifact id: 'acfcfde3038fc285357321a5d12bea50') in 0.009302 seconds
2025-04-30T12:17:46.213Z|0x6ff8|Number of updated asset objects reloaded before import = 0Number of asset objects unloaded after import = 1

2025-04-30T12:17:53.158Z|0x6ff8|========================================================================
Received Import Request.
  Time since last request: 6.944044 seconds.
  path: Assets/Scenes/Levels/Level 1.unity
  artifactKey: Guid(ebc46fb2e53abaa4682c3a1682834a53) Importer(2089858483,934ff659095e30574adcf32a4c2f97b5)
2025-04-30T12:17:53.174Z|0x6ff8|Start importing Assets/Scenes/Levels/Level 1.unity using Guid(ebc46fb2e53abaa4682c3a1682834a53) Importer(2089858483,934ff659095e30574adcf32a4c2f97b5) (ScriptedImporter) -> (artifact id: '0cb7fa016a577121cf2d2b3689cae6a3') in 4.0165429 seconds
2025-04-30T12:17:57.344Z|0x6ff8|Number of updated asset objects reloaded before import = 0Number of asset objects unloaded after import = 1

2025-04-30T12:17:57.344Z|0x6ff8|========================================================================
Received Import Request.
  Time since last request: 0.000046 seconds.
  path: Assets/Scenes/Levels/Level 46.unity
  artifactKey: Guid(b0f6df89d6be94945bcc7ae1b734d880) Importer(2089858483,934ff659095e30574adcf32a4c2f97b5)
2025-04-30T12:17:57.390Z|0x6ff8|Start importing Assets/Scenes/Levels/Level 46.unity using Guid(b0f6df89d6be94945bcc7ae1b734d880) Importer(2089858483,934ff659095e30574adcf32a4c2f97b5) (ScriptedImporter) -> (artifact id: '9aec96e441210da564c25167f3ec535f') in 0.0266539 seconds
2025-04-30T12:17:57.554Z|0x6ff8|Number of updated asset objects reloaded before import = 0Number of asset objects unloaded after import = 1

2025-04-30T12:17:57.555Z|0x6ff8|========================================================================
Received Import Request.
  Time since last request: 0.000205 seconds.
  path: Assets/Scenes/Levels/Level 6.unity
  artifactKey: Guid(4137b0d4744e4bb40848227cb7a0260a) Importer(2089858483,934ff659095e30574adcf32a4c2f97b5)
2025-04-30T12:17:57.633Z|0x6ff8|Start importing Assets/Scenes/Levels/Level 6.unity using Guid(4137b0d4744e4bb40848227cb7a0260a) Importer(2089858483,934ff659095e30574adcf32a4c2f97b5) (ScriptedImporter) -> (artifact id: '89c73d7c5cafa5daf97e8f2b9e448ccd') in 0.0145796 seconds
2025-04-30T12:17:57.743Z|0x6ff8|Number of updated asset objects reloaded before import = 0Number of asset objects unloaded after import = 1

2025-04-30T12:17:57.743Z|0x6ff8|========================================================================
Received Import Request.
  Time since last request: 0.000041 seconds.
  path: Assets/Scenes/Levels/Level 26.unity
  artifactKey: Guid(af36cb1d78e9c964396786600320fc67) Importer(2089858483,934ff659095e30574adcf32a4c2f97b5)
2025-04-30T12:17:57.763Z|0x6ff8|Start importing Assets/Scenes/Levels/Level 26.unity using Guid(af36cb1d78e9c964396786600320fc67) Importer(2089858483,934ff659095e30574adcf32a4c2f97b5) (ScriptedImporter) -> (artifact id: 'bafcadf40b6c05ca0784a496026ef419') in 0.0155109 seconds
2025-04-30T12:17:58.234Z|0x6ff8|Number of updated asset objects reloaded before import = 0Number of asset objects unloaded after import = 1

2025-04-30T12:17:58.234Z|0x6ff8|========================================================================
Received Import Request.
  Time since last request: 0.000032 seconds.
  path: Assets/Scenes/Levels/Level 19.unity
  artifactKey: Guid(8a17427238a5c9041afa9fc2ac469743) Importer(2089858483,934ff659095e30574adcf32a4c2f97b5)
2025-04-30T12:17:58.688Z|0x6ff8|Start importing Assets/Scenes/Levels/Level 19.unity using Guid(8a17427238a5c9041afa9fc2ac469743) Importer(2089858483,934ff659095e30574adcf32a4c2f97b5) (ScriptedImporter) -> (artifact id: '58d17ed734652b2d6d311737307a787d') in 0.1524917 seconds
2025-04-30T12:17:59.053Z|0x6ff8|Number of updated asset objects reloaded before import = 0Number of asset objects unloaded after import = 1

2025-04-30T12:17:59.053Z|0x6ff8|========================================================================
Received Import Request.
  Time since last request: 0.000043 seconds.
  path: Assets/Scenes/Levels/Level 67.unity
  artifactKey: Guid(cfb7c3936c027cc4e9503cf345764d90) Importer(2089858483,934ff659095e30574adcf32a4c2f97b5)
2025-04-30T12:17:59.096Z|0x6ff8|Start importing Assets/Scenes/Levels/Level 67.unity using Guid(cfb7c3936c027cc4e9503cf345764d90) Importer(2089858483,934ff659095e30574adcf32a4c2f97b5) (ScriptedImporter) -> (artifact id: 'b793632f873b354d2569d1d091b9737a') in 0.012586 seconds
2025-04-30T12:17:59.225Z|0x6ff8|Number of updated asset objects reloaded before import = 0Number of asset objects unloaded after import = 1

2025-04-30T12:17:59.225Z|0x6ff8|========================================================================
Received Import Request.
  Time since last request: 0.000023 seconds.
  path: Assets/Scenes/Levels/Level 14.unity
  artifactKey: Guid(a4e44837ce48b554c9236142ef0d93c0) Importer(2089858483,934ff659095e30574adcf32a4c2f97b5)
2025-04-30T12:17:59.246Z|0x6ff8|Start importing Assets/Scenes/Levels/Level 14.unity using Guid(a4e44837ce48b554c9236142ef0d93c0) Importer(2089858483,934ff659095e30574adcf32a4c2f97b5) (ScriptedImporter) -> (artifact id: '75814ba89032e3ac3be45c87e27003e1') in 0.0125861 seconds
2025-04-30T12:17:59.367Z|0x6ff8|Number of updated asset objects reloaded before import = 0Number of asset objects unloaded after import = 1

2025-04-30T12:17:59.367Z|0x6ff8|========================================================================
Received Import Request.
  Time since last request: 0.000021 seconds.
  path: Assets/Scenes/Levels/Level 31.unity
  artifactKey: Guid(048be3689982ec34a88fd2866b4b1ee8) Importer(2089858483,934ff659095e30574adcf32a4c2f97b5)
2025-04-30T12:17:59.396Z|0x6ff8|Start importing Assets/Scenes/Levels/Level 31.unity using Guid(048be3689982ec34a88fd2866b4b1ee8) Importer(2089858483,934ff659095e30574adcf32a4c2f97b5) (ScriptedImporter) -> (artifact id: '60c03983af4ec71530cb9e3c5be4d66c') in 1.9073656 seconds
2025-04-30T12:18:01.402Z|0x6ff8|Number of updated asset objects reloaded before import = 0Number of asset objects unloaded after import = 1

2025-04-30T12:18:01.402Z|0x6ff8|========================================================================
Received Import Request.
  Time since last request: 0.000043 seconds.
  path: Assets/Lean/Localization/Documentation/Documentation.html
  artifactKey: Guid(f1df6224418ffab4a826524335129c5b) Importer(2089858483,934ff659095e30574adcf32a4c2f97b5)
2025-04-30T12:18:01.419Z|0x6ff8|Start importing Assets/Lean/Localization/Documentation/Documentation.html using Guid(f1df6224418ffab4a826524335129c5b) Importer(2089858483,934ff659095e30574adcf32a4c2f97b5) (ScriptedImporter) -> (artifact id: '79f7d007585a6ba5fae8d291f2ea0be3') in 0.0116842 seconds
2025-04-30T12:18:01.473Z|0x6ff8|Number of updated asset objects reloaded before import = 0Number of asset objects unloaded after import = 1

2025-04-30T12:18:01.473Z|0x6ff8|========================================================================
Received Import Request.
  Time since last request: 0.000026 seconds.
  path: Assets/Lean/Localization/Examples/07 Token (Formatted Text).unity
  artifactKey: Guid(259245585b57ae24e8342ef4ab6c95df) Importer(2089858483,934ff659095e30574adcf32a4c2f97b5)
2025-04-30T12:18:01.490Z|0x6ff8|Start importing Assets/Lean/Localization/Examples/07 Token (Formatted Text).unity using Guid(259245585b57ae24e8342ef4ab6c95df) Importer(2089858483,934ff659095e30574adcf32a4c2f97b5) (ScriptedImporter) -> (artifact id: '1f1d5997744f9a156a7da433583eb1ee') in 0.0088569 seconds
2025-04-30T12:18:01.544Z|0x6ff8|Number of updated asset objects reloaded before import = 0Number of asset objects unloaded after import = 1

2025-04-30T12:18:01.544Z|0x6ff8|========================================================================
Received Import Request.
  Time since last request: 0.000027 seconds.
  path: Assets/Lean/Common/Extras/LeanSelectableSpriteRendererColor.cs
  artifactKey: Guid(a45146ec471801c4dbce44f8dd62608f) Importer(2089858483,934ff659095e30574adcf32a4c2f97b5)
2025-04-30T12:18:01.561Z|0x6ff8|Start importing Assets/Lean/Common/Extras/LeanSelectableSpriteRendererColor.cs using Guid(a45146ec471801c4dbce44f8dd62608f) Importer(2089858483,934ff659095e30574adcf32a4c2f97b5) (ScriptedImporter) -> (artifact id: 'a6fa497e88328cfce11a2d11abc2a4d7') in 0.0078034 seconds
2025-04-30T12:18:01.607Z|0x6ff8|Number of updated asset objects reloaded before import = 0Number of asset objects unloaded after import = 0

2025-04-30T12:18:01.607Z|0x6ff8|========================================================================
Received Import Request.
  Time since last request: 0.000094 seconds.
  path: Assets/Scenes/Levels/Level 24.unity
  artifactKey: Guid(a36a05e169375134c913e4bb22601d51) Importer(2089858483,934ff659095e30574adcf32a4c2f97b5)
2025-04-30T12:18:01.625Z|0x6ff8|Start importing Assets/Scenes/Levels/Level 24.unity using Guid(a36a05e169375134c913e4bb22601d51) Importer(2089858483,934ff659095e30574adcf32a4c2f97b5) (ScriptedImporter) -> (artifact id: '40279efa615cad02dcece4f3701b785f') in 0.0119098 seconds
2025-04-30T12:18:01.681Z|0x6ff8|Number of updated asset objects reloaded before import = 0Number of asset objects unloaded after import = 1

2025-04-30T12:18:01.681Z|0x6ff8|========================================================================
Received Import Request.
  Time since last request: 0.000039 seconds.
  path: Assets/Scenes/Levels/Level 48.unity
  artifactKey: Guid(23d3f68827049a047a8032d479bd4205) Importer(2089858483,934ff659095e30574adcf32a4c2f97b5)
2025-04-30T12:18:01.694Z|0x6ff8|Start importing Assets/Scenes/Levels/Level 48.unity using Guid(23d3f68827049a047a8032d479bd4205) Importer(2089858483,934ff659095e30574adcf32a4c2f97b5) (ScriptedImporter) -> (artifact id: 'f7c0a7a96385bb5a3ee95260a2900047') in 0.0076615 seconds
2025-04-30T12:18:01.750Z|0x6ff8|Number of updated asset objects reloaded before import = 0Number of asset objects unloaded after import = 1

2025-04-30T12:18:01.750Z|0x6ff8|========================================================================
Received Import Request.
  Time since last request: 0.000037 seconds.
  path: Assets/Lean/Localization/Examples/04 Change Language.unity
  artifactKey: Guid(c503bc0d08774bc46b01f7f962634a94) Importer(2089858483,934ff659095e30574adcf32a4c2f97b5)
2025-04-30T12:18:01.768Z|0x6ff8|Start importing Assets/Lean/Localization/Examples/04 Change Language.unity using Guid(c503bc0d08774bc46b01f7f962634a94) Importer(2089858483,934ff659095e30574adcf32a4c2f97b5) (ScriptedImporter) -> (artifact id: 'a5aafd246a162cc1f0faf049011a94c6') in 0.0136263 seconds
2025-04-30T12:18:01.828Z|0x6ff8|Number of updated asset objects reloaded before import = 0Number of asset objects unloaded after import = 1

2025-04-30T12:18:01.828Z|0x6ff8|========================================================================
Received Import Request.
  Time since last request: 0.000027 seconds.
  path: Assets/LunarConsole/Editor/Android/lunar-console.aar
  artifactKey: Guid(8c04a287e839b49ec81abc152624ec48) Importer(2089858483,934ff659095e30574adcf32a4c2f97b5)
2025-04-30T12:18:01.846Z|0x6ff8|Start importing Assets/LunarConsole/Editor/Android/lunar-console.aar using Guid(8c04a287e839b49ec81abc152624ec48) Importer(2089858483,934ff659095e30574adcf32a4c2f97b5) (ScriptedImporter) -> (artifact id: '0731d99c88e07ea9839dbd05ebf71ac4') in 0.0115219 seconds
2025-04-30T12:18:01.903Z|0x6ff8|Number of updated asset objects reloaded before import = 0Number of asset objects unloaded after import = 0

2025-04-30T12:18:01.903Z|0x6ff8|========================================================================
Received Import Request.
  Time since last request: 0.000020 seconds.
  path: Assets/Lean/Localization/Languages/Russian.prefab
  artifactKey: Guid(adef00e2be323654ca5fa825a2cc3c72) Importer(2089858483,934ff659095e30574adcf32a4c2f97b5)
2025-04-30T12:18:01.922Z|0x6ff8|Start importing Assets/Lean/Localization/Languages/Russian.prefab using Guid(adef00e2be323654ca5fa825a2cc3c72) Importer(2089858483,934ff659095e30574adcf32a4c2f97b5) (ScriptedImporter) -> (artifact id: '7d3d61c09b666b34cc3a5b7fdf577289') in 0.0344235 seconds
2025-04-30T12:18:02.000Z|0x6ff8|Number of updated asset objects reloaded before import = 0Number of asset objects unloaded after import = 5

2025-04-30T12:18:02.000Z|0x6ff8|========================================================================
Received Import Request.
  Time since last request: 0.000025 seconds.
  path: Assets/Lean/Localization/Scripts/LeanTranslation.cs
  artifactKey: Guid(262535ccf26608d488744fb304c45389) Importer(2089858483,934ff659095e30574adcf32a4c2f97b5)
2025-04-30T12:18:02.014Z|0x6ff8|Start importing Assets/Lean/Localization/Scripts/LeanTranslation.cs using Guid(262535ccf26608d488744fb304c45389) Importer(2089858483,934ff659095e30574adcf32a4c2f97b5) (ScriptedImporter) -> (artifact id: '8920cc55c2a0eba2c4638b60e3e78cd6') in 0.0150307 seconds
2025-04-30T12:18:02.080Z|0x6ff8|Number of updated asset objects reloaded before import = 0Number of asset objects unloaded after import = 0

2025-04-30T12:18:02.080Z|0x6ff8|========================================================================
Received Import Request.
  Time since last request: 0.000044 seconds.
  path: Assets/Lean/Localization/Scripts/LeanLanguageCSV.cs
  artifactKey: Guid(086ae75064fca9f46b315403da7f5d20) Importer(2089858483,934ff659095e30574adcf32a4c2f97b5)
2025-04-30T12:18:02.093Z|0x6ff8|Start importing Assets/Lean/Localization/Scripts/LeanLanguageCSV.cs using Guid(086ae75064fca9f46b315403da7f5d20) Importer(2089858483,934ff659095e30574adcf32a4c2f97b5) (ScriptedImporter) -> (artifact id: '8e855dc6e014983cf9e1c7a35ca78c1c') in 0.0109799 seconds
2025-04-30T12:18:02.151Z|0x6ff8|Number of updated asset objects reloaded before import = 0Number of asset objects unloaded after import = 0

2025-04-30T12:18:02.151Z|0x6ff8|========================================================================
Received Import Request.
  Time since last request: 0.000029 seconds.
  path: Assets/Scenes/Levels/Level 22.unity
  artifactKey: Guid(4c1a3eb3697b6484184932243415379f) Importer(2089858483,934ff659095e30574adcf32a4c2f97b5)
2025-04-30T12:18:02.173Z|0x6ff8|Start importing Assets/Scenes/Levels/Level 22.unity using Guid(4c1a3eb3697b6484184932243415379f) Importer(2089858483,934ff659095e30574adcf32a4c2f97b5) (ScriptedImporter) -> (artifact id: 'c445a8ca8c0b5a6202b8cdff537bf566') in 0.0089389 seconds
2025-04-30T12:18:02.238Z|0x6ff8|Number of updated asset objects reloaded before import = 0Number of asset objects unloaded after import = 1

2025-04-30T12:18:02.238Z|0x6ff8|========================================================================
Received Import Request.
  Time since last request: 0.000024 seconds.
  path: Assets/Lean/Localization/Examples/11 Prefabs.unity
  artifactKey: Guid(01da3a71c3c89ae4b846bad483d64a92) Importer(2089858483,934ff659095e30574adcf32a4c2f97b5)
2025-04-30T12:18:02.256Z|0x6ff8|Start importing Assets/Lean/Localization/Examples/11 Prefabs.unity using Guid(01da3a71c3c89ae4b846bad483d64a92) Importer(2089858483,934ff659095e30574adcf32a4c2f97b5) (ScriptedImporter) -> (artifact id: 'b3e6d6831e4fdcacefc7980f7551f210') in 0.0108787 seconds
2025-04-30T12:18:02.309Z|0x6ff8|Number of updated asset objects reloaded before import = 0Number of asset objects unloaded after import = 1

2025-04-30T12:18:02.310Z|0x6ff8|========================================================================
Received Import Request.
  Time since last request: 0.000029 seconds.
  path: Assets/Scenes/Levels/Level 62.unity
  artifactKey: Guid(cf0a732a8b59b9546b8af14afc42f40c) Importer(2089858483,934ff659095e30574adcf32a4c2f97b5)
2025-04-30T12:18:02.326Z|0x6ff8|Start importing Assets/Scenes/Levels/Level 62.unity using Guid(cf0a732a8b59b9546b8af14afc42f40c) Importer(2089858483,934ff659095e30574adcf32a4c2f97b5) (ScriptedImporter) -> (artifact id: '2db6d013dd301451d53d8f1ed1576260') in 0.0070462 seconds
2025-04-30T12:18:02.375Z|0x6ff8|Number of updated asset objects reloaded before import = 0Number of asset objects unloaded after import = 1

2025-04-30T12:18:02.375Z|0x6ff8|========================================================================
Received Import Request.
  Time since last request: 0.000047 seconds.
  path: Assets/Lean/Localization/Languages/Chinese.prefab
  artifactKey: Guid(0b402d229c8451245b63baec8f5eee3a) Importer(2089858483,934ff659095e30574adcf32a4c2f97b5)
2025-04-30T12:18:02.394Z|0x6ff8|Start importing Assets/Lean/Localization/Languages/Chinese.prefab using Guid(0b402d229c8451245b63baec8f5eee3a) Importer(2089858483,934ff659095e30574adcf32a4c2f97b5) (ScriptedImporter) -> (artifact id: 'c45fcd943668f74ac10bac3a394a60fb') in 0.0108649 seconds
2025-04-30T12:18:02.442Z|0x6ff8|Number of updated asset objects reloaded before import = 0Number of asset objects unloaded after import = 5

2025-04-30T12:18:02.442Z|0x6ff8|========================================================================
Received Import Request.
  Time since last request: 0.000020 seconds.
  path: Assets/Lean/Localization/Languages/Spanish.prefab
  artifactKey: Guid(d723c6557bd6de145a2fad37a6fe8229) Importer(2089858483,934ff659095e30574adcf32a4c2f97b5)
2025-04-30T12:18:02.458Z|0x6ff8|Start importing Assets/Lean/Localization/Languages/Spanish.prefab using Guid(d723c6557bd6de145a2fad37a6fe8229) Importer(2089858483,934ff659095e30574adcf32a4c2f97b5) (ScriptedImporter) -> (artifact id: '54f3dad7b2d227e7103503ac9b61ff0c') in 0.0083398 seconds
2025-04-30T12:18:02.499Z|0x6ff8|Number of updated asset objects reloaded before import = 0Number of asset objects unloaded after import = 5

2025-04-30T12:18:02.499Z|0x6ff8|========================================================================
Received Import Request.
  Time since last request: 0.000025 seconds.
  path: Assets/Lean/Localization/Examples/09 CSV.unity
  artifactKey: Guid(8166101bdfd7cc7419ee366b7e0c5c68) Importer(2089858483,934ff659095e30574adcf32a4c2f97b5)
2025-04-30T12:18:02.513Z|0x6ff8|Start importing Assets/Lean/Localization/Examples/09 CSV.unity using Guid(8166101bdfd7cc7419ee366b7e0c5c68) Importer(2089858483,934ff659095e30574adcf32a4c2f97b5) (ScriptedImporter) -> (artifact id: '06d8b50ab3f0fa9cf8c41f7c99094e31') in 0.0063183 seconds
2025-04-30T12:18:02.576Z|0x6ff8|Number of updated asset objects reloaded before import = 0Number of asset objects unloaded after import = 1

2025-04-30T12:18:02.576Z|0x6ff8|========================================================================
Received Import Request.
  Time since last request: 0.000020 seconds.
  path: Assets/Lean/Common/Extras/LeanSelectableRendererColor.cs
  artifactKey: Guid(2baa936f016a9a14e86ac8ea42211f4a) Importer(2089858483,934ff659095e30574adcf32a4c2f97b5)
2025-04-30T12:18:02.595Z|0x6ff8|Start importing Assets/Lean/Common/Extras/LeanSelectableRendererColor.cs using Guid(2baa936f016a9a14e86ac8ea42211f4a) Importer(2089858483,934ff659095e30574adcf32a4c2f97b5) (ScriptedImporter) -> (artifact id: '92dd31b66480e5d7b9d5edb2bd3d0917') in 0.0128099 seconds
2025-04-30T12:18:02.656Z|0x6ff8|Number of updated asset objects reloaded before import = 0Number of asset objects unloaded after import = 0

2025-04-30T12:18:02.656Z|0x6ff8|========================================================================
Received Import Request.
  Time since last request: 0.000023 seconds.
  path: Assets/_Assets/Scriptable Objects/Level Data/Level 10.asset
  artifactKey: Guid(89510afa214116546a057448fc621400) Importer(2089858483,934ff659095e30574adcf32a4c2f97b5)
2025-04-30T12:18:02.674Z|0x6ff8|Start importing Assets/_Assets/Scriptable Objects/Level Data/Level 10.asset using Guid(89510afa214116546a057448fc621400) Importer(2089858483,934ff659095e30574adcf32a4c2f97b5) (ScriptedImporter) -> (artifact id: 'f9ceb43d4fe67b5ab3d9a378fbb6a3b6') in 0.0092399 seconds
2025-04-30T12:18:02.729Z|0x6ff8|Number of updated asset objects reloaded before import = 0Number of asset objects unloaded after import = 1

2025-04-30T12:18:02.730Z|0x6ff8|========================================================================
Received Import Request.
  Time since last request: 0.000034 seconds.
  path: Assets/LunarConsole/Scripts/Utils/Collections.cs
  artifactKey: Guid(3b750e5655ab4ec8815d75147013f8bb) Importer(2089858483,934ff659095e30574adcf32a4c2f97b5)
2025-04-30T12:18:02.743Z|0x6ff8|Start importing Assets/LunarConsole/Scripts/Utils/Collections.cs using Guid(3b750e5655ab4ec8815d75147013f8bb) Importer(2089858483,934ff659095e30574adcf32a4c2f97b5) (ScriptedImporter) -> (artifact id: '91618e62502b103560a0e0dc160e3840') in 0.0110813 seconds
2025-04-30T12:18:02.796Z|0x6ff8|Number of updated asset objects reloaded before import = 0Number of asset objects unloaded after import = 0

2025-04-30T12:18:02.797Z|0x6ff8|========================================================================
Received Import Request.
  Time since last request: 0.000032 seconds.
  path: Assets/Parse/Plugins/dotNet45/Unity.Tasks.dll
  artifactKey: Guid(bd18eee30834e4f71bded96fd14033a9) Importer(2089858483,934ff659095e30574adcf32a4c2f97b5)
2025-04-30T12:18:02.813Z|0x6ff8|Start importing Assets/Parse/Plugins/dotNet45/Unity.Tasks.dll using Guid(bd18eee30834e4f71bded96fd14033a9) Importer(2089858483,934ff659095e30574adcf32a4c2f97b5) (ScriptedImporter) -> (artifact id: 'af0d29645ae3ddefe5c869c125382714') in 0.0092345 seconds
2025-04-30T12:18:02.862Z|0x6ff8|Number of updated asset objects reloaded before import = 0Number of asset objects unloaded after import = 0

2025-04-30T12:18:02.862Z|0x6ff8|========================================================================
Received Import Request.
  Time since last request: 0.000025 seconds.
  path: Assets/_Assets/Scriptable Objects/Level Data/Level 1.asset
  artifactKey: Guid(519dca5b6cabc754495370012f2a7d59) Importer(2089858483,934ff659095e30574adcf32a4c2f97b5)
2025-04-30T12:18:02.878Z|0x6ff8|Start importing Assets/_Assets/Scriptable Objects/Level Data/Level 1.asset using Guid(519dca5b6cabc754495370012f2a7d59) Importer(2089858483,934ff659095e30574adcf32a4c2f97b5) (ScriptedImporter) -> (artifact id: 'c075b9bc74324a19e568c495ad3d3bb2') in 0.0076363 seconds
2025-04-30T12:18:02.927Z|0x6ff8|Number of updated asset objects reloaded before import = 0Number of asset objects unloaded after import = 1

2025-04-30T12:18:02.927Z|0x6ff8|========================================================================
Received Import Request.
  Time since last request: 0.000031 seconds.
  path: Assets/TextMesh Pro/Resources/Fonts & Materials/LiberationSans SDF - Outline.mat
  artifactKey: Guid(79459efec17a4d00a321bdcc27bbc385) Importer(2089858483,934ff659095e30574adcf32a4c2f97b5)
2025-04-30T12:18:02.946Z|0x6ff8|Start importing Assets/TextMesh Pro/Resources/Fonts & Materials/LiberationSans SDF - Outline.mat using Guid(79459efec17a4d00a321bdcc27bbc385) Importer(2089858483,934ff659095e30574adcf32a4c2f97b5) (ScriptedImporter) -> (artifact id: 'e60565a8c996148903d81aac3db7fe5c') in 0.0181709 seconds
2025-04-30T12:18:03.008Z|0x6ff8|Number of updated asset objects reloaded before import = 0Number of asset objects unloaded after import = 1

2025-04-30T12:18:03.008Z|0x6ff8|========================================================================
Received Import Request.
  Time since last request: 0.000038 seconds.
  path: Assets/TextMesh Pro/Resources/Sprite Assets/EmojiOne.asset
  artifactKey: Guid(c41005c129ba4d66911b75229fd70b45) Importer(2089858483,934ff659095e30574adcf32a4c2f97b5)
2025-04-30T12:18:03.022Z|0x6ff8|Start importing Assets/TextMesh Pro/Resources/Sprite Assets/EmojiOne.asset using Guid(c41005c129ba4d66911b75229fd70b45) Importer(2089858483,934ff659095e30574adcf32a4c2f97b5) (ScriptedImporter) -> (artifact id: '75f4527e6d02dd89471c7e53c4fa5360') in 0.0127232 seconds
2025-04-30T12:18:03.072Z|0x6ff8|Number of updated asset objects reloaded before import = 0Number of asset objects unloaded after import = 3

2025-04-30T12:18:03.073Z|0x6ff8|========================================================================
Received Import Request.
  Time since last request: 0.000157 seconds.
  path: Assets/LunarConsole/Scripts/Utils/StringUtils.cs
  artifactKey: Guid(e58d1d38d81ad434696ddaf1b709a27a) Importer(2089858483,934ff659095e30574adcf32a4c2f97b5)
2025-04-30T12:18:03.089Z|0x6ff8|Start importing Assets/LunarConsole/Scripts/Utils/StringUtils.cs using Guid(e58d1d38d81ad434696ddaf1b709a27a) Importer(2089858483,934ff659095e30574adcf32a4c2f97b5) (ScriptedImporter) -> (artifact id: '3ff5744c6aed44af944ab565caddb67a') in 0.0064216 seconds
2025-04-30T12:18:03.131Z|0x6ff8|Number of updated asset objects reloaded before import = 0Number of asset objects unloaded after import = 0

2025-04-30T12:18:03.131Z|0x6ff8|========================================================================
Received Import Request.
  Time since last request: 0.000029 seconds.
  path: Assets/_Assets/Custome Assets/gameplay sprite/ground_back.PNG
  artifactKey: Guid(82aac344805aeae45a8851ff25840b5a) Importer(2089858483,934ff659095e30574adcf32a4c2f97b5)
2025-04-30T12:18:03.149Z|0x6ff8|Start importing Assets/_Assets/Custome Assets/gameplay sprite/ground_back.PNG using Guid(82aac344805aeae45a8851ff25840b5a) Importer(2089858483,934ff659095e30574adcf32a4c2f97b5) (ScriptedImporter) -> (artifact id: '438b5b1365caacb1439d3ecd4f33060e') in 0.0214791 seconds
2025-04-30T12:18:03.219Z|0x6ff8|Number of updated asset objects reloaded before import = 0Number of asset objects unloaded after import = 2

2025-04-30T12:18:03.219Z|0x6ff8|========================================================================
Received Import Request.
  Time since last request: 0.000028 seconds.
  path: Assets/LunarConsole/Scripts/Utils/ClassUtils.cs
  artifactKey: Guid(5c9fba7e1e57a4d4080fa084cf1bbb5f) Importer(2089858483,934ff659095e30574adcf32a4c2f97b5)
2025-04-30T12:18:03.232Z|0x6ff8|Start importing Assets/LunarConsole/Scripts/Utils/ClassUtils.cs using Guid(5c9fba7e1e57a4d4080fa084cf1bbb5f) Importer(2089858483,934ff659095e30574adcf32a4c2f97b5) (ScriptedImporter) -> (artifact id: '904e714a6c0ae0e56609dafe51fa7791') in 0.0072533 seconds
2025-04-30T12:18:03.298Z|0x6ff8|Number of updated asset objects reloaded before import = 0Number of asset objects unloaded after import = 0

2025-04-30T12:18:03.298Z|0x6ff8|========================================================================
Received Import Request.
  Time since last request: 0.000027 seconds.
  path: Assets/_Assets/Prefab/Others/pf_ Coin.prefab
  artifactKey: Guid(772f82bc3480dd74781e7059d6c1f5e3) Importer(2089858483,934ff659095e30574adcf32a4c2f97b5)
2025-04-30T12:18:03.312Z|0x6ff8|Start importing Assets/_Assets/Prefab/Others/pf_ Coin.prefab using Guid(772f82bc3480dd74781e7059d6c1f5e3) Importer(2089858483,934ff659095e30574adcf32a4c2f97b5) (ScriptedImporter) -> (artifact id: 'a1d820b70547a950bcceae627039e64a') in 0.0295742 seconds
2025-04-30T12:18:03.385Z|0x6ff8|Number of updated asset objects reloaded before import = 0Number of asset objects unloaded after import = 16

2025-04-30T12:18:03.385Z|0x6ff8|========================================================================
Received Import Request.
  Time since last request: 0.000048 seconds.
  path: Assets/_Assets/Scriptable Objects/Level Data/Level 36.asset
  artifactKey: Guid(28cfd315d45bee7459875f4030112e44) Importer(2089858483,934ff659095e30574adcf32a4c2f97b5)
2025-04-30T12:18:03.605Z|0x6ff8|Start importing Assets/_Assets/Scriptable Objects/Level Data/Level 36.asset using Guid(28cfd315d45bee7459875f4030112e44) Importer(2089858483,934ff659095e30574adcf32a4c2f97b5) (ScriptedImporter) -> (artifact id: 'c565adbfe0494252da21d012b4806a0a') in 0.0085148 seconds
2025-04-30T12:18:03.664Z|0x6ff8|Number of updated asset objects reloaded before import = 0Number of asset objects unloaded after import = 1

2025-04-30T12:18:03.665Z|0x6ff8|========================================================================
Received Import Request.
  Time since last request: 0.000029 seconds.
  path: Assets/_Assets/Scriptable Objects/Level Data/Level 4.asset
  artifactKey: Guid(05b3bd4a202e22948a344b2120b8d76a) Importer(2089858483,934ff659095e30574adcf32a4c2f97b5)
2025-04-30T12:18:03.680Z|0x6ff8|Start importing Assets/_Assets/Scriptable Objects/Level Data/Level 4.asset using Guid(05b3bd4a202e22948a344b2120b8d76a) Importer(2089858483,934ff659095e30574adcf32a4c2f97b5) (ScriptedImporter) -> (artifact id: '2f3dd460d2f1bf83440976e60bde06cc') in 0.0097971 seconds
2025-04-30T12:18:03.952Z|0x6ff8|Number of updated asset objects reloaded before import = 0Number of asset objects unloaded after import = 1

2025-04-30T12:18:03.953Z|0x6ff8|========================================================================
Received Import Request.
  Time since last request: 0.000047 seconds.
  path: Assets/_Assets/Scriptable Objects/Level Data/Level 39.asset
  artifactKey: Guid(cdc59416568b96f4fa39e0ce88abbb51) Importer(2089858483,934ff659095e30574adcf32a4c2f97b5)
2025-04-30T12:18:03.966Z|0x6ff8|Start importing Assets/_Assets/Scriptable Objects/Level Data/Level 39.asset using Guid(cdc59416568b96f4fa39e0ce88abbb51) Importer(2089858483,934ff659095e30574adcf32a4c2f97b5) (ScriptedImporter) -> (artifact id: '1108c9d6a6772209237819ce4853eb2a') in 0.006066 seconds
2025-04-30T12:18:04.010Z|0x6ff8|Number of updated asset objects reloaded before import = 0Number of asset objects unloaded after import = 1

2025-04-30T12:18:04.011Z|0x6ff8|========================================================================
Received Import Request.
  Time since last request: 0.000028 seconds.
  path: Assets/_Assets/Scriptable Objects/Level Data/Level 57.asset
  artifactKey: Guid(ebf116b4500cf0744b65406950de2afd) Importer(2089858483,934ff659095e30574adcf32a4c2f97b5)
2025-04-30T12:18:04.029Z|0x6ff8|Start importing Assets/_Assets/Scriptable Objects/Level Data/Level 57.asset using Guid(ebf116b4500cf0744b65406950de2afd) Importer(2089858483,934ff659095e30574adcf32a4c2f97b5) (ScriptedImporter) -> (artifact id: 'e2892c05f90fd39e38abe0882b9f3efc') in 0.009037 seconds
2025-04-30T12:18:04.078Z|0x6ff8|Number of updated asset objects reloaded before import = 0Number of asset objects unloaded after import = 1

2025-04-30T12:18:04.078Z|0x6ff8|========================================================================
Received Import Request.
  Time since last request: 0.000020 seconds.
  path: Assets/_Assets/Scriptable Objects/Level Data/Level 45.asset
  artifactKey: Guid(b3921a1f8a8a21a488d5038d0e1df596) Importer(2089858483,934ff659095e30574adcf32a4c2f97b5)
2025-04-30T12:18:04.091Z|0x6ff8|Start importing Assets/_Assets/Scriptable Objects/Level Data/Level 45.asset using Guid(b3921a1f8a8a21a488d5038d0e1df596) Importer(2089858483,934ff659095e30574adcf32a4c2f97b5) (ScriptedImporter) -> (artifact id: '7082975d3aa8c8d57171b39c315c987d') in 0.0066161 seconds
2025-04-30T12:18:04.576Z|0x6ff8|Number of updated asset objects reloaded before import = 0Number of asset objects unloaded after import = 1

2025-04-30T12:18:04.576Z|0x6ff8|========================================================================
Received Import Request.
  Time since last request: 0.000031 seconds.
  path: Assets/_Assets/Scriptable Objects/Level Data/Level 58.asset
  artifactKey: Guid(0744e9f14d74c054497a4fb787bd7605) Importer(2089858483,934ff659095e30574adcf32a4c2f97b5)
2025-04-30T12:18:04.598Z|0x6ff8|Start importing Assets/_Assets/Scriptable Objects/Level Data/Level 58.asset using Guid(0744e9f14d74c054497a4fb787bd7605) Importer(2089858483,934ff659095e30574adcf32a4c2f97b5) (ScriptedImporter) -> (artifact id: 'a1d3a6eb644401953ad2b42d6076bd65') in 0.0097549 seconds
2025-04-30T12:18:04.662Z|0x6ff8|Number of updated asset objects reloaded before import = 0Number of asset objects unloaded after import = 1

2025-04-30T12:18:04.662Z|0x6ff8|========================================================================
Received Import Request.
  Time since last request: 0.000032 seconds.
  path: Assets/_Assets/Scriptable Objects/Level Data/Level 61.asset
  artifactKey: Guid(397cff08972233a499d8cbd53b2b863d) Importer(2089858483,934ff659095e30574adcf32a4c2f97b5)
2025-04-30T12:18:04.679Z|0x6ff8|Start importing Assets/_Assets/Scriptable Objects/Level Data/Level 61.asset using Guid(397cff08972233a499d8cbd53b2b863d) Importer(2089858483,934ff659095e30574adcf32a4c2f97b5) (ScriptedImporter) -> (artifact id: '0f808a760e2716ada7a8ba1df7476445') in 0.0087519 seconds
2025-04-30T12:18:04.746Z|0x6ff8|Number of updated asset objects reloaded before import = 0Number of asset objects unloaded after import = 1

2025-04-30T12:18:04.746Z|0x6ff8|========================================================================
Received Import Request.
  Time since last request: 0.000026 seconds.
  path: Assets/_Assets/Scriptable Objects/Level Data/Level 27.asset
  artifactKey: Guid(4c99c9ded29663846a5faa52aa14d025) Importer(2089858483,934ff659095e30574adcf32a4c2f97b5)
2025-04-30T12:18:04.762Z|0x6ff8|Start importing Assets/_Assets/Scriptable Objects/Level Data/Level 27.asset using Guid(4c99c9ded29663846a5faa52aa14d025) Importer(2089858483,934ff659095e30574adcf32a4c2f97b5) (ScriptedImporter) -> (artifact id: 'd5d846254f27d6586dd9d244efcac838') in 0.0090856 seconds
2025-04-30T12:18:04.821Z|0x6ff8|Number of updated asset objects reloaded before import = 0Number of asset objects unloaded after import = 1

2025-04-30T12:18:04.821Z|0x6ff8|========================================================================
Received Import Request.
  Time since last request: 0.000031 seconds.
  path: Assets/_Assets/Scriptable Objects/Level Data/Level 81.asset
  artifactKey: Guid(1a3b1c4770c714841ba78c54515b397b) Importer(2089858483,934ff659095e30574adcf32a4c2f97b5)
2025-04-30T12:18:04.842Z|0x6ff8|Start importing Assets/_Assets/Scriptable Objects/Level Data/Level 81.asset using Guid(1a3b1c4770c714841ba78c54515b397b) Importer(2089858483,934ff659095e30574adcf32a4c2f97b5) (ScriptedImporter) -> (artifact id: 'b87b63071046d6ae4418d7e21f41d68c') in 0.0119423 seconds
2025-04-30T12:18:04.901Z|0x6ff8|Number of updated asset objects reloaded before import = 0Number of asset objects unloaded after import = 1

2025-04-30T12:18:04.901Z|0x6ff8|========================================================================
Received Import Request.
  Time since last request: 0.000024 seconds.
  path: Assets/_Assets/Scriptable Objects/Level Data/Level 23.asset
  artifactKey: Guid(e6aa471f9eacd724294e15a00740ef49) Importer(2089858483,934ff659095e30574adcf32a4c2f97b5)
2025-04-30T12:18:04.915Z|0x6ff8|Start importing Assets/_Assets/Scriptable Objects/Level Data/Level 23.asset using Guid(e6aa471f9eacd724294e15a00740ef49) Importer(2089858483,934ff659095e30574adcf32a4c2f97b5) (ScriptedImporter) -> (artifact id: '19633dd2423e70a763614f1b07ee3aec') in 0.0085974 seconds
2025-04-30T12:18:04.956Z|0x6ff8|Number of updated asset objects reloaded before import = 0Number of asset objects unloaded after import = 1

2025-04-30T12:18:04.956Z|0x6ff8|========================================================================
Received Import Request.
  Time since last request: 0.000068 seconds.
  path: Assets/_Assets/Scriptable Objects/Level Data/Level 73.asset
  artifactKey: Guid(b270b2a2a4267b142aa8067cd577cf60) Importer(2089858483,934ff659095e30574adcf32a4c2f97b5)
2025-04-30T12:18:04.975Z|0x6ff8|Start importing Assets/_Assets/Scriptable Objects/Level Data/Level 73.asset using Guid(b270b2a2a4267b142aa8067cd577cf60) Importer(2089858483,934ff659095e30574adcf32a4c2f97b5) (ScriptedImporter) -> (artifact id: 'a81d10455258a830599567c7212d9a14') in 0.0095188 seconds
2025-04-30T12:18:05.029Z|0x6ff8|Number of updated asset objects reloaded before import = 0Number of asset objects unloaded after import = 1

2025-04-30T12:18:05.029Z|0x6ff8|========================================================================
Received Import Request.
  Time since last request: 0.000027 seconds.
  path: Assets/_Assets/Scriptable Objects/Level Data/Level 25.asset
  artifactKey: Guid(1b6d50ebd6054cb4798e8b23f9792172) Importer(2089858483,934ff659095e30574adcf32a4c2f97b5)
2025-04-30T12:18:05.046Z|0x6ff8|Start importing Assets/_Assets/Scriptable Objects/Level Data/Level 25.asset using Guid(1b6d50ebd6054cb4798e8b23f9792172) Importer(2089858483,934ff659095e30574adcf32a4c2f97b5) (ScriptedImporter) -> (artifact id: '4dac958e7ae7b81f48606d81f4638dfb') in 0.0084187 seconds
2025-04-30T12:18:05.103Z|0x6ff8|Number of updated asset objects reloaded before import = 0Number of asset objects unloaded after import = 1

2025-04-30T12:18:05.104Z|0x6ff8|========================================================================
Received Import Request.
  Time since last request: 0.000030 seconds.
  path: Assets/_Assets/Scriptable Objects/Level Data/Level 63.asset
  artifactKey: Guid(60e3fa620cece0341a29d2d205a76782) Importer(2089858483,934ff659095e30574adcf32a4c2f97b5)
2025-04-30T12:18:05.122Z|0x6ff8|Start importing Assets/_Assets/Scriptable Objects/Level Data/Level 63.asset using Guid(60e3fa620cece0341a29d2d205a76782) Importer(2089858483,934ff659095e30574adcf32a4c2f97b5) (ScriptedImporter) -> (artifact id: 'd48b0f195e874cd974f694e3dc219f51') in 0.0102495 seconds
2025-04-30T12:18:05.184Z|0x6ff8|Number of updated asset objects reloaded before import = 0Number of asset objects unloaded after import = 1

2025-04-30T12:18:05.184Z|0x6ff8|========================================================================
Received Import Request.
  Time since last request: 0.000019 seconds.
  path: Assets/_Assets/Scriptable Objects/Level Data/Level 69.asset
  artifactKey: Guid(e4491187b3a718843b4496e345e8cb2d) Importer(2089858483,934ff659095e30574adcf32a4c2f97b5)
2025-04-30T12:18:05.196Z|0x6ff8|Start importing Assets/_Assets/Scriptable Objects/Level Data/Level 69.asset using Guid(e4491187b3a718843b4496e345e8cb2d) Importer(2089858483,934ff659095e30574adcf32a4c2f97b5) (ScriptedImporter) -> (artifact id: '593abb5ae895521e587161fa7888b030') in 0.0086451 seconds
2025-04-30T12:18:05.249Z|0x6ff8|Number of updated asset objects reloaded before import = 0Number of asset objects unloaded after import = 1

2025-04-30T12:18:05.249Z|0x6ff8|========================================================================
Received Import Request.
  Time since last request: 0.000041 seconds.
  path: Assets/Lean/Common/Documentation/Documentation.html
  artifactKey: Guid(343b9ec9f5c2b3a43b6e4cd68f5286ca) Importer(2089858483,934ff659095e30574adcf32a4c2f97b5)
2025-04-30T12:18:05.260Z|0x6ff8|Start importing Assets/Lean/Common/Documentation/Documentation.html using Guid(343b9ec9f5c2b3a43b6e4cd68f5286ca) Importer(2089858483,934ff659095e30574adcf32a4c2f97b5) (ScriptedImporter) -> (artifact id: '76630db6b45a9ec6b68d6d80a489eda6') in 0.0058206 seconds
2025-04-30T12:18:05.314Z|0x6ff8|Number of updated asset objects reloaded before import = 0Number of asset objects unloaded after import = 1

2025-04-30T12:18:05.314Z|0x6ff8|========================================================================
Received Import Request.
  Time since last request: 0.000018 seconds.
  path: Assets/_Assets/Scripts/Utility Scripts/AudioManager.cs
  artifactKey: Guid(cb0a4d5e0815be14d917db8edea63dda) Importer(2089858483,934ff659095e30574adcf32a4c2f97b5)
2025-04-30T12:18:05.326Z|0x6ff8|Start importing Assets/_Assets/Scripts/Utility Scripts/AudioManager.cs using Guid(cb0a4d5e0815be14d917db8edea63dda) Importer(2089858483,934ff659095e30574adcf32a4c2f97b5) (ScriptedImporter) -> (artifact id: '0034349a3afd7c43e20d5335048240ca') in 0.0075006 seconds
2025-04-30T12:18:05.369Z|0x6ff8|Number of updated asset objects reloaded before import = 0Number of asset objects unloaded after import = 0

2025-04-30T12:18:05.370Z|0x6ff8|========================================================================
Received Import Request.
  Time since last request: 0.000025 seconds.
  path: Assets/_Assets/Scriptable Objects/Level Data/Level 87.asset
  artifactKey: Guid(32358dc9c7b9dcc429b00087b6b1298d) Importer(2089858483,934ff659095e30574adcf32a4c2f97b5)
2025-04-30T12:18:05.385Z|0x6ff8|Start importing Assets/_Assets/Scriptable Objects/Level Data/Level 87.asset using Guid(32358dc9c7b9dcc429b00087b6b1298d) Importer(2089858483,934ff659095e30574adcf32a4c2f97b5) (ScriptedImporter) -> (artifact id: '27c873262203cca621d435f67a6ddc92') in 0.0080918 seconds
2025-04-30T12:18:05.435Z|0x6ff8|Number of updated asset objects reloaded before import = 0Number of asset objects unloaded after import = 1

2025-04-30T12:18:05.435Z|0x6ff8|========================================================================
Received Import Request.
  Time since last request: 0.000028 seconds.
  path: Assets/_Assets/Scripts/Scritable Objects Scripts/SettingsSO.cs
  artifactKey: Guid(448ce258b4984dd43a94e3156642a5d2) Importer(2089858483,934ff659095e30574adcf32a4c2f97b5)
2025-04-30T12:18:05.451Z|0x6ff8|Start importing Assets/_Assets/Scripts/Scritable Objects Scripts/SettingsSO.cs using Guid(448ce258b4984dd43a94e3156642a5d2) Importer(2089858483,934ff659095e30574adcf32a4c2f97b5) (ScriptedImporter) -> (artifact id: '144344c7ae4bdafc84e601b2de064143') in 0.0064421 seconds
2025-04-30T12:18:05.500Z|0x6ff8|Number of updated asset objects reloaded before import = 0Number of asset objects unloaded after import = 0

2025-04-30T12:18:05.500Z|0x6ff8|========================================================================
Received Import Request.
  Time since last request: 0.000037 seconds.
  path: Assets/_Assets/Scriptable Objects/Level Data/Level 3.asset
  artifactKey: Guid(3eb6adbface365945832d54006976e5f) Importer(2089858483,934ff659095e30574adcf32a4c2f97b5)
2025-04-30T12:18:05.516Z|0x6ff8|Start importing Assets/_Assets/Scriptable Objects/Level Data/Level 3.asset using Guid(3eb6adbface365945832d54006976e5f) Importer(2089858483,934ff659095e30574adcf32a4c2f97b5) (ScriptedImporter) -> (artifact id: '4edfe7a2a3b37a41bcbb93e286b68e07') in 0.010122 seconds
2025-04-30T12:18:05.574Z|0x6ff8|Number of updated asset objects reloaded before import = 0Number of asset objects unloaded after import = 1

2025-04-30T12:18:05.574Z|0x6ff8|========================================================================
Received Import Request.
  Time since last request: 0.000046 seconds.
  path: Assets/_Assets/Scripts/UI Scripts/UIToggle.cs
  artifactKey: Guid(3044f4cab5244b846865f4df00e1dd34) Importer(2089858483,934ff659095e30574adcf32a4c2f97b5)
2025-04-30T12:18:05.594Z|0x6ff8|Start importing Assets/_Assets/Scripts/UI Scripts/UIToggle.cs using Guid(3044f4cab5244b846865f4df00e1dd34) Importer(2089858483,934ff659095e30574adcf32a4c2f97b5) (ScriptedImporter) -> (artifact id: '6ec55ffe0ca67011015eb02f66066957') in 0.0092089 seconds
2025-04-30T12:18:05.661Z|0x6ff8|Number of updated asset objects reloaded before import = 0Number of asset objects unloaded after import = 0

2025-04-30T12:18:05.661Z|0x6ff8|========================================================================
Received Import Request.
  Time since last request: 0.000031 seconds.
  path: Assets/_Assets/Scriptable Objects/Level Data/Level 97.asset
  artifactKey: Guid(ce697af9eeaec994fb28bdd57abf34ee) Importer(2089858483,934ff659095e30574adcf32a4c2f97b5)
2025-04-30T12:18:05.680Z|0x6ff8|Start importing Assets/_Assets/Scriptable Objects/Level Data/Level 97.asset using Guid(ce697af9eeaec994fb28bdd57abf34ee) Importer(2089858483,934ff659095e30574adcf32a4c2f97b5) (ScriptedImporter) -> (artifact id: '252cbb6206f5135580e32b41e46e45d8') in 0.0092615 seconds
2025-04-30T12:18:05.746Z|0x6ff8|Number of updated asset objects reloaded before import = 0Number of asset objects unloaded after import = 1

2025-04-30T12:18:05.747Z|0x6ff8|========================================================================
Received Import Request.
  Time since last request: 0.000026 seconds.
  path: Assets/_Assets/Scriptable Objects/Level Data/Level 95.asset
  artifactKey: Guid(c7c1fa61433067d429563f59c9b6a054) Importer(2089858483,934ff659095e30574adcf32a4c2f97b5)
2025-04-30T12:18:05.763Z|0x6ff8|Start importing Assets/_Assets/Scriptable Objects/Level Data/Level 95.asset using Guid(c7c1fa61433067d429563f59c9b6a054) Importer(2089858483,934ff659095e30574adcf32a4c2f97b5) (ScriptedImporter) -> (artifact id: 'b615e606dfadc0e57cf0675163afdb2f') in 0.0118162 seconds
2025-04-30T12:18:05.822Z|0x6ff8|Number of updated asset objects reloaded before import = 0Number of asset objects unloaded after import = 1

2025-04-30T12:18:05.822Z|0x6ff8|========================================================================
Received Import Request.
  Time since last request: 0.000028 seconds.
  path: Assets/_Assets/Scripts/Utility Scripts/LevelLoader.cs
  artifactKey: Guid(19b37361bf8708c4cbaa92450fcb1a1f) Importer(2089858483,934ff659095e30574adcf32a4c2f97b5)
2025-04-30T12:18:05.839Z|0x6ff8|Start importing Assets/_Assets/Scripts/Utility Scripts/LevelLoader.cs using Guid(19b37361bf8708c4cbaa92450fcb1a1f) Importer(2089858483,934ff659095e30574adcf32a4c2f97b5) (ScriptedImporter) -> (artifact id: '14e542568e3f332ea5ef44c03213d7d6') in 0.0077355 seconds
2025-04-30T12:18:05.893Z|0x6ff8|Number of updated asset objects reloaded before import = 0Number of asset objects unloaded after import = 0

2025-04-30T12:18:05.893Z|0x6ff8|========================================================================
Received Import Request.
  Time since last request: 0.000039 seconds.
  path: Assets/_Assets/Scripts/Utility Scripts/LevelGenerator.cs
  artifactKey: Guid(f4e024647a6999e4893d7a56d43b1199) Importer(2089858483,934ff659095e30574adcf32a4c2f97b5)
2025-04-30T12:18:05.908Z|0x6ff8|Start importing Assets/_Assets/Scripts/Utility Scripts/LevelGenerator.cs using Guid(f4e024647a6999e4893d7a56d43b1199) Importer(2089858483,934ff659095e30574adcf32a4c2f97b5) (ScriptedImporter) -> (artifact id: 'ee426b87b1e3c5f598d193bfe0b98ce7') in 0.0073445 seconds
2025-04-30T12:18:05.960Z|0x6ff8|Number of updated asset objects reloaded before import = 0Number of asset objects unloaded after import = 0

2025-04-30T12:18:05.960Z|0x6ff8|========================================================================
Received Import Request.
  Time since last request: 0.000024 seconds.
  path: Assets/_Assets/Scriptable Objects/Level Data/Level 92.asset
  artifactKey: Guid(d69da155b0e9bfc4684f394a63e11798) Importer(2089858483,934ff659095e30574adcf32a4c2f97b5)
2025-04-30T12:18:05.975Z|0x6ff8|Start importing Assets/_Assets/Scriptable Objects/Level Data/Level 92.asset using Guid(d69da155b0e9bfc4684f394a63e11798) Importer(2089858483,934ff659095e30574adcf32a4c2f97b5) (ScriptedImporter) -> (artifact id: '6840cad19fdf653e0222b36521f7fd25') in 0.0087962 seconds
2025-04-30T12:18:06.022Z|0x6ff8|Number of updated asset objects reloaded before import = 0Number of asset objects unloaded after import = 1

2025-04-30T12:18:06.022Z|0x6ff8|========================================================================
Received Import Request.
  Time since last request: 0.000020 seconds.
  path: Assets/_Assets/Scriptable Objects/Level Data/Level 88.asset
  artifactKey: Guid(2d645cf69adedbd4bb0ca2cd11578139) Importer(2089858483,934ff659095e30574adcf32a4c2f97b5)
2025-04-30T12:18:06.033Z|0x6ff8|Start importing Assets/_Assets/Scriptable Objects/Level Data/Level 88.asset using Guid(2d645cf69adedbd4bb0ca2cd11578139) Importer(2089858483,934ff659095e30574adcf32a4c2f97b5) (ScriptedImporter) -> (artifact id: '812a3c54d08b79a291531974a5f1d86b') in 0.0072083 seconds
2025-04-30T12:18:06.079Z|0x6ff8|Number of updated asset objects reloaded before import = 0Number of asset objects unloaded after import = 1

2025-04-30T12:18:15.788Z|0x6ff8|========================================================================
2025-04-30T12:18:15.789Z|0x6ff8|Received Prepare
2025-04-30T12:18:17.441Z|0x6ff8|Refreshing native plugins compatible for Editor in 90.09 ms, found 3 plugins.
2025-04-30T12:18:17.441Z|0x6ff8|Preloading 0 native plugins for Editor in 0.00 ms.
2025-04-30T12:18:17.442Z|0x8964|Unloading 13 Unused Serialized files (Serialized files now loaded: 0)
2025-04-30T12:18:17.473Z|0x6ff8|Unloading 5570 unused Assets / (6.4 MB). Loaded Objects now: 6279.
Memory consumption went from 137.2 MB to 130.8 MB.
2025-04-30T12:18:17.473Z|0x6ff8|Total: 31.359500 ms (FindLiveObjects: 3.609000 ms CreateObjectMapping: 0.973000 ms MarkObjects: 20.913700 ms  DeleteObjects: 5.861700 ms)

2025-04-30T12:18:17.473Z|0x6ff8|Prepare: number of updated asset objects reloaded= 0
2025-04-30T12:18:17.475Z|0x6ff8|========================================================================
Received Import Request.
  Time since last request: 11.395320 seconds.
  path: Assets/Plugins/Pixelplacement/iTween/ReadMe!/ReadMe!.txt
  artifactKey: Guid(b68b11cac1ab04f95985e32ea67b8435) Importer(2089858483,934ff659095e30574adcf32a4c2f97b5)
2025-04-30T12:18:17.493Z|0x6ff8|Start importing Assets/Plugins/Pixelplacement/iTween/ReadMe!/ReadMe!.txt using Guid(b68b11cac1ab04f95985e32ea67b8435) Importer(2089858483,934ff659095e30574adcf32a4c2f97b5) (ScriptedImporter) -> (artifact id: 'dafa4ad3e762b990073bd2d442e8b079') in 0.0193367 seconds
2025-04-30T12:18:17.595Z|0x6ff8|Number of updated asset objects reloaded before import = 0Number of asset objects unloaded after import = 1

2025-04-30T12:18:17.595Z|0x6ff8|========================================================================
Received Import Request.
  Time since last request: 0.000094 seconds.
  path: Assets/Lean/Common/Examples/Shaders/Alpha.shader
  artifactKey: Guid(0d949f33aae55df4d92d64ec31581556) Importer(2089858483,934ff659095e30574adcf32a4c2f97b5)
2025-04-30T12:18:17.638Z|0x6ff8|Start importing Assets/Lean/Common/Examples/Shaders/Alpha.shader using Guid(0d949f33aae55df4d92d64ec31581556) Importer(2089858483,934ff659095e30574adcf32a4c2f97b5) (ScriptedImporter) -> (artifact id: '5691304e85926daf47befd33dec23b27') in 0.0163038 seconds
2025-04-30T12:18:17.716Z|0x6ff8|Number of updated asset objects reloaded before import = 0Number of asset objects unloaded after import = 1

2025-04-30T12:18:17.717Z|0x6ff8|========================================================================
Received Import Request.
  Time since last request: 0.000032 seconds.
  path: Assets/Lean/Localization/Scripts/Behaviours/LeanLocalizedTextFont.cs
  artifactKey: Guid(fce53ba05f9c84246b062afd12f4619f) Importer(2089858483,934ff659095e30574adcf32a4c2f97b5)
2025-04-30T12:18:17.752Z|0x6ff8|Start importing Assets/Lean/Localization/Scripts/Behaviours/LeanLocalizedTextFont.cs using Guid(fce53ba05f9c84246b062afd12f4619f) Importer(2089858483,934ff659095e30574adcf32a4c2f97b5) (ScriptedImporter) -> (artifact id: 'c68427aa4902f8a958032d0c2a752adb') in 0.0090002 seconds
2025-04-30T12:18:17.821Z|0x6ff8|Number of updated asset objects reloaded before import = 0Number of asset objects unloaded after import = 0

2025-04-30T12:18:17.875Z|0x6ff8|========================================================================
Received Import Request.
  Time since last request: 0.036067 seconds.
  path: Assets/_Assets/Custome Assets/HoldMyEgg-Complete/GamePlayAssets/image_cloud.png
  artifactKey: Guid(9f0cc41c0a89ca84bae3ce4bec92f3b2) Importer(2089858483,934ff659095e30574adcf32a4c2f97b5)
2025-04-30T12:18:17.912Z|0x6ff8|Start importing Assets/_Assets/Custome Assets/HoldMyEgg-Complete/GamePlayAssets/image_cloud.png using Guid(9f0cc41c0a89ca84bae3ce4bec92f3b2) Importer(2089858483,934ff659095e30574adcf32a4c2f97b5) (ScriptedImporter) -> (artifact id: 'c0df57271c3e8d9de6bcff1b75daa9da') in 0.019825 seconds
2025-04-30T12:18:18.044Z|0x6ff8|Number of updated asset objects reloaded before import = 0Number of asset objects unloaded after import = 2

2025-04-30T12:18:18.044Z|0x6ff8|========================================================================
Received Import Request.
  Time since last request: 0.000024 seconds.
  path: Assets/Lean/Localization/Scripts/Editor/csc.rsp
  artifactKey: Guid(aa976ebe51f503240af6db6824e00900) Importer(2089858483,934ff659095e30574adcf32a4c2f97b5)
2025-04-30T12:18:18.063Z|0x6ff8|Start importing Assets/Lean/Localization/Scripts/Editor/csc.rsp using Guid(aa976ebe51f503240af6db6824e00900) Importer(2089858483,934ff659095e30574adcf32a4c2f97b5) (ScriptedImporter) -> (artifact id: '9725d67c94e79605792ad415c30e9afc') in 0.0127157 seconds
2025-04-30T12:18:18.141Z|0x6ff8|Number of updated asset objects reloaded before import = 0Number of asset objects unloaded after import = 1

2025-04-30T12:18:18.141Z|0x6ff8|========================================================================
Received Import Request.
  Time since last request: 0.000028 seconds.
  path: Assets/_Assets/Fonts/Poppins/poppins/Poppins-SemiBoldItalic.otf
  artifactKey: Guid(9c8b12cd5dc3f004194e96628f1ee8ec) Importer(2089858483,934ff659095e30574adcf32a4c2f97b5)
2025-04-30T12:18:18.180Z|0x6ff8|Start importing Assets/_Assets/Fonts/Poppins/poppins/Poppins-SemiBoldItalic.otf using Guid(9c8b12cd5dc3f004194e96628f1ee8ec) Importer(2089858483,934ff659095e30574adcf32a4c2f97b5) (ScriptedImporter) -> (artifact id: '69e1d15c1541fa1b703152d1a483514e') in 0.0241519 seconds
2025-04-30T12:18:18.275Z|0x6ff8|Number of updated asset objects reloaded before import = 0Number of asset objects unloaded after import = 3

2025-04-30T12:18:18.275Z|0x6ff8|========================================================================
Received Import Request.
  Time since last request: 0.000042 seconds.
  path: Assets/_Assets/Fonts/Poppins/poppins/Poppins-ExtraLightItalic.otf
  artifactKey: Guid(4db70f8ca56d6bc43a7f98c9ca24a155) Importer(2089858483,934ff659095e30574adcf32a4c2f97b5)
2025-04-30T12:18:18.298Z|0x6ff8|Start importing Assets/_Assets/Fonts/Poppins/poppins/Poppins-ExtraLightItalic.otf using Guid(4db70f8ca56d6bc43a7f98c9ca24a155) Importer(2089858483,934ff659095e30574adcf32a4c2f97b5) (ScriptedImporter) -> (artifact id: '6f1c2cb0fa62cbf0dbfb28d84f64448b') in 0.0153932 seconds
2025-04-30T12:18:18.381Z|0x6ff8|Number of updated asset objects reloaded before import = 0Number of asset objects unloaded after import = 3

2025-04-30T12:18:18.382Z|0x6ff8|========================================================================
Received Import Request.
  Time since last request: 0.000026 seconds.
  path: Assets/_Assets/Custome Assets/HoldMyEgg-Complete/game over/popups.PNG
  artifactKey: Guid(adca62db447b03d4894793cd5592998c) Importer(2089858483,934ff659095e30574adcf32a4c2f97b5)
2025-04-30T12:18:18.400Z|0x6ff8|Start importing Assets/_Assets/Custome Assets/HoldMyEgg-Complete/game over/popups.PNG using Guid(adca62db447b03d4894793cd5592998c) Importer(2089858483,934ff659095e30574adcf32a4c2f97b5) (ScriptedImporter) -> (artifact id: '1a96f8fd60170e751bc09ce8fa3777da') in 0.0138318 seconds
2025-04-30T12:18:18.475Z|0x6ff8|Number of updated asset objects reloaded before import = 0Number of asset objects unloaded after import = 2

2025-04-30T12:18:18.475Z|0x6ff8|========================================================================
Received Import Request.
  Time since last request: 0.000023 seconds.
  path: Assets/_Assets/Prefab/Bowls Prefabs/Moving Bowls/pf_Red Patrolling Bowls.prefab
  artifactKey: Guid(64ebe08f45ce1f94ab0d830dcc484ac3) Importer(2089858483,934ff659095e30574adcf32a4c2f97b5)
2025-04-30T12:18:18.494Z|0x6ff8|Start importing Assets/_Assets/Prefab/Bowls Prefabs/Moving Bowls/pf_Red Patrolling Bowls.prefab using Guid(64ebe08f45ce1f94ab0d830dcc484ac3) Importer(2089858483,934ff659095e30574adcf32a4c2f97b5) (ScriptedImporter) -> (artifact id: '50fade5a3da827ab8d67ea39f2e6b113') in 0.0269699 seconds
2025-04-30T12:18:18.584Z|0x6ff8|Number of updated asset objects reloaded before import = 0Number of asset objects unloaded after import = 20

2025-04-30T12:18:18.585Z|0x6ff8|========================================================================
Received Import Request.
  Time since last request: 0.000033 seconds.
  path: Assets/Lean/Common/Examples/Scripts/LeanLinkTo.cs
  artifactKey: Guid(ae8f233b40abd2c4f9deab4ffe64baad) Importer(2089858483,934ff659095e30574adcf32a4c2f97b5)
2025-04-30T12:18:18.600Z|0x6ff8|Start importing Assets/Lean/Common/Examples/Scripts/LeanLinkTo.cs using Guid(ae8f233b40abd2c4f9deab4ffe64baad) Importer(2089858483,934ff659095e30574adcf32a4c2f97b5) (ScriptedImporter) -> (artifact id: '8b91aa9976947a6a59cdfdc8d061432f') in 0.0052031 seconds
2025-04-30T12:18:18.639Z|0x6ff8|Number of updated asset objects reloaded before import = 0Number of asset objects unloaded after import = 0

2025-04-30T12:18:18.639Z|0x6ff8|========================================================================
Received Import Request.
  Time since last request: 0.000035 seconds.
  path: Assets/Lean/Common/Examples/Shaders/Object.shader
  artifactKey: Guid(c499d6dd2ed58ca40a1377bae53ec0ee) Importer(2089858483,934ff659095e30574adcf32a4c2f97b5)
2025-04-30T12:18:18.652Z|0x6ff8|Start importing Assets/Lean/Common/Examples/Shaders/Object.shader using Guid(c499d6dd2ed58ca40a1377bae53ec0ee) Importer(2089858483,934ff659095e30574adcf32a4c2f97b5) (ScriptedImporter) -> (artifact id: 'f50367fbc7fe82814bb194a41959a35e') in 0.0077487 seconds
2025-04-30T12:18:18.701Z|0x6ff8|Number of updated asset objects reloaded before import = 0Number of asset objects unloaded after import = 1

2025-04-30T12:18:18.701Z|0x6ff8|========================================================================
Received Import Request.
  Time since last request: 0.000028 seconds.
  path: Assets/_Assets/Custome Assets/HoldMyEgg-Complete/GamePlayAssets/cloud_bottom.PNG
  artifactKey: Guid(06e15af27017c5c4db5c66b010dadded) Importer(2089858483,934ff659095e30574adcf32a4c2f97b5)
2025-04-30T12:18:18.719Z|0x6ff8|Start importing Assets/_Assets/Custome Assets/HoldMyEgg-Complete/GamePlayAssets/cloud_bottom.PNG using Guid(06e15af27017c5c4db5c66b010dadded) Importer(2089858483,934ff659095e30574adcf32a4c2f97b5) (ScriptedImporter) -> (artifact id: '427107b0b19436660cddbba10e334660') in 0.0103573 seconds
2025-04-30T12:18:18.768Z|0x6ff8|Number of updated asset objects reloaded before import = 0Number of asset objects unloaded after import = 2

2025-04-30T12:18:18.768Z|0x6ff8|========================================================================
Received Import Request.
  Time since last request: 0.000019 seconds.
  path: Assets/Lean/Localization/Scripts/Behaviours/LeanLocalizedTextMeshFont.cs
  artifactKey: Guid(3904cf0d2d9103140ab648dbbee38d3f) Importer(2089858483,934ff659095e30574adcf32a4c2f97b5)
2025-04-30T12:18:18.781Z|0x6ff8|Start importing Assets/Lean/Localization/Scripts/Behaviours/LeanLocalizedTextMeshFont.cs using Guid(3904cf0d2d9103140ab648dbbee38d3f) Importer(2089858483,934ff659095e30574adcf32a4c2f97b5) (ScriptedImporter) -> (artifact id: '1edb5fee03e5bd9644db5267a302426d') in 0.0102642 seconds
2025-04-30T12:18:18.836Z|0x6ff8|Number of updated asset objects reloaded before import = 0Number of asset objects unloaded after import = 0

2025-04-30T12:18:18.836Z|0x6ff8|========================================================================
Received Import Request.
  Time since last request: 0.000021 seconds.
  path: Assets/Lean/Common/Examples/Materials/White.mat
  artifactKey: Guid(c4dab12b6ad08384ba8a3ce2f7eba5f7) Importer(2089858483,934ff659095e30574adcf32a4c2f97b5)
2025-04-30T12:18:18.850Z|0x6ff8|Start importing Assets/Lean/Common/Examples/Materials/White.mat using Guid(c4dab12b6ad08384ba8a3ce2f7eba5f7) Importer(2089858483,934ff659095e30574adcf32a4c2f97b5) (ScriptedImporter) -> (artifact id: 'e7a4be8ee2f5bdc1353ae8a289746bed') in 0.0064792 seconds
2025-04-30T12:18:18.902Z|0x6ff8|Number of updated asset objects reloaded before import = 0Number of asset objects unloaded after import = 1

2025-04-30T12:18:18.902Z|0x6ff8|========================================================================
Received Import Request.
  Time since last request: 0.000029 seconds.
  path: Assets/_Assets/Custome Assets/HoldMyEgg-Complete/Main Menu/logo_hold_my_egg.PNG
  artifactKey: Guid(3597c1e68bb3895478ec84625cd85767) Importer(2089858483,934ff659095e30574adcf32a4c2f97b5)
2025-04-30T12:18:18.916Z|0x6ff8|Start importing Assets/_Assets/Custome Assets/HoldMyEgg-Complete/Main Menu/logo_hold_my_egg.PNG using Guid(3597c1e68bb3895478ec84625cd85767) Importer(2089858483,934ff659095e30574adcf32a4c2f97b5) (ScriptedImporter) -> (artifact id: 'f7d4353d12e9d87c8896447bc1034367') in 0.0125073 seconds
2025-04-30T12:18:18.974Z|0x6ff8|Number of updated asset objects reloaded before import = 0Number of asset objects unloaded after import = 2

2025-04-30T12:18:18.974Z|0x6ff8|========================================================================
Received Import Request.
  Time since last request: 0.000045 seconds.
  path: Assets/Lean/Common/Examples/Prefabs/RoundedCube.prefab
  artifactKey: Guid(98bcf37801e348c44b1dc78b7af0bb77) Importer(2089858483,934ff659095e30574adcf32a4c2f97b5)
2025-04-30T12:18:18.991Z|0x6ff8|Start importing Assets/Lean/Common/Examples/Prefabs/RoundedCube.prefab using Guid(98bcf37801e348c44b1dc78b7af0bb77) Importer(2089858483,934ff659095e30574adcf32a4c2f97b5) (ScriptedImporter) -> (artifact id: '29fed9995478ff44df0194568d2c18f5') in 0.0163887 seconds
2025-04-30T12:18:19.038Z|0x6ff8|Number of updated asset objects reloaded before import = 0Number of asset objects unloaded after import = 9

2025-04-30T12:18:19.038Z|0x6ff8|========================================================================
Received Import Request.
  Time since last request: 0.000024 seconds.
  path: Assets/Lean/Localization/Examples/Media/Spanish.txt
  artifactKey: Guid(2792724843a48474bbd865b3b0d5e25b) Importer(2089858483,934ff659095e30574adcf32a4c2f97b5)
2025-04-30T12:18:19.053Z|0x6ff8|Start importing Assets/Lean/Localization/Examples/Media/Spanish.txt using Guid(2792724843a48474bbd865b3b0d5e25b) Importer(2089858483,934ff659095e30574adcf32a4c2f97b5) (ScriptedImporter) -> (artifact id: 'ce5ab185aa4cfa14e8d9cde43a79c1dc') in 0.0099328 seconds
2025-04-30T12:18:19.095Z|0x6ff8|Number of updated asset objects reloaded before import = 0Number of asset objects unloaded after import = 1

2025-04-30T12:18:19.095Z|0x6ff8|========================================================================
Received Import Request.
  Time since last request: 0.000022 seconds.
  path: Assets/Lean/Common/Examples/Fonts/VarelaRound-Regular.txt
  artifactKey: Guid(d3bf4a59b3982614bb8b244963bac3ad) Importer(2089858483,934ff659095e30574adcf32a4c2f97b5)
2025-04-30T12:18:19.111Z|0x6ff8|Start importing Assets/Lean/Common/Examples/Fonts/VarelaRound-Regular.txt using Guid(d3bf4a59b3982614bb8b244963bac3ad) Importer(2089858483,934ff659095e30574adcf32a4c2f97b5) (ScriptedImporter) -> (artifact id: 'bd122a4f9f1d6941c47b7b5ce7acce3d') in 0.0084093 seconds
2025-04-30T12:18:19.149Z|0x6ff8|Number of updated asset objects reloaded before import = 0Number of asset objects unloaded after import = 1

2025-04-30T12:18:19.149Z|0x6ff8|========================================================================
Received Import Request.
  Time since last request: 0.000021 seconds.
  path: Assets/Lean/Common/Examples/Fonts/VarelaRound-Regular.ttf
  artifactKey: Guid(d54323c94c164de478170d5e7d0273be) Importer(2089858483,934ff659095e30574adcf32a4c2f97b5)
2025-04-30T12:18:19.168Z|0x6ff8|Start importing Assets/Lean/Common/Examples/Fonts/VarelaRound-Regular.ttf using Guid(d54323c94c164de478170d5e7d0273be) Importer(2089858483,934ff659095e30574adcf32a4c2f97b5) (ScriptedImporter) -> (artifact id: '3274893b2f9b27ef0f669aae13301c65') in 0.0089938 seconds
2025-04-30T12:18:19.215Z|0x6ff8|Number of updated asset objects reloaded before import = 0Number of asset objects unloaded after import = 3

2025-04-30T12:18:19.215Z|0x6ff8|========================================================================
Received Import Request.
  Time since last request: 0.000026 seconds.
  path: Assets/Lean/Common/Examples/Materials/Red.mat
  artifactKey: Guid(738f118aa214360489366338953cfd32) Importer(2089858483,934ff659095e30574adcf32a4c2f97b5)
2025-04-30T12:18:19.228Z|0x6ff8|Start importing Assets/Lean/Common/Examples/Materials/Red.mat using Guid(738f118aa214360489366338953cfd32) Importer(2089858483,934ff659095e30574adcf32a4c2f97b5) (ScriptedImporter) -> (artifact id: '684cd5bf72805f329783dd5b1329d542') in 0.0059897 seconds
2025-04-30T12:18:19.275Z|0x6ff8|Number of updated asset objects reloaded before import = 0Number of asset objects unloaded after import = 1

2025-04-30T12:18:19.275Z|0x6ff8|========================================================================
Received Import Request.
  Time since last request: 0.000033 seconds.
  path: Assets/_Assets/Animations/Bird Animaitons/Bird Animations/Bird Idle Animations.anim
  artifactKey: Guid(b23cfbd3ae7d12549b4f85a8965d9202) Importer(2089858483,934ff659095e30574adcf32a4c2f97b5)
2025-04-30T12:18:19.286Z|0x6ff8|Start importing Assets/_Assets/Animations/Bird Animaitons/Bird Animations/Bird Idle Animations.anim using Guid(b23cfbd3ae7d12549b4f85a8965d9202) Importer(2089858483,934ff659095e30574adcf32a4c2f97b5) (ScriptedImporter) -> (artifact id: '83eec300e5adad0e71b0dd1e8df4a23f') in 0.0119376 seconds
2025-04-30T12:18:19.339Z|0x6ff8|Number of updated asset objects reloaded before import = 0Number of asset objects unloaded after import = 1

2025-04-30T12:18:19.340Z|0x6ff8|========================================================================
Received Import Request.
  Time since last request: 0.000030 seconds.
  path: Assets/Lean/Common/Examples/Textures/Right.png
  artifactKey: Guid(873b489a73575b14fa7f49597735beaa) Importer(2089858483,934ff659095e30574adcf32a4c2f97b5)
2025-04-30T12:18:19.353Z|0x6ff8|Start importing Assets/Lean/Common/Examples/Textures/Right.png using Guid(873b489a73575b14fa7f49597735beaa) Importer(2089858483,934ff659095e30574adcf32a4c2f97b5) (ScriptedImporter) -> (artifact id: '8f194a21719c6ac813f950f08c63a3ea') in 0.0087908 seconds
2025-04-30T12:18:19.409Z|0x6ff8|Number of updated asset objects reloaded before import = 0Number of asset objects unloaded after import = 2

2025-04-30T12:18:19.409Z|0x6ff8|========================================================================
Received Import Request.
  Time since last request: 0.000022 seconds.
  path: Assets/LunarConsole/Editor/iOS/Common/Images/lunar_console_collapse_background@3x.png
  artifactKey: Guid(e9fe4af1876ed4199bb175614e7609c8) Importer(2089858483,934ff659095e30574adcf32a4c2f97b5)
2025-04-30T12:18:19.420Z|0x6ff8|Start importing Assets/LunarConsole/Editor/iOS/Common/Images/lunar_console_collapse_background@3x.png using Guid(e9fe4af1876ed4199bb175614e7609c8) Importer(2089858483,934ff659095e30574adcf32a4c2f97b5) (ScriptedImporter) -> (artifact id: '36fc2c76ea1e8b5691b72c165f5d7901') in 0.0082243 seconds
2025-04-30T12:18:19.465Z|0x6ff8|Number of updated asset objects reloaded before import = 0Number of asset objects unloaded after import = 1

2025-04-30T12:18:19.466Z|0x6ff8|========================================================================
Received Import Request.
  Time since last request: 0.000028 seconds.
  path: Assets/LunarConsole/Editor/iOS/Common/Images/lunar_console_icon_button_more@2x.png
  artifactKey: Guid(3c326cb1f2f8d45c0bf107c756290d65) Importer(2089858483,934ff659095e30574adcf32a4c2f97b5)
2025-04-30T12:18:19.480Z|0x6ff8|Start importing Assets/LunarConsole/Editor/iOS/Common/Images/lunar_console_icon_button_more@2x.png using Guid(3c326cb1f2f8d45c0bf107c756290d65) Importer(2089858483,934ff659095e30574adcf32a4c2f97b5) (ScriptedImporter) -> (artifact id: 'aee90e79f4774c63ea12a4713a49b5ee') in 0.00829 seconds
2025-04-30T12:18:19.525Z|0x6ff8|Number of updated asset objects reloaded before import = 0Number of asset objects unloaded after import = 1

2025-04-30T12:18:19.525Z|0x6ff8|========================================================================
Received Import Request.
  Time since last request: 0.000023 seconds.
  path: Assets/LunarConsole/Editor/iOS/Common/Images/lunar_console_icon_button_clipboard@3x.png
  artifactKey: Guid(19be6cf90b16b478090647b4b35f0c35) Importer(2089858483,934ff659095e30574adcf32a4c2f97b5)
2025-04-30T12:18:19.537Z|0x6ff8|Start importing Assets/LunarConsole/Editor/iOS/Common/Images/lunar_console_icon_button_clipboard@3x.png using Guid(19be6cf90b16b478090647b4b35f0c35) Importer(2089858483,934ff659095e30574adcf32a4c2f97b5) (ScriptedImporter) -> (artifact id: 'decf2b25246ffa4c8761ad2b23b1fc15') in 0.0081187 seconds
2025-04-30T12:18:19.589Z|0x6ff8|Number of updated asset objects reloaded before import = 0Number of asset objects unloaded after import = 1

2025-04-30T12:18:19.589Z|0x6ff8|========================================================================
Received Import Request.
  Time since last request: 0.000039 seconds.
  path: Assets/Lean/Localization/Scripts/Behaviours/TMP/LeanLocalizedTextMeshProUGUIFont.cs
  artifactKey: Guid(e9d52b33a5902e643bced0385fa6840b) Importer(2089858483,934ff659095e30574adcf32a4c2f97b5)
2025-04-30T12:18:19.605Z|0x6ff8|Start importing Assets/Lean/Localization/Scripts/Behaviours/TMP/LeanLocalizedTextMeshProUGUIFont.cs using Guid(e9d52b33a5902e643bced0385fa6840b) Importer(2089858483,934ff659095e30574adcf32a4c2f97b5) (ScriptedImporter) -> (artifact id: '983bcc98130bccc1a3ad00423ebb3f4c') in 0.0077939 seconds
2025-04-30T12:18:19.655Z|0x6ff8|Number of updated asset objects reloaded before import = 0Number of asset objects unloaded after import = 0

2025-04-30T12:18:19.655Z|0x6ff8|========================================================================
Received Import Request.
  Time since last request: 0.000027 seconds.
  path: Assets/LunarConsole/Editor/iOS/Common/Console/LUConsole.m
  artifactKey: Guid(324fc3f90e9744b70900cf60419bad88) Importer(2089858483,934ff659095e30574adcf32a4c2f97b5)
2025-04-30T12:18:19.668Z|0x6ff8|Start importing Assets/LunarConsole/Editor/iOS/Common/Console/LUConsole.m using Guid(324fc3f90e9744b70900cf60419bad88) Importer(2089858483,934ff659095e30574adcf32a4c2f97b5) (ScriptedImporter) -> (artifact id: '164c619d4d2fad7b86327857024560c5') in 0.0077055 seconds
2025-04-30T12:18:19.716Z|0x6ff8|Number of updated asset objects reloaded before import = 0Number of asset objects unloaded after import = 0

2025-04-30T12:18:19.716Z|0x6ff8|========================================================================
Received Import Request.
  Time since last request: 0.000021 seconds.
  path: Assets/_Assets/Fonts/Poppins/poppins/Poppins-Regular.otf
  artifactKey: Guid(71d5344378299ff478c5515bd98b6054) Importer(2089858483,934ff659095e30574adcf32a4c2f97b5)
2025-04-30T12:18:19.730Z|0x6ff8|Start importing Assets/_Assets/Fonts/Poppins/poppins/Poppins-Regular.otf using Guid(71d5344378299ff478c5515bd98b6054) Importer(2089858483,934ff659095e30574adcf32a4c2f97b5) (ScriptedImporter) -> (artifact id: '0496807ab82f082932e4227fbeb0e9b4') in 0.008297 seconds
2025-04-30T12:18:19.777Z|0x6ff8|Number of updated asset objects reloaded before import = 0Number of asset objects unloaded after import = 3

2025-04-30T12:18:19.777Z|0x6ff8|========================================================================
Received Import Request.
  Time since last request: 0.000027 seconds.
  path: Assets/_Assets/Custome Assets/HoldMyEgg-Complete/Settings/off.PNG
  artifactKey: Guid(8f60b6dd7b836e946a7597b380c21386) Importer(2089858483,934ff659095e30574adcf32a4c2f97b5)
2025-04-30T12:18:19.792Z|0x6ff8|Start importing Assets/_Assets/Custome Assets/HoldMyEgg-Complete/Settings/off.PNG using Guid(8f60b6dd7b836e946a7597b380c21386) Importer(2089858483,934ff659095e30574adcf32a4c2f97b5) (ScriptedImporter) -> (artifact id: 'c1387c555900aa3bf3247bbf0571d6ec') in 0.0104428 seconds
2025-04-30T12:18:19.846Z|0x6ff8|Number of updated asset objects reloaded before import = 0Number of asset objects unloaded after import = 2

2025-04-30T12:18:19.846Z|0x6ff8|========================================================================
Received Import Request.
  Time since last request: 0.000058 seconds.
  path: Assets/_Assets/Prefab/Bowls Prefabs/Moving Bowls/pf_Blue Patrolling Bowls.prefab
  artifactKey: Guid(ee5c0db814635904d8f447854647554f) Importer(2089858483,934ff659095e30574adcf32a4c2f97b5)
2025-04-30T12:18:19.864Z|0x6ff8|Start importing Assets/_Assets/Prefab/Bowls Prefabs/Moving Bowls/pf_Blue Patrolling Bowls.prefab using Guid(ee5c0db814635904d8f447854647554f) Importer(2089858483,934ff659095e30574adcf32a4c2f97b5) (ScriptedImporter) -> (artifact id: '5fbb18ef395697de48769b11e1dfb942') in 0.0115642 seconds
2025-04-30T12:18:19.923Z|0x6ff8|Number of updated asset objects reloaded before import = 0Number of asset objects unloaded after import = 20

2025-04-30T12:18:19.923Z|0x6ff8|========================================================================
Received Import Request.
  Time since last request: 0.000050 seconds.
  path: Assets/LunarConsole/Editor/iOS/Common/UI/LUPanViewGestureRecognizer.h
  artifactKey: Guid(098f4c547840e41f4b10c7a30e889321) Importer(2089858483,934ff659095e30574adcf32a4c2f97b5)
2025-04-30T12:18:19.940Z|0x6ff8|Start importing Assets/LunarConsole/Editor/iOS/Common/UI/LUPanViewGestureRecognizer.h using Guid(098f4c547840e41f4b10c7a30e889321) Importer(2089858483,934ff659095e30574adcf32a4c2f97b5) (ScriptedImporter) -> (artifact id: '9903cb5c385884cde085a780aaef4ce3') in 0.0093752 seconds
2025-04-30T12:18:19.998Z|0x6ff8|Number of updated asset objects reloaded before import = 0Number of asset objects unloaded after import = 0

2025-04-30T12:18:19.998Z|0x6ff8|========================================================================
Received Import Request.
  Time since last request: 0.000023 seconds.
  path: Assets/LunarConsole/Editor/iOS/Common/Images/lunar_console_icon_log_warning.png
  artifactKey: Guid(16ddd2e4fd57b48c89743469b9517b6e) Importer(2089858483,934ff659095e30574adcf32a4c2f97b5)
2025-04-30T12:18:20.014Z|0x6ff8|Start importing Assets/LunarConsole/Editor/iOS/Common/Images/lunar_console_icon_log_warning.png using Guid(16ddd2e4fd57b48c89743469b9517b6e) Importer(2089858483,934ff659095e30574adcf32a4c2f97b5) (ScriptedImporter) -> (artifact id: '68203da6a68283541021c9f27c786376') in 0.0096902 seconds
2025-04-30T12:18:20.062Z|0x6ff8|Number of updated asset objects reloaded before import = 0Number of asset objects unloaded after import = 1

2025-04-30T12:18:20.062Z|0x6ff8|========================================================================
Received Import Request.
  Time since last request: 0.000020 seconds.
  path: Assets/LunarConsole/Editor/iOS/Common/Images/lunar_console_icon_log@3x.png
  artifactKey: Guid(51bbbf7957bb647c98537da70d4ec657) Importer(2089858483,934ff659095e30574adcf32a4c2f97b5)
2025-04-30T12:18:20.080Z|0x6ff8|Start importing Assets/LunarConsole/Editor/iOS/Common/Images/lunar_console_icon_log@3x.png using Guid(51bbbf7957bb647c98537da70d4ec657) Importer(2089858483,934ff659095e30574adcf32a4c2f97b5) (ScriptedImporter) -> (artifact id: 'cf1e19c476b34aff316014b83a463510') in 0.0098727 seconds
2025-04-30T12:18:20.165Z|0x6ff8|Number of updated asset objects reloaded before import = 0Number of asset objects unloaded after import = 1

2025-04-30T12:18:20.165Z|0x6ff8|========================================================================
Received Import Request.
  Time since last request: 0.000022 seconds.
  path: Assets/LunarConsole/Editor/iOS/Common/Images/lunar_console_icon_log_error.png
  artifactKey: Guid(a9138c1d7942646f596c05de6dcef7cc) Importer(2089858483,934ff659095e30574adcf32a4c2f97b5)
2025-04-30T12:18:20.180Z|0x6ff8|Start importing Assets/LunarConsole/Editor/iOS/Common/Images/lunar_console_icon_log_error.png using Guid(a9138c1d7942646f596c05de6dcef7cc) Importer(2089858483,934ff659095e30574adcf32a4c2f97b5) (ScriptedImporter) -> (artifact id: 'a11779638124bce444063801e9271912') in 0.0088375 seconds
2025-04-30T12:18:20.223Z|0x6ff8|Number of updated asset objects reloaded before import = 0Number of asset objects unloaded after import = 1

2025-04-30T12:18:20.223Z|0x6ff8|========================================================================
Received Import Request.
  Time since last request: 0.000045 seconds.
  path: Assets/LunarConsole/Editor/iOS/Common/Images/lunar_console_resize_handle_vertical@3x.png
  artifactKey: Guid(0e8faee96c3e940a8af51f4db5bee6fb) Importer(2089858483,934ff659095e30574adcf32a4c2f97b5)
2025-04-30T12:18:20.237Z|0x6ff8|Start importing Assets/LunarConsole/Editor/iOS/Common/Images/lunar_console_resize_handle_vertical@3x.png using Guid(0e8faee96c3e940a8af51f4db5bee6fb) Importer(2089858483,934ff659095e30574adcf32a4c2f97b5) (ScriptedImporter) -> (artifact id: 'a6eead3db5c40928db065ab8b3afc253') in 0.0092099 seconds
2025-04-30T12:18:20.284Z|0x6ff8|Number of updated asset objects reloaded before import = 0Number of asset objects unloaded after import = 1

2025-04-30T12:18:20.285Z|0x6ff8|========================================================================
Received Import Request.
  Time since last request: 0.000027 seconds.
  path: Assets/LunarConsole/Editor/iOS/Common/UI/LUPassTouchView.h
  artifactKey: Guid(12a913616ada74fe7b57af135bd54ef3) Importer(2089858483,934ff659095e30574adcf32a4c2f97b5)
2025-04-30T12:18:20.299Z|0x6ff8|Start importing Assets/LunarConsole/Editor/iOS/Common/UI/LUPassTouchView.h using Guid(12a913616ada74fe7b57af135bd54ef3) Importer(2089858483,934ff659095e30574adcf32a4c2f97b5) (ScriptedImporter) -> (artifact id: 'c9b3c8b0c201f2bca649bdc31f0dacae') in 0.0051105 seconds
2025-04-30T12:18:20.340Z|0x6ff8|Number of updated asset objects reloaded before import = 0Number of asset objects unloaded after import = 0

2025-04-30T12:18:20.340Z|0x6ff8|========================================================================
Received Import Request.
  Time since last request: 0.000024 seconds.
  path: Assets/LunarConsole/Editor/iOS/Common/Images/lunar_console_icon_button_unlock.png
  artifactKey: Guid(94c737f24f45145d597504d030863be1) Importer(2089858483,934ff659095e30574adcf32a4c2f97b5)
2025-04-30T12:18:20.357Z|0x6ff8|Start importing Assets/LunarConsole/Editor/iOS/Common/Images/lunar_console_icon_button_unlock.png using Guid(94c737f24f45145d597504d030863be1) Importer(2089858483,934ff659095e30574adcf32a4c2f97b5) (ScriptedImporter) -> (artifact id: '30babfebb49a71efe7b24aa58bed03a0') in 0.0087439 seconds
2025-04-30T12:18:20.415Z|0x6ff8|Number of updated asset objects reloaded before import = 0Number of asset objects unloaded after import = 1

2025-04-30T12:18:20.415Z|0x6ff8|========================================================================
Received Import Request.
  Time since last request: 0.000030 seconds.
  path: Assets/Lean/Localization/Scripts/Behaviours/TMP/LeanLocalizedTMP_Dropdown.cs
  artifactKey: Guid(0b305bea692d569468dd3feda0ce869f) Importer(2089858483,934ff659095e30574adcf32a4c2f97b5)
2025-04-30T12:18:20.437Z|0x6ff8|Start importing Assets/Lean/Localization/Scripts/Behaviours/TMP/LeanLocalizedTMP_Dropdown.cs using Guid(0b305bea692d569468dd3feda0ce869f) Importer(2089858483,934ff659095e30574adcf32a4c2f97b5) (ScriptedImporter) -> (artifact id: 'f7ddeee14623e7910383febbc98728ff') in 0.0103319 seconds
2025-04-30T12:18:20.492Z|0x6ff8|Number of updated asset objects reloaded before import = 0Number of asset objects unloaded after import = 0

2025-04-30T12:18:20.492Z|0x6ff8|========================================================================
Received Import Request.
  Time since last request: 0.000027 seconds.
  path: Assets/LunarConsole/Editor/iOS/Common/Utils/LULittleHelper.h
  artifactKey: Guid(aa1494994db60463bb096743520bb5c0) Importer(2089858483,934ff659095e30574adcf32a4c2f97b5)
2025-04-30T12:18:20.510Z|0x6ff8|Start importing Assets/LunarConsole/Editor/iOS/Common/Utils/LULittleHelper.h using Guid(aa1494994db60463bb096743520bb5c0) Importer(2089858483,934ff659095e30574adcf32a4c2f97b5) (ScriptedImporter) -> (artifact id: '1d2e83258f43ab49fcc9ebaf18948780') in 0.0092887 seconds
2025-04-30T12:18:20.569Z|0x6ff8|Number of updated asset objects reloaded before import = 0Number of asset objects unloaded after import = 0

2025-04-30T12:18:20.569Z|0x6ff8|========================================================================
Received Import Request.
  Time since last request: 0.000049 seconds.
  path: Assets/LunarConsole/Editor/iOS/Common/Utils/LUMutableArray.h
  artifactKey: Guid(df7818cf7f82c484196eac7a75fdb807) Importer(2089858483,934ff659095e30574adcf32a4c2f97b5)
2025-04-30T12:18:20.587Z|0x6ff8|Start importing Assets/LunarConsole/Editor/iOS/Common/Utils/LUMutableArray.h using Guid(df7818cf7f82c484196eac7a75fdb807) Importer(2089858483,934ff659095e30574adcf32a4c2f97b5) (ScriptedImporter) -> (artifact id: 'b6bcafe5f10157ad0da5786575d80c94') in 0.0079084 seconds
2025-04-30T12:18:20.654Z|0x6ff8|Number of updated asset objects reloaded before import = 0Number of asset objects unloaded after import = 0

2025-04-30T12:18:20.654Z|0x6ff8|========================================================================
Received Import Request.
  Time since last request: 0.000025 seconds.
  path: Assets/LunarConsole/Editor/iOS/Common/UI/LUToggleButton.m
  artifactKey: Guid(8fc354623603347d2b31fad3d60c0d23) Importer(2089858483,934ff659095e30574adcf32a4c2f97b5)
2025-04-30T12:18:20.676Z|0x6ff8|Start importing Assets/LunarConsole/Editor/iOS/Common/UI/LUToggleButton.m using Guid(8fc354623603347d2b31fad3d60c0d23) Importer(2089858483,934ff659095e30574adcf32a4c2f97b5) (ScriptedImporter) -> (artifact id: '157cab52cf0f0e4befdcd41a83859000') in 0.0094481 seconds
2025-04-30T12:18:20.730Z|0x6ff8|Number of updated asset objects reloaded before import = 0Number of asset objects unloaded after import = 0

2025-04-30T12:18:20.730Z|0x6ff8|========================================================================
Received Import Request.
  Time since last request: 0.000025 seconds.
  path: Assets/LunarConsole/Editor/iOS/Common/Utils/LULittleHelper.m
  artifactKey: Guid(35e01a2208503419cbb60474821753d4) Importer(2089858483,934ff659095e30574adcf32a4c2f97b5)
2025-04-30T12:18:20.752Z|0x6ff8|Start importing Assets/LunarConsole/Editor/iOS/Common/Utils/LULittleHelper.m using Guid(35e01a2208503419cbb60474821753d4) Importer(2089858483,934ff659095e30574adcf32a4c2f97b5) (ScriptedImporter) -> (artifact id: '7155c5baea2225c413898faff5828744') in 0.0219783 seconds
2025-04-30T12:18:20.834Z|0x6ff8|Number of updated asset objects reloaded before import = 0Number of asset objects unloaded after import = 0

2025-04-30T12:18:20.834Z|0x6ff8|========================================================================
Received Import Request.
  Time since last request: 0.000030 seconds.
  path: Assets/LunarConsole/Editor/iOS/Common/Utils/LUSerializableObject.h
  artifactKey: Guid(995fe85466d5f4d66b345ac2e2ff26ee) Importer(2089858483,934ff659095e30574adcf32a4c2f97b5)
2025-04-30T12:18:20.854Z|0x6ff8|Start importing Assets/LunarConsole/Editor/iOS/Common/Utils/LUSerializableObject.h using Guid(995fe85466d5f4d66b345ac2e2ff26ee) Importer(2089858483,934ff659095e30574adcf32a4c2f97b5) (ScriptedImporter) -> (artifact id: '3f615812feb933f4d66afccc7d9855b0') in 0.0087722 seconds
2025-04-30T12:18:20.911Z|0x6ff8|Number of updated asset objects reloaded before import = 0Number of asset objects unloaded after import = 0

2025-04-30T12:18:20.911Z|0x6ff8|========================================================================
Received Import Request.
  Time since last request: 0.000049 seconds.
  path: Assets/LunarConsole/Editor/iOS/Common/Utils/LUNotificationCenter.m
  artifactKey: Guid(b834a0516e963408bb1a910522fa0387) Importer(2089858483,934ff659095e30574adcf32a4c2f97b5)
2025-04-30T12:18:20.928Z|0x6ff8|Start importing Assets/LunarConsole/Editor/iOS/Common/Utils/LUNotificationCenter.m using Guid(b834a0516e963408bb1a910522fa0387) Importer(2089858483,934ff659095e30574adcf32a4c2f97b5) (ScriptedImporter) -> (artifact id: '1c69179bd4e3b84ed1085618e80f4c0b') in 0.0124956 seconds
2025-04-30T12:18:20.997Z|0x6ff8|Number of updated asset objects reloaded before import = 0Number of asset objects unloaded after import = 0

2025-04-30T12:18:20.997Z|0x6ff8|========================================================================
Received Import Request.
  Time since last request: 0.000029 seconds.
  path: Assets/LunarConsole/Editor/iOS/Common/Utils/LUThreading.h
  artifactKey: Guid(aba03808cdeca4e61b5dc1a19c62d577) Importer(2089858483,934ff659095e30574adcf32a4c2f97b5)
2025-04-30T12:18:21.019Z|0x6ff8|Start importing Assets/LunarConsole/Editor/iOS/Common/Utils/LUThreading.h using Guid(aba03808cdeca4e61b5dc1a19c62d577) Importer(2089858483,934ff659095e30574adcf32a4c2f97b5) (ScriptedImporter) -> (artifact id: '43fe6245f0ad9e1cb97623a18d053684') in 0.0075812 seconds
2025-04-30T12:18:21.121Z|0x6ff8|Number of updated asset objects reloaded before import = 0Number of asset objects unloaded after import = 0

2025-04-30T12:18:21.121Z|0x6ff8|========================================================================
Received Import Request.
  Time since last request: 0.000029 seconds.
  path: Assets/_Assets/Custome Assets/Egg game assets/level complete/HoldMYEgg Assets/Rectangle 559@3x.png
  artifactKey: Guid(4c7df8ef3e272c9418f08a267e670c51) Importer(2089858483,934ff659095e30574adcf32a4c2f97b5)
2025-04-30T12:18:21.140Z|0x6ff8|Start importing Assets/_Assets/Custome Assets/Egg game assets/level complete/HoldMYEgg Assets/Rectangle 559@3x.png using Guid(4c7df8ef3e272c9418f08a267e670c51) Importer(2089858483,934ff659095e30574adcf32a4c2f97b5) (ScriptedImporter) -> (artifact id: '14d34522530bd63a31a447ce316976aa') in 0.011402 seconds
2025-04-30T12:18:21.227Z|0x6ff8|Number of updated asset objects reloaded before import = 0Number of asset objects unloaded after import = 2

2025-04-30T12:18:21.227Z|0x6ff8|========================================================================
Received Import Request.
  Time since last request: 0.000030 seconds.
  path: Assets/_Assets/Custome Assets/Egg game assets/level complete/HoldMYEgg Assets/egg_creck_1.png
  artifactKey: Guid(07facb33b6367f04b867127c0eb8125b) Importer(2089858483,934ff659095e30574adcf32a4c2f97b5)
2025-04-30T12:18:21.250Z|0x6ff8|Start importing Assets/_Assets/Custome Assets/Egg game assets/level complete/HoldMYEgg Assets/egg_creck_1.png using Guid(07facb33b6367f04b867127c0eb8125b) Importer(2089858483,934ff659095e30574adcf32a4c2f97b5) (ScriptedImporter) -> (artifact id: '6b5ee346485cff730afe5de100a2f224') in 0.0136099 seconds
2025-04-30T12:18:21.350Z|0x6ff8|Number of updated asset objects reloaded before import = 0Number of asset objects unloaded after import = 2

2025-04-30T12:18:21.350Z|0x6ff8|========================================================================
Received Import Request.
  Time since last request: 0.000043 seconds.
  path: Assets/LunarConsole/Editor/iOS/Common/Utils/LUStringUtils.h
  artifactKey: Guid(239d5dc260bf94a21bbd38601c2da974) Importer(2089858483,934ff659095e30574adcf32a4c2f97b5)
2025-04-30T12:18:21.371Z|0x6ff8|Start importing Assets/LunarConsole/Editor/iOS/Common/Utils/LUStringUtils.h using Guid(239d5dc260bf94a21bbd38601c2da974) Importer(2089858483,934ff659095e30574adcf32a4c2f97b5) (ScriptedImporter) -> (artifact id: 'c094504dc6b921ea9c56ee369d6381a5') in 0.0233149 seconds
2025-04-30T12:18:21.484Z|0x6ff8|Number of updated asset objects reloaded before import = 0Number of asset objects unloaded after import = 0

2025-04-30T12:18:21.484Z|0x6ff8|========================================================================
Received Import Request.
  Time since last request: 0.000026 seconds.
  path: Assets/_Assets/Custome Assets/Egg game assets/level complete/HoldMYEgg Assets/popup.png
  artifactKey: Guid(5c284e6814250dc4d8f291ca32c48d7a) Importer(2089858483,934ff659095e30574adcf32a4c2f97b5)
2025-04-30T12:18:21.513Z|0x6ff8|Start importing Assets/_Assets/Custome Assets/Egg game assets/level complete/HoldMYEgg Assets/popup.png using Guid(5c284e6814250dc4d8f291ca32c48d7a) Importer(2089858483,934ff659095e30574adcf32a4c2f97b5) (ScriptedImporter) -> (artifact id: 'cf9ac472d8cffb072cf6867c2ee9f23c') in 0.02085 seconds
2025-04-30T12:18:21.613Z|0x6ff8|Number of updated asset objects reloaded before import = 0Number of asset objects unloaded after import = 2

2025-04-30T12:18:21.613Z|0x6ff8|========================================================================
Received Import Request.
  Time since last request: 0.000023 seconds.
  path: Assets/_Assets/Custome Assets/Egg game assets/shop/btn_close.PNG
  artifactKey: Guid(47d5572ad60e8b1488123f9c7caa9b74) Importer(2089858483,934ff659095e30574adcf32a4c2f97b5)
2025-04-30T12:18:21.629Z|0x6ff8|Start importing Assets/_Assets/Custome Assets/Egg game assets/shop/btn_close.PNG using Guid(47d5572ad60e8b1488123f9c7caa9b74) Importer(2089858483,934ff659095e30574adcf32a4c2f97b5) (ScriptedImporter) -> (artifact id: '6b0e9d5bd84ffc18dec91ccb1aaad21d') in 0.0106575 seconds
2025-04-30T12:18:21.683Z|0x6ff8|Number of updated asset objects reloaded before import = 0Number of asset objects unloaded after import = 2

2025-04-30T12:18:21.683Z|0x6ff8|========================================================================
Received Import Request.
  Time since last request: 0.000044 seconds.
  path: Assets/LunarConsole/Editor/iOS/Common/Console/Log/LULogMessage.m
  artifactKey: Guid(7d959e3752e464913b6fab9837647230) Importer(2089858483,934ff659095e30574adcf32a4c2f97b5)
2025-04-30T12:18:21.699Z|0x6ff8|Start importing Assets/LunarConsole/Editor/iOS/Common/Console/Log/LULogMessage.m using Guid(7d959e3752e464913b6fab9837647230) Importer(2089858483,934ff659095e30574adcf32a4c2f97b5) (ScriptedImporter) -> (artifact id: 'da6c8d150ea5dfe0009f7dcbd9dbade7') in 0.0071812 seconds
2025-04-30T12:18:21.756Z|0x6ff8|Number of updated asset objects reloaded before import = 0Number of asset objects unloaded after import = 0

2025-04-30T12:18:21.756Z|0x6ff8|========================================================================
Received Import Request.
  Time since last request: 0.000044 seconds.
  path: Assets/LunarConsole/Editor/iOS/Common/Console/Log/LULogMessage.h
  artifactKey: Guid(a0b58b207c19c4a14bd8d19bbef94a9b) Importer(2089858483,934ff659095e30574adcf32a4c2f97b5)
2025-04-30T12:18:21.770Z|0x6ff8|Start importing Assets/LunarConsole/Editor/iOS/Common/Console/Log/LULogMessage.h using Guid(a0b58b207c19c4a14bd8d19bbef94a9b) Importer(2089858483,934ff659095e30574adcf32a4c2f97b5) (ScriptedImporter) -> (artifact id: 'd5ec9b0fb1c97a70f2e7b6ca8b19f479') in 0.0125341 seconds
2025-04-30T12:18:21.829Z|0x6ff8|Number of updated asset objects reloaded before import = 0Number of asset objects unloaded after import = 0

2025-04-30T12:18:21.829Z|0x6ff8|========================================================================
Received Import Request.
  Time since last request: 0.000028 seconds.
  path: Assets/LunarConsole/Editor/iOS/Common/Console/Log/LUConsoleLogEntryLookupTable.m
  artifactKey: Guid(cbe308afb884b4eccaa5b4f4820c0a98) Importer(2089858483,934ff659095e30574adcf32a4c2f97b5)
2025-04-30T12:18:21.845Z|0x6ff8|Start importing Assets/LunarConsole/Editor/iOS/Common/Console/Log/LUConsoleLogEntryLookupTable.m using Guid(cbe308afb884b4eccaa5b4f4820c0a98) Importer(2089858483,934ff659095e30574adcf32a4c2f97b5) (ScriptedImporter) -> (artifact id: 'c97ed07b857f049aa24e968becf086a9') in 0.0080213 seconds
2025-04-30T12:18:21.898Z|0x6ff8|Number of updated asset objects reloaded before import = 0Number of asset objects unloaded after import = 0

2025-04-30T12:18:21.898Z|0x6ff8|========================================================================
Received Import Request.
  Time since last request: 0.000023 seconds.
  path: Assets/LunarConsole/Editor/iOS/Common/Console/Plugin/lunar_unity_native_interface.h
  artifactKey: Guid(7deddafab76cb47eb8e5c5a8e1e663ee) Importer(2089858483,934ff659095e30574adcf32a4c2f97b5)
2025-04-30T12:18:21.911Z|0x6ff8|Start importing Assets/LunarConsole/Editor/iOS/Common/Console/Plugin/lunar_unity_native_interface.h using Guid(7deddafab76cb47eb8e5c5a8e1e663ee) Importer(2089858483,934ff659095e30574adcf32a4c2f97b5) (ScriptedImporter) -> (artifact id: 'f8614c38701611600c983af74cd903fc') in 0.007622 seconds
2025-04-30T12:18:21.962Z|0x6ff8|Number of updated asset objects reloaded before import = 0Number of asset objects unloaded after import = 0

2025-04-30T12:18:21.962Z|0x6ff8|========================================================================
Received Import Request.
  Time since last request: 0.000045 seconds.
  path: Assets/LunarConsole/Editor/iOS/Common/UI/LUWindow.h
  artifactKey: Guid(0c005ec895a58447fb843508244c8406) Importer(2089858483,934ff659095e30574adcf32a4c2f97b5)
2025-04-30T12:18:21.978Z|0x6ff8|Start importing Assets/LunarConsole/Editor/iOS/Common/UI/LUWindow.h using Guid(0c005ec895a58447fb843508244c8406) Importer(2089858483,934ff659095e30574adcf32a4c2f97b5) (ScriptedImporter) -> (artifact id: '5e309c0892d0739173ccee4587f047b5') in 0.008477 seconds
2025-04-30T12:18:22.036Z|0x6ff8|Number of updated asset objects reloaded before import = 0Number of asset objects unloaded after import = 0

2025-04-30T12:18:22.036Z|0x6ff8|========================================================================
Received Import Request.
  Time since last request: 0.000028 seconds.
  path: Assets/LunarConsole/Editor/iOS/Common/Console/Log/LUConsoleLogTypeButton.m
  artifactKey: Guid(e479db4cd40204299bd27c222cb0978f) Importer(2089858483,934ff659095e30574adcf32a4c2f97b5)
2025-04-30T12:18:22.052Z|0x6ff8|Start importing Assets/LunarConsole/Editor/iOS/Common/Console/Log/LUConsoleLogTypeButton.m using Guid(e479db4cd40204299bd27c222cb0978f) Importer(2089858483,934ff659095e30574adcf32a4c2f97b5) (ScriptedImporter) -> (artifact id: '58811581f7b089f707c4b586af0b7d75') in 0.007991 seconds
2025-04-30T12:18:22.111Z|0x6ff8|Number of updated asset objects reloaded before import = 0Number of asset objects unloaded after import = 0

2025-04-30T12:18:22.111Z|0x6ff8|========================================================================
Received Import Request.
  Time since last request: 0.000023 seconds.
  path: Assets/Lean/Common/Examples/Prefabs/Canvas.prefab
  artifactKey: Guid(a17273a87cb5b81409ce39e4971ac6fc) Importer(2089858483,934ff659095e30574adcf32a4c2f97b5)
2025-04-30T12:18:22.128Z|0x6ff8|Start importing Assets/Lean/Common/Examples/Prefabs/Canvas.prefab using Guid(a17273a87cb5b81409ce39e4971ac6fc) Importer(2089858483,934ff659095e30574adcf32a4c2f97b5) (ScriptedImporter) -> (artifact id: '90a73cb0c333b38921b0983e801426eb') in 0.0089504 seconds
2025-04-30T12:18:22.185Z|0x6ff8|Number of updated asset objects reloaded before import = 0Number of asset objects unloaded after import = 4

2025-04-30T12:18:22.185Z|0x6ff8|========================================================================
Received Import Request.
  Time since last request: 0.000038 seconds.
  path: Assets/LunarConsole/Editor/iOS/Free/Controllers/Variables/LUCVar.m
  artifactKey: Guid(0a9a04807bb6347cda5764028e45e8db) Importer(2089858483,934ff659095e30574adcf32a4c2f97b5)
2025-04-30T12:18:22.208Z|0x6ff8|Start importing Assets/LunarConsole/Editor/iOS/Free/Controllers/Variables/LUCVar.m using Guid(0a9a04807bb6347cda5764028e45e8db) Importer(2089858483,934ff659095e30574adcf32a4c2f97b5) (ScriptedImporter) -> (artifact id: '404aa04f6b57550f0bba5ed23c626266') in 0.0100898 seconds
2025-04-30T12:18:22.266Z|0x6ff8|Number of updated asset objects reloaded before import = 0Number of asset objects unloaded after import = 0

2025-04-30T12:18:22.266Z|0x6ff8|========================================================================
Received Import Request.
  Time since last request: 0.000034 seconds.
  path: Assets/_Assets/Custome Assets/Egg game assets/level complete/HoldMYEgg Assets/Untitled-1 copy/Untitled-1 copy_00000.png
  artifactKey: Guid(680e9d35dfd91df4ba0b068df35fa1c8) Importer(2089858483,934ff659095e30574adcf32a4c2f97b5)
2025-04-30T12:18:22.284Z|0x6ff8|Start importing Assets/_Assets/Custome Assets/Egg game assets/level complete/HoldMYEgg Assets/Untitled-1 copy/Untitled-1 copy_00000.png using Guid(680e9d35dfd91df4ba0b068df35fa1c8) Importer(2089858483,934ff659095e30574adcf32a4c2f97b5) (ScriptedImporter) -> (artifact id: '3140d0d19d5901929baec3367e2bac79') in 0.0129631 seconds
2025-04-30T12:18:22.360Z|0x6ff8|Number of updated asset objects reloaded before import = 0Number of asset objects unloaded after import = 2

2025-04-30T12:18:22.360Z|0x6ff8|========================================================================
Received Import Request.
  Time since last request: 0.000032 seconds.
  path: Assets/LunarConsole/Editor/iOS/Common/Controllers/Warning/LUExceptionWarningController.xib
  artifactKey: Guid(5fd5c5bc0095649a385962675a241891) Importer(2089858483,934ff659095e30574adcf32a4c2f97b5)
2025-04-30T12:18:22.379Z|0x6ff8|Start importing Assets/LunarConsole/Editor/iOS/Common/Controllers/Warning/LUExceptionWarningController.xib using Guid(5fd5c5bc0095649a385962675a241891) Importer(2089858483,934ff659095e30574adcf32a4c2f97b5) (ScriptedImporter) -> (artifact id: 'b20ee7ace33b387dffef746d70cb8784') in 0.0152447 seconds
2025-04-30T12:18:22.446Z|0x6ff8|Number of updated asset objects reloaded before import = 0Number of asset objects unloaded after import = 0

2025-04-30T12:18:22.446Z|0x6ff8|========================================================================
Received Import Request.
  Time since last request: 0.000028 seconds.
  path: Assets/LunarConsole/Editor/iOS/Common/Console/Plugin/LUPluginSettings.h
  artifactKey: Guid(3e697c9fcd63c40d7b78216edeff4656) Importer(2089858483,934ff659095e30574adcf32a4c2f97b5)
2025-04-30T12:18:22.465Z|0x6ff8|Start importing Assets/LunarConsole/Editor/iOS/Common/Console/Plugin/LUPluginSettings.h using Guid(3e697c9fcd63c40d7b78216edeff4656) Importer(2089858483,934ff659095e30574adcf32a4c2f97b5) (ScriptedImporter) -> (artifact id: '406eb9e17bcb1b2a44d5385f7aba5305') in 0.0127762 seconds
2025-04-30T12:18:22.542Z|0x6ff8|Number of updated asset objects reloaded before import = 0Number of asset objects unloaded after import = 0

2025-04-30T12:18:22.542Z|0x6ff8|========================================================================
Received Import Request.
  Time since last request: 0.000037 seconds.
  path: Assets/LunarConsole/Editor/iOS/Common/Controllers/Warning/LUExceptionWarningController.h
  artifactKey: Guid(0ce9c679ca5b247ae893e16b25e57491) Importer(2089858483,934ff659095e30574adcf32a4c2f97b5)
2025-04-30T12:18:22.565Z|0x6ff8|Start importing Assets/LunarConsole/Editor/iOS/Common/Controllers/Warning/LUExceptionWarningController.h using Guid(0ce9c679ca5b247ae893e16b25e57491) Importer(2089858483,934ff659095e30574adcf32a4c2f97b5) (ScriptedImporter) -> (artifact id: 'a7c0f3f67ae2c62f68be96b9135d0e56') in 0.009957 seconds
2025-04-30T12:18:22.627Z|0x6ff8|Number of updated asset objects reloaded before import = 0Number of asset objects unloaded after import = 0

2025-04-30T12:18:22.627Z|0x6ff8|========================================================================
Received Import Request.
  Time since last request: 0.000046 seconds.
  path: Assets/LunarConsole/Editor/iOS/Common/Controllers/Warning/LUExceptionWarningController.m
  artifactKey: Guid(75b8f976b590842c7be6166b4af8ae12) Importer(2089858483,934ff659095e30574adcf32a4c2f97b5)
2025-04-30T12:18:22.645Z|0x6ff8|Start importing Assets/LunarConsole/Editor/iOS/Common/Controllers/Warning/LUExceptionWarningController.m using Guid(75b8f976b590842c7be6166b4af8ae12) Importer(2089858483,934ff659095e30574adcf32a4c2f97b5) (ScriptedImporter) -> (artifact id: 'f65d0a1de4757203e317847e17a7a33a') in 0.0082932 seconds
2025-04-30T12:18:22.704Z|0x6ff8|Number of updated asset objects reloaded before import = 0Number of asset objects unloaded after import = 0

2025-04-30T12:18:22.704Z|0x6ff8|========================================================================
Received Import Request.
  Time since last request: 0.000025 seconds.
  path: Assets/LunarConsole/Editor/iOS/Common/Controllers/Actions/LUActionController.xib
  artifactKey: Guid(2e7ce92455676450d8cbf8fbbed1387b) Importer(2089858483,934ff659095e30574adcf32a4c2f97b5)
2025-04-30T12:18:22.727Z|0x6ff8|Start importing Assets/LunarConsole/Editor/iOS/Common/Controllers/Actions/LUActionController.xib using Guid(2e7ce92455676450d8cbf8fbbed1387b) Importer(2089858483,934ff659095e30574adcf32a4c2f97b5) (ScriptedImporter) -> (artifact id: '81a39daa374aa7d45b3effd0ec49e952') in 0.0080424 seconds
2025-04-30T12:18:22.779Z|0x6ff8|Number of updated asset objects reloaded before import = 0Number of asset objects unloaded after import = 0

2025-04-30T12:18:22.779Z|0x6ff8|========================================================================
Received Import Request.
  Time since last request: 0.000030 seconds.
  path: Assets/LunarConsole/Editor/iOS/Common/Console/Log/LUConsoleLogEntryLookupTable.h
  artifactKey: Guid(583210f53145948269f757d410edd696) Importer(2089858483,934ff659095e30574adcf32a4c2f97b5)
2025-04-30T12:18:22.796Z|0x6ff8|Start importing Assets/LunarConsole/Editor/iOS/Common/Console/Log/LUConsoleLogEntryLookupTable.h using Guid(583210f53145948269f757d410edd696) Importer(2089858483,934ff659095e30574adcf32a4c2f97b5) (ScriptedImporter) -> (artifact id: 'c52ba60933ead2ba8b44ac5a25dd3e15') in 0.0093718 seconds
2025-04-30T12:18:22.854Z|0x6ff8|Number of updated asset objects reloaded before import = 0Number of asset objects unloaded after import = 0

2025-04-30T12:18:22.854Z|0x6ff8|========================================================================
Received Import Request.
  Time since last request: 0.000032 seconds.
  path: Assets/_Assets/Custome Assets/Egg game assets/shop/shop screen.jpg
  artifactKey: Guid(cd1fb755bdd5ebb4a989611c1ddebd9d) Importer(2089858483,934ff659095e30574adcf32a4c2f97b5)
2025-04-30T12:18:22.870Z|0x6ff8|Start importing Assets/_Assets/Custome Assets/Egg game assets/shop/shop screen.jpg using Guid(cd1fb755bdd5ebb4a989611c1ddebd9d) Importer(2089858483,934ff659095e30574adcf32a4c2f97b5) (ScriptedImporter) -> (artifact id: '03a49126dc42b379403af9d227964661') in 0.0122561 seconds
2025-04-30T12:18:22.931Z|0x6ff8|Number of updated asset objects reloaded before import = 0Number of asset objects unloaded after import = 2

2025-04-30T12:18:22.931Z|0x6ff8|========================================================================
Received Import Request.
  Time since last request: 0.000042 seconds.
  path: Assets/_Assets/Custome Assets/HoldMyEgg-Complete/Main Menu/cloud_2.PNG
  artifactKey: Guid(49eb036b9e3f37042a100d6b83109867) Importer(2089858483,934ff659095e30574adcf32a4c2f97b5)
2025-04-30T12:18:22.951Z|0x6ff8|Start importing Assets/_Assets/Custome Assets/HoldMyEgg-Complete/Main Menu/cloud_2.PNG using Guid(49eb036b9e3f37042a100d6b83109867) Importer(2089858483,934ff659095e30574adcf32a4c2f97b5) (ScriptedImporter) -> (artifact id: 'd7c7d225de32fe76e582c6adc8008911') in 0.0112375 seconds
2025-04-30T12:18:23.012Z|0x6ff8|Number of updated asset objects reloaded before import = 0Number of asset objects unloaded after import = 2

2025-04-30T12:18:23.012Z|0x6ff8|========================================================================
Received Import Request.
  Time since last request: 0.000023 seconds.
  path: Assets/_Assets/Custome Assets/Egg game assets/shop/popups.PNG
  artifactKey: Guid(3fa189862c03c39478a26e176b801f3a) Importer(2089858483,934ff659095e30574adcf32a4c2f97b5)
2025-04-30T12:18:23.035Z|0x6ff8|Start importing Assets/_Assets/Custome Assets/Egg game assets/shop/popups.PNG using Guid(3fa189862c03c39478a26e176b801f3a) Importer(2089858483,934ff659095e30574adcf32a4c2f97b5) (ScriptedImporter) -> (artifact id: 'a054758d27e62bef258d5478735853ce') in 0.0132518 seconds
2025-04-30T12:18:23.107Z|0x6ff8|Number of updated asset objects reloaded before import = 0Number of asset objects unloaded after import = 2

2025-04-30T12:18:23.107Z|0x6ff8|========================================================================
Received Import Request.
  Time since last request: 0.000047 seconds.
  path: Assets/_Assets/Prefab/Bowls Prefabs/Bowls With Coins/pf_Blue Patrolling Bowls with coins.prefab
  artifactKey: Guid(94c3a6d3a3d41414da39fe6e19438713) Importer(2089858483,934ff659095e30574adcf32a4c2f97b5)
2025-04-30T12:18:23.126Z|0x6ff8|Start importing Assets/_Assets/Prefab/Bowls Prefabs/Bowls With Coins/pf_Blue Patrolling Bowls with coins.prefab using Guid(94c3a6d3a3d41414da39fe6e19438713) Importer(2089858483,934ff659095e30574adcf32a4c2f97b5) (ScriptedImporter) -> (artifact id: 'ca20d0e352277828630c97bdba252ee8') in 0.0135865 seconds
2025-04-30T12:18:23.186Z|0x6ff8|Number of updated asset objects reloaded before import = 0Number of asset objects unloaded after import = 34

2025-04-30T12:18:23.186Z|0x6ff8|========================================================================
Received Import Request.
  Time since last request: 0.000032 seconds.
  path: Assets/_Assets/Fonts/Poppins/poppins/Poppins-ExtraBoldItalic.otf
  artifactKey: Guid(5aae251674e9cb14f955af72268412fe) Importer(2089858483,934ff659095e30574adcf32a4c2f97b5)
2025-04-30T12:18:23.208Z|0x6ff8|Start importing Assets/_Assets/Fonts/Poppins/poppins/Poppins-ExtraBoldItalic.otf using Guid(5aae251674e9cb14f955af72268412fe) Importer(2089858483,934ff659095e30574adcf32a4c2f97b5) (ScriptedImporter) -> (artifact id: '743b1980e264a3dcdfa3a3f8e214b033') in 0.0124761 seconds
2025-04-30T12:18:23.265Z|0x6ff8|Number of updated asset objects reloaded before import = 0Number of asset objects unloaded after import = 3

2025-04-30T12:18:23.265Z|0x6ff8|========================================================================
Received Import Request.
  Time since last request: 0.000042 seconds.
  path: Assets/Lean/Localization/Examples/Media/Good Morning.prefab
  artifactKey: Guid(ec2b7e65f34f0794aa02d10ddc95a670) Importer(2089858483,934ff659095e30574adcf32a4c2f97b5)
2025-04-30T12:18:23.283Z|0x6ff8|Start importing Assets/Lean/Localization/Examples/Media/Good Morning.prefab using Guid(ec2b7e65f34f0794aa02d10ddc95a670) Importer(2089858483,934ff659095e30574adcf32a4c2f97b5) (ScriptedImporter) -> (artifact id: '141132eac1efe724f9af5afad438d14d') in 0.0128577 seconds
2025-04-30T12:18:23.346Z|0x6ff8|Number of updated asset objects reloaded before import = 0Number of asset objects unloaded after import = 5

2025-04-30T12:18:23.346Z|0x6ff8|========================================================================
Received Import Request.
  Time since last request: 0.000028 seconds.
  path: Assets/Lean/Common/Examples/Prefabs/Label.prefab
  artifactKey: Guid(b06e85cdb86ff204aa4c8e276668b4c4) Importer(2089858483,934ff659095e30574adcf32a4c2f97b5)
2025-04-30T12:18:23.363Z|0x6ff8|Start importing Assets/Lean/Common/Examples/Prefabs/Label.prefab using Guid(b06e85cdb86ff204aa4c8e276668b4c4) Importer(2089858483,934ff659095e30574adcf32a4c2f97b5) (ScriptedImporter) -> (artifact id: '74fe6f2eb1c093270245bb39509a9ae4') in 0.0406939 seconds
2025-04-30T12:18:23.451Z|0x6ff8|Number of updated asset objects reloaded before import = 0Number of asset objects unloaded after import = 11

2025-04-30T12:18:23.451Z|0x6ff8|========================================================================
Received Import Request.
  Time since last request: 0.000026 seconds.
  path: Assets/Plugins/Pixelplacement/iTween/Sample/RotateSample.cs
  artifactKey: Guid(d6bc01eb564f142a1ada6ced5215636a) Importer(2089858483,934ff659095e30574adcf32a4c2f97b5)
2025-04-30T12:18:23.466Z|0x6ff8|Start importing Assets/Plugins/Pixelplacement/iTween/Sample/RotateSample.cs using Guid(d6bc01eb564f142a1ada6ced5215636a) Importer(2089858483,934ff659095e30574adcf32a4c2f97b5) (ScriptedImporter) -> (artifact id: 'f68f8d84e4328fb79cbeb9ea8ded1065') in 0.0073045 seconds
2025-04-30T12:18:23.521Z|0x6ff8|Number of updated asset objects reloaded before import = 0Number of asset objects unloaded after import = 0

2025-04-30T12:18:23.521Z|0x6ff8|========================================================================
Received Import Request.
  Time since last request: 0.000030 seconds.
  path: Assets/_Assets/Fonts/Custom Tmpro/Custome Assets for Poppins/Poppins-Bold SDF.asset
  artifactKey: Guid(fb3af38f31486044bb416240f3c1b280) Importer(2089858483,934ff659095e30574adcf32a4c2f97b5)
2025-04-30T12:18:23.544Z|0x6ff8|Start importing Assets/_Assets/Fonts/Custom Tmpro/Custome Assets for Poppins/Poppins-Bold SDF.asset using Guid(fb3af38f31486044bb416240f3c1b280) Importer(2089858483,934ff659095e30574adcf32a4c2f97b5) (ScriptedImporter) -> (artifact id: '7c302b18f5717a48514bec6ac8f5bcf0') in 0.0196692 seconds
2025-04-30T12:18:23.617Z|0x6ff8|Number of updated asset objects reloaded before import = 0Number of asset objects unloaded after import = 3

2025-04-30T12:18:23.617Z|0x6ff8|========================================================================
Received Import Request.
  Time since last request: 0.000043 seconds.
  path: Assets/_Assets/Custome Assets/HoldMyEgg-Complete/Main Menu/filler_2.PNG
  artifactKey: Guid(6e5466b8c2d974b42a858da22ede3d4d) Importer(2089858483,934ff659095e30574adcf32a4c2f97b5)
2025-04-30T12:18:23.634Z|0x6ff8|Start importing Assets/_Assets/Custome Assets/HoldMyEgg-Complete/Main Menu/filler_2.PNG using Guid(6e5466b8c2d974b42a858da22ede3d4d) Importer(2089858483,934ff659095e30574adcf32a4c2f97b5) (ScriptedImporter) -> (artifact id: '38dcde86c2d39834e58fcbb09655697b') in 0.0103686 seconds
2025-04-30T12:18:23.684Z|0x6ff8|Number of updated asset objects reloaded before import = 0Number of asset objects unloaded after import = 2

2025-04-30T12:18:25.700Z|0x6ff8|========================================================================
Received Import Request.
  Time since last request: 2.015994 seconds.
  path: Assets/_Assets/Scripts/Play Games Scripts
  artifactKey: Guid(c316dfc924f9cce4ab1ddcf10541ad54) Importer(815301076,1909f56bfc062723c751e8b465ee728b)
2025-04-30T12:18:25.715Z|0x6ff8|Start importing Assets/_Assets/Scripts/Play Games Scripts using Guid(c316dfc924f9cce4ab1ddcf10541ad54) Importer(815301076,1909f56bfc062723c751e8b465ee728b) (PreviewImporter) -> (artifact id: '4148f735320b8e8c3c212fd649510ba3') in 0.0024087 seconds
2025-04-30T12:18:25.752Z|0x6ff8|Number of updated asset objects reloaded before import = 0Number of asset objects unloaded after import = 0

2025-04-30T12:18:27.448Z|0x6ff8|========================================================================
2025-04-30T12:18:27.448Z|0x6ff8|Received Prepare
2025-04-30T12:18:28.577Z|0x6ff8|Refreshing native plugins compatible for Editor in 114.31 ms, found 3 plugins.
2025-04-30T12:18:28.577Z|0x6ff8|Preloading 0 native plugins for Editor in 0.00 ms.
2025-04-30T12:18:28.577Z|0x8964|Unloading 13 Unused Serialized files (Serialized files now loaded: 0)
2025-04-30T12:18:28.605Z|0x6ff8|Unloading 5567 unused Assets / (5.7 MB). Loaded Objects now: 6279.
Memory consumption went from 137.7 MB to 132.1 MB.
2025-04-30T12:18:28.605Z|0x6ff8|Total: 27.668700 ms (FindLiveObjects: 0.732700 ms CreateObjectMapping: 0.924600 ms MarkObjects: 20.857400 ms  DeleteObjects: 5.151800 ms)

2025-04-30T12:18:28.606Z|0x6ff8|Prepare: number of updated asset objects reloaded= 0
2025-04-30T12:20:24.845Z|0x6ff8|========================================================================
2025-04-30T12:20:24.845Z|0x6ff8|Received Prepare
2025-04-30T12:20:25.022Z|0x6ff8|Begin MonoManager ReloadAssembly
Symbol file LoadedFromMemory is not a mono symbol file
2025-04-30T12:20:26.051Z|0x6ff8|- Loaded All Assemblies, in  1.029 seconds
2025-04-30T12:20:26.338Z|0x6ff8|Refreshing native plugins compatible for Editor in 24.01 ms, found 3 plugins.
2025-04-30T12:20:26.512Z|0x6ff8|Native extension for iOS target not found
2025-04-30T12:20:26.521Z|0x6ff8|Native extension for Android target not found
2025-04-30T12:20:26.524Z|0x6ff8|Native extension for WindowsStandalone target not found
2025-04-30T12:20:26.524Z|0x6ff8|Native extension for WebGL target not found
2025-04-30T12:20:27.138Z|0x6ff8|Mono: successfully reloaded assembly
2025-04-30T12:20:27.158Z|0x6ff8|- Finished resetting the current domain, in  0.785 seconds
2025-04-30T12:20:27.158Z|0x6ff8|Domain Reload Profiling: 1810ms
	BeginReloadAssembly (309ms)
		ExecutionOrderSort (0ms)
		DisableScriptedObjects (25ms)
		BackupInstance (0ms)
		ReleaseScriptingObjects (0ms)
		CreateAndSetChildDomain (114ms)
	RebuildCommonClasses (39ms)
	RebuildNativeTypeToScriptingClass (12ms)
	initialDomainReloadingComplete (29ms)
	LoadAllAssembliesAndSetupDomain (636ms)
		LoadAssemblies (517ms)
		RebuildTransferFunctionScriptingTraits (0ms)
		AnalyzeDomain (233ms)
			TypeCache.Refresh (100ms)
				TypeCache.ScanAssembly (81ms)
			BuildScriptInfoCaches (116ms)
			ResolveRequiredComponents (11ms)
	FinalizeReload (785ms)
		ReleaseScriptCaches (0ms)
		RebuildScriptCaches (0ms)
		SetupLoadedEditorAssemblies (618ms)
			LogAssemblyErrors (0ms)
			InitializePlatformSupportModulesInManaged (17ms)
			SetLoadedEditorAssemblies (6ms)
			BeforeProcessingInitializeOnLoad (111ms)
			ProcessInitializeOnLoadAttributes (328ms)
			ProcessInitializeOnLoadMethodAttributes (150ms)
			AfterProcessingInitializeOnLoad (6ms)
			EditorAssembliesLoaded (0ms)
		ExecutionOrderSort2 (0ms)
		AwakeInstancesAfterBackupRestoration (12ms)
2025-04-30T12:20:27.555Z|0x6ff8|Refreshing native plugins compatible for Editor in 54.66 ms, found 3 plugins.
2025-04-30T12:20:27.555Z|0x6ff8|Preloading 0 native plugins for Editor in 0.00 ms.
2025-04-30T12:20:27.557Z|0x7c9c|Unloading 14 Unused Serialized files (Serialized files now loaded: 0)
2025-04-30T12:20:27.578Z|0x6ff8|Unloading 5729 unused Assets / (5.5 MB). Loaded Objects now: 6282.
Memory consumption went from 143.7 MB to 138.2 MB.
2025-04-30T12:20:27.578Z|0x6ff8|Total: 20.710700 ms (FindLiveObjects: 0.665700 ms CreateObjectMapping: 0.745600 ms MarkObjects: 14.862800 ms  DeleteObjects: 4.434300 ms)

2025-04-30T12:20:27.578Z|0x6ff8|Prepare: number of updated asset objects reloaded= 0
2025-04-30T12:20:27.578Z|0x6ff8|========================================================================
Received Import Request.
  Time since last request: 121.826707 seconds.
  path: Assets/_Assets/Scripts/UI Scripts/UImanager.cs
  artifactKey: Guid(a3923229993593849bd88981cbf03db1) Importer(2089858483,934ff659095e30574adcf32a4c2f97b5)
2025-04-30T12:20:27.598Z|0x6ff8|Start importing Assets/_Assets/Scripts/UI Scripts/UImanager.cs using Guid(a3923229993593849bd88981cbf03db1) Importer(2089858483,934ff659095e30574adcf32a4c2f97b5) (ScriptedImporter) -> (artifact id: '68dcdd523f86b68054895170b4431c8c') in 0.2609452 seconds
2025-04-30T12:20:27.885Z|0x6ff8|Number of updated asset objects reloaded before import = 0Number of asset objects unloaded after import = 0

2025-04-30T12:20:27.885Z|0x6ff8|========================================================================
Received Import Request.
  Time since last request: 0.000021 seconds.
  path: Assets/_Assets/Scripts/Game Scripts/GameHandler.cs
  artifactKey: Guid(ffec0046bb5d1454fb23b724485e9fca) Importer(2089858483,934ff659095e30574adcf32a4c2f97b5)
2025-04-30T12:20:27.897Z|0x6ff8|Start importing Assets/_Assets/Scripts/Game Scripts/GameHandler.cs using Guid(ffec0046bb5d1454fb23b724485e9fca) Importer(2089858483,934ff659095e30574adcf32a4c2f97b5) (ScriptedImporter) -> (artifact id: '473803b9af7a46e86de17bbfe6f89c89') in 0.0041797 seconds
2025-04-30T12:20:27.926Z|0x6ff8|Number of updated asset objects reloaded before import = 0Number of asset objects unloaded after import = 0

2025-04-30T12:20:36.418Z|0x6ff8|========================================================================
Received Import Request.
  Time since last request: 8.491332 seconds.
  path: Assets/Scenes/Initial Scene/GPGS Sign In Scene.unity
  artifactKey: Guid(01cd2e303ee31a84ab4603a9c3a34e72) Importer(815301076,1909f56bfc062723c751e8b465ee728b)
2025-04-30T12:20:36.425Z|0x6ff8|Start importing Assets/Scenes/Initial Scene/GPGS Sign In Scene.unity using Guid(01cd2e303ee31a84ab4603a9c3a34e72) Importer(815301076,1909f56bfc062723c751e8b465ee728b) (PreviewImporter) -> (artifact id: '1e0a10193562a7c2dcf672beafaf333b') in 0.0008725 seconds
2025-04-30T12:20:36.445Z|0x6ff8|Number of updated asset objects reloaded before import = 0Number of asset objects unloaded after import = 0

2025-04-30T12:20:49.720Z|0x6ff8|========================================================================
Received Import Request.
  Time since last request: 13.274534 seconds.
  path: Assets/Scenes/Initial Scene/Init Scene.unity
  artifactKey: Guid(fc839d07ef818984690c27ce66af56fe) Importer(815301076,1909f56bfc062723c751e8b465ee728b)
2025-04-30T12:20:49.729Z|0x6ff8|Start importing Assets/Scenes/Initial Scene/Init Scene.unity using Guid(fc839d07ef818984690c27ce66af56fe) Importer(815301076,1909f56bfc062723c751e8b465ee728b) (PreviewImporter) -> (artifact id: '0dad614f991659e1d83f388a40791bb6') in 0.0010141 seconds
2025-04-30T12:20:49.748Z|0x6ff8|Number of updated asset objects reloaded before import = 0Number of asset objects unloaded after import = 0

2025-04-30T12:21:47.317Z|0x6ff8|========================================================================
Received Import Request.
  Time since last request: 57.569522 seconds.
  path: Assets/Settings/UniversalRenderPipelineAsset.asset
  artifactKey: Guid(7965cde2084cdcd4e85e849d84727f99) Importer(2089858483,934ff659095e30574adcf32a4c2f97b5)
2025-04-30T12:21:47.329Z|0x6ff8|Start importing Assets/Settings/UniversalRenderPipelineAsset.asset using Guid(7965cde2084cdcd4e85e849d84727f99) Importer(2089858483,934ff659095e30574adcf32a4c2f97b5) (ScriptedImporter) -> (artifact id: 'b55860ac880480acca74f473bc6eb7e7') in 0.0054044 seconds
2025-04-30T12:21:47.354Z|0x6ff8|Number of updated asset objects reloaded before import = 1Number of asset objects unloaded after import = 1

2025-04-30T12:23:38.499Z|0x6ff8|========================================================================
Received Import Request.
  Time since last request: 111.144550 seconds.
  path: Assets/Scenes/Initial Scene/GPGS Sign In Scene.unity
  artifactKey: Guid(01cd2e303ee31a84ab4603a9c3a34e72) Importer(2089858483,934ff659095e30574adcf32a4c2f97b5)
2025-04-30T12:23:38.507Z|0x6ff8|Start importing Assets/Scenes/Initial Scene/GPGS Sign In Scene.unity using Guid(01cd2e303ee31a84ab4603a9c3a34e72) Importer(2089858483,934ff659095e30574adcf32a4c2f97b5) (ScriptedImporter) -> (artifact id: 'a813c629deffa8f54e247bd16672b68b') in 0.0054684 seconds
2025-04-30T12:23:38.531Z|0x6ff8|Number of updated asset objects reloaded before import = 0Number of asset objects unloaded after import = 1

2025-04-30T12:23:40.079Z|0x6ff8|========================================================================
Received Import Request.
  Time since last request: 1.548144 seconds.
  path: Assets/Scenes/Initial Scene/Credit Screen.unity
  artifactKey: Guid(0e698b727552d8c4891c6730da59ae7e) Importer(815301076,1909f56bfc062723c751e8b465ee728b)
2025-04-30T12:23:40.087Z|0x6ff8|Start importing Assets/Scenes/Initial Scene/Credit Screen.unity using Guid(0e698b727552d8c4891c6730da59ae7e) Importer(815301076,1909f56bfc062723c751e8b465ee728b) (PreviewImporter) -> (artifact id: '22d28d1aceda677c0f36e911f78739ae') in 0.0006797 seconds
2025-04-30T12:23:40.105Z|0x6ff8|Number of updated asset objects reloaded before import = 0Number of asset objects unloaded after import = 0

2025-04-30T12:23:40.743Z|0x6ff8|========================================================================
Received Import Request.
  Time since last request: 0.638124 seconds.
  path: Assets/Scenes/Initial Scene/GPGS Sign In Scene.unity
  artifactKey: Guid(01cd2e303ee31a84ab4603a9c3a34e72) Importer(815301076,1909f56bfc062723c751e8b465ee728b)
2025-04-30T12:23:40.751Z|0x6ff8|Start importing Assets/Scenes/Initial Scene/GPGS Sign In Scene.unity using Guid(01cd2e303ee31a84ab4603a9c3a34e72) Importer(815301076,1909f56bfc062723c751e8b465ee728b) (PreviewImporter) -> (artifact id: 'b13121d54bed4643d5c824f27b74a401') in 0.0006556 seconds
2025-04-30T12:23:40.767Z|0x6ff8|Number of updated asset objects reloaded before import = 0Number of asset objects unloaded after import = 0

2025-04-30T12:23:55.157Z|0x6ff8|========================================================================
Received Import Request.
  Time since last request: 14.388341 seconds.
  path: Assets/TextMesh Pro/Resources/Fonts & Materials/LiberationSans SDF - Drop Shadow.mat
  artifactKey: Guid(e73a58f6e2794ae7b1b7e50b7fb811b0) Importer(2089858483,934ff659095e30574adcf32a4c2f97b5)
2025-04-30T12:23:55.180Z|0x6ff8|Start importing Assets/TextMesh Pro/Resources/Fonts & Materials/LiberationSans SDF - Drop Shadow.mat using Guid(e73a58f6e2794ae7b1b7e50b7fb811b0) Importer(2089858483,934ff659095e30574adcf32a4c2f97b5) (ScriptedImporter) -> (artifact id: '6f1d16572808ea8a3e719afafbdbf4a6') in 0.010312 seconds
2025-04-30T12:23:55.209Z|0x6ff8|Number of updated asset objects reloaded before import = 13Number of asset objects unloaded after import = 1

2025-04-30T12:23:55.209Z|0x6ff8|========================================================================
Received Import Request.
  Time since last request: 0.000021 seconds.
  path: Assets/TextMesh Pro/Shaders/TMPro_Surface.cginc
  artifactKey: Guid(d930090c0cd643c7b55f19a38538c162) Importer(2089858483,934ff659095e30574adcf32a4c2f97b5)
2025-04-30T12:23:55.217Z|0x6ff8|Start importing Assets/TextMesh Pro/Shaders/TMPro_Surface.cginc using Guid(d930090c0cd643c7b55f19a38538c162) Importer(2089858483,934ff659095e30574adcf32a4c2f97b5) (ScriptedImporter) -> (artifact id: '06d0cf82e55793b827bdde0c491b1791') in 0.0044733 seconds
2025-04-30T12:23:55.251Z|0x6ff8|Number of updated asset objects reloaded before import = 0Number of asset objects unloaded after import = 1

2025-04-30T12:23:55.251Z|0x6ff8|========================================================================
Received Import Request.
  Time since last request: 0.000042 seconds.
  path: Assets/TextMesh Pro/Shaders
  artifactKey: Guid(e9f693669af91aa45ad615fc681ed29f) Importer(2089858483,934ff659095e30574adcf32a4c2f97b5)
2025-04-30T12:23:55.265Z|0x6ff8|Start importing Assets/TextMesh Pro/Shaders using Guid(e9f693669af91aa45ad615fc681ed29f) Importer(2089858483,934ff659095e30574adcf32a4c2f97b5) (ScriptedImporter) -> (artifact id: '0a516535470116963fc5a3191223682a') in 0.0044259 seconds
2025-04-30T12:23:55.303Z|0x6ff8|Number of updated asset objects reloaded before import = 0Number of asset objects unloaded after import = 1

2025-04-30T12:23:55.303Z|0x6ff8|========================================================================
Received Import Request.
  Time since last request: 0.000028 seconds.
  path: Assets/TextMesh Pro/Shaders/TMP_SDF-URP Lit.shadergraph
  artifactKey: Guid(a3d800b099a06e0478fb790c5e79057a) Importer(2089858483,934ff659095e30574adcf32a4c2f97b5)
2025-04-30T12:23:55.316Z|0x6ff8|Start importing Assets/TextMesh Pro/Shaders/TMP_SDF-URP Lit.shadergraph using Guid(a3d800b099a06e0478fb790c5e79057a) Importer(2089858483,934ff659095e30574adcf32a4c2f97b5) (ScriptedImporter) -> (artifact id: '7d8bb19a60ee1a0b871c3048094de3bb') in 0.0108409 seconds
2025-04-30T12:23:55.348Z|0x6ff8|Number of updated asset objects reloaded before import = 0Number of asset objects unloaded after import = 3

2025-04-30T12:23:55.350Z|0x6ff8|========================================================================
Received Import Request.
  Time since last request: 0.000018 seconds.
  path: Assets/TextMesh Pro/Resources/Fonts & Materials/LiberationSans SDF - Fallback.asset
  artifactKey: Guid(2e498d1c8094910479dc3e1b768306a4) Importer(2089858483,934ff659095e30574adcf32a4c2f97b5)
2025-04-30T12:23:55.361Z|0x6ff8|Start importing Assets/TextMesh Pro/Resources/Fonts & Materials/LiberationSans SDF - Fallback.asset using Guid(2e498d1c8094910479dc3e1b768306a4) Importer(2089858483,934ff659095e30574adcf32a4c2f97b5) (ScriptedImporter) -> (artifact id: '0dc7acad13ed3ee2e4cde599a9f33b5b') in 0.0217536 seconds
2025-04-30T12:23:55.407Z|0x6ff8|Number of updated asset objects reloaded before import = 0Number of asset objects unloaded after import = 5

2025-04-30T12:23:55.408Z|0x6ff8|========================================================================
Received Import Request.
  Time since last request: 0.000019 seconds.
  path: Assets/TextMesh Pro/Resources/Fonts & Materials/LiberationSans SDF - Outline.mat
  artifactKey: Guid(79459efec17a4d00a321bdcc27bbc385) Importer(2089858483,934ff659095e30574adcf32a4c2f97b5)
2025-04-30T12:23:55.419Z|0x6ff8|Start importing Assets/TextMesh Pro/Resources/Fonts & Materials/LiberationSans SDF - Outline.mat using Guid(79459efec17a4d00a321bdcc27bbc385) Importer(2089858483,934ff659095e30574adcf32a4c2f97b5) (ScriptedImporter) -> (artifact id: '7e8bcd8fe391af61cbb17c72037c0e3f') in 0.0041156 seconds
2025-04-30T12:23:55.443Z|0x6ff8|Number of updated asset objects reloaded before import = 0Number of asset objects unloaded after import = 1

2025-04-30T12:23:55.443Z|0x6ff8|========================================================================
Received Import Request.
  Time since last request: 0.000017 seconds.
  path: Assets/TextMesh Pro/Resources
  artifactKey: Guid(243e06394e614e5d99fab26083b707fa) Importer(2089858483,934ff659095e30574adcf32a4c2f97b5)
2025-04-30T12:23:55.465Z|0x6ff8|Start importing Assets/TextMesh Pro/Resources using Guid(243e06394e614e5d99fab26083b707fa) Importer(2089858483,934ff659095e30574adcf32a4c2f97b5) (ScriptedImporter) -> (artifact id: 'eeb7f4014cd2163fa1881be3bead6779') in 0.0055634 seconds
2025-04-30T12:23:55.514Z|0x6ff8|Number of updated asset objects reloaded before import = 0Number of asset objects unloaded after import = 1

2025-04-30T12:23:55.514Z|0x6ff8|========================================================================
Received Import Request.
  Time since last request: 0.000022 seconds.
  path: Assets/TextMesh Pro/Shaders/TMP_Bitmap.shader
  artifactKey: Guid(128e987d567d4e2c824d754223b3f3b0) Importer(2089858483,934ff659095e30574adcf32a4c2f97b5)
2025-04-30T12:23:55.527Z|0x6ff8|Start importing Assets/TextMesh Pro/Shaders/TMP_Bitmap.shader using Guid(128e987d567d4e2c824d754223b3f3b0) Importer(2089858483,934ff659095e30574adcf32a4c2f97b5) (ScriptedImporter) -> (artifact id: '09ca1d3bc5f4b279d68c96852bbe7251') in 0.005033 seconds
2025-04-30T12:23:55.561Z|0x6ff8|Number of updated asset objects reloaded before import = 0Number of asset objects unloaded after import = 1

2025-04-30T12:23:55.561Z|0x6ff8|========================================================================
Received Import Request.
  Time since last request: 0.000030 seconds.
  path: Assets/TextMesh Pro/Shaders/TMP_Bitmap-Custom-Atlas.shader
  artifactKey: Guid(48bb5f55d8670e349b6e614913f9d910) Importer(2089858483,934ff659095e30574adcf32a4c2f97b5)
2025-04-30T12:23:55.571Z|0x6ff8|Start importing Assets/TextMesh Pro/Shaders/TMP_Bitmap-Custom-Atlas.shader using Guid(48bb5f55d8670e349b6e614913f9d910) Importer(2089858483,934ff659095e30574adcf32a4c2f97b5) (ScriptedImporter) -> (artifact id: '1fa072d374732372f3eafa29780b36ea') in 0.0048947 seconds
2025-04-30T12:23:55.600Z|0x6ff8|Number of updated asset objects reloaded before import = 0Number of asset objects unloaded after import = 1

2025-04-30T12:23:55.600Z|0x6ff8|========================================================================
Received Import Request.
  Time since last request: 0.000024 seconds.
  path: Assets/TextMesh Pro/Shaders/TMP_SDF-Surface.shader
  artifactKey: Guid(f7ada0af4f174f0694ca6a487b8f543d) Importer(2089858483,934ff659095e30574adcf32a4c2f97b5)
2025-04-30T12:23:55.611Z|0x6ff8|Start importing Assets/TextMesh Pro/Shaders/TMP_SDF-Surface.shader using Guid(f7ada0af4f174f0694ca6a487b8f543d) Importer(2089858483,934ff659095e30574adcf32a4c2f97b5) (ScriptedImporter) -> (artifact id: '6cd55a7b535810e2f49595a8ea951668') in 0.0039956 seconds
2025-04-30T12:23:55.644Z|0x6ff8|Number of updated asset objects reloaded before import = 0Number of asset objects unloaded after import = 1

2025-04-30T12:23:55.644Z|0x6ff8|========================================================================
Received Import Request.
  Time since last request: 0.000026 seconds.
  path: Assets/TextMesh Pro/Shaders/TMP_SDF-URP Unlit.shadergraph
  artifactKey: Guid(124c112a6e8f1a54e8b0870e881b56d8) Importer(2089858483,934ff659095e30574adcf32a4c2f97b5)
2025-04-30T12:23:55.657Z|0x6ff8|Start importing Assets/TextMesh Pro/Shaders/TMP_SDF-URP Unlit.shadergraph using Guid(124c112a6e8f1a54e8b0870e881b56d8) Importer(2089858483,934ff659095e30574adcf32a4c2f97b5) (ScriptedImporter) -> (artifact id: 'c8bbc8ebd5289265bb5d12fb53834a90') in 0.0074902 seconds
2025-04-30T12:23:55.693Z|0x6ff8|Number of updated asset objects reloaded before import = 0Number of asset objects unloaded after import = 3

2025-04-30T12:23:55.693Z|0x6ff8|========================================================================
Received Import Request.
  Time since last request: 0.000021 seconds.
  path: Assets/TextMesh Pro/Shaders/SDFFunctions.hlsl
  artifactKey: Guid(96de908384869cd409c75efa351d5edf) Importer(2089858483,934ff659095e30574adcf32a4c2f97b5)
2025-04-30T12:23:55.706Z|0x6ff8|Start importing Assets/TextMesh Pro/Shaders/SDFFunctions.hlsl using Guid(96de908384869cd409c75efa351d5edf) Importer(2089858483,934ff659095e30574adcf32a4c2f97b5) (ScriptedImporter) -> (artifact id: 'a5de9a48c3aaac3f37667abd47d064b9') in 0.0036941 seconds
2025-04-30T12:23:55.729Z|0x6ff8|Number of updated asset objects reloaded before import = 0Number of asset objects unloaded after import = 1

2025-04-30T12:23:55.730Z|0x6ff8|========================================================================
Received Import Request.
  Time since last request: 0.000018 seconds.
  path: Assets/TextMesh Pro/Shaders/TMP_SDF-Mobile-2-Pass.shader
  artifactKey: Guid(0178fcb869bafef4690d177d31d17db8) Importer(2089858483,934ff659095e30574adcf32a4c2f97b5)
2025-04-30T12:23:55.740Z|0x6ff8|Start importing Assets/TextMesh Pro/Shaders/TMP_SDF-Mobile-2-Pass.shader using Guid(0178fcb869bafef4690d177d31d17db8) Importer(2089858483,934ff659095e30574adcf32a4c2f97b5) (ScriptedImporter) -> (artifact id: '89dfa44aa97d0dc2721ead0d0225991d') in 0.0043395 seconds
2025-04-30T12:23:55.761Z|0x6ff8|Number of updated asset objects reloaded before import = 0Number of asset objects unloaded after import = 1

2025-04-30T12:23:55.761Z|0x6ff8|========================================================================
Received Import Request.
  Time since last request: 0.000016 seconds.
  path: Assets/TextMesh Pro/Resources/Fonts & Materials
  artifactKey: Guid(731f1baa9d144a9897cb1d341c2092b8) Importer(2089858483,934ff659095e30574adcf32a4c2f97b5)
2025-04-30T12:23:55.777Z|0x6ff8|Start importing Assets/TextMesh Pro/Resources/Fonts & Materials using Guid(731f1baa9d144a9897cb1d341c2092b8) Importer(2089858483,934ff659095e30574adcf32a4c2f97b5) (ScriptedImporter) -> (artifact id: '17c69cbcee6ebd08e74a9784cf6dc29a') in 0.005255 seconds
2025-04-30T12:23:55.810Z|0x6ff8|Number of updated asset objects reloaded before import = 0Number of asset objects unloaded after import = 1

2025-04-30T12:23:55.810Z|0x6ff8|========================================================================
Received Import Request.
  Time since last request: 0.000023 seconds.
  path: Assets/TextMesh Pro/Resources/TMP Settings.asset
  artifactKey: Guid(3f5b5dff67a942289a9defa416b206f3) Importer(2089858483,934ff659095e30574adcf32a4c2f97b5)
2025-04-30T12:23:55.820Z|0x6ff8|Start importing Assets/TextMesh Pro/Resources/TMP Settings.asset using Guid(3f5b5dff67a942289a9defa416b206f3) Importer(2089858483,934ff659095e30574adcf32a4c2f97b5) (ScriptedImporter) -> (artifact id: 'a7746c4bb1d6847536b96f4eded7feeb') in 0.0258393 seconds
2025-04-30T12:23:55.869Z|0x6ff8|Number of updated asset objects reloaded before import = 0Number of asset objects unloaded after import = 15

2025-04-30T12:23:55.869Z|0x6ff8|========================================================================
Received Import Request.
  Time since last request: 0.000030 seconds.
  path: Assets/TextMesh Pro/Shaders/TMP_SDF-HDRP UNLIT.shadergraph
  artifactKey: Guid(f63d574838ccfb44f84acc05fed0af48) Importer(2089858483,934ff659095e30574adcf32a4c2f97b5)
2025-04-30T12:23:55.880Z|0x6ff8|Start importing Assets/TextMesh Pro/Shaders/TMP_SDF-HDRP UNLIT.shadergraph using Guid(f63d574838ccfb44f84acc05fed0af48) Importer(2089858483,934ff659095e30574adcf32a4c2f97b5) (ScriptedImporter) -> (artifact id: '0d94b1eabd6f9a803711fa2263f0c078') in 0.0060657 seconds
2025-04-30T12:23:55.922Z|0x6ff8|Number of updated asset objects reloaded before import = 0Number of asset objects unloaded after import = 3

2025-04-30T12:23:55.922Z|0x6ff8|========================================================================
Received Import Request.
  Time since last request: 0.000021 seconds.
  path: Assets/TextMesh Pro/Resources/Style Sheets/Default Style Sheet.asset
  artifactKey: Guid(f952c082cb03451daed3ee968ac6c63e) Importer(2089858483,934ff659095e30574adcf32a4c2f97b5)
2025-04-30T12:23:55.935Z|0x6ff8|Start importing Assets/TextMesh Pro/Resources/Style Sheets/Default Style Sheet.asset using Guid(f952c082cb03451daed3ee968ac6c63e) Importer(2089858483,934ff659095e30574adcf32a4c2f97b5) (ScriptedImporter) -> (artifact id: '141938c57e5818352fe6ab578b61511a') in 0.0051205 seconds
2025-04-30T12:23:55.964Z|0x6ff8|Number of updated asset objects reloaded before import = 0Number of asset objects unloaded after import = 1

2025-04-30T12:23:55.964Z|0x6ff8|========================================================================
Received Import Request.
  Time since last request: 0.000024 seconds.
  path: Assets/TextMesh Pro/Shaders/TMP_SDF SSD.shader
  artifactKey: Guid(14eb328de4b8eb245bb7cea29e4ac00b) Importer(2089858483,934ff659095e30574adcf32a4c2f97b5)
2025-04-30T12:23:55.980Z|0x6ff8|Start importing Assets/TextMesh Pro/Shaders/TMP_SDF SSD.shader using Guid(14eb328de4b8eb245bb7cea29e4ac00b) Importer(2089858483,934ff659095e30574adcf32a4c2f97b5) (ScriptedImporter) -> (artifact id: '101a29fce8412beb5ffb5c03e2c44db3') in 0.0046614 seconds
2025-04-30T12:23:56.020Z|0x6ff8|Number of updated asset objects reloaded before import = 0Number of asset objects unloaded after import = 1

2025-04-30T12:23:56.020Z|0x6ff8|========================================================================
Received Import Request.
  Time since last request: 0.000022 seconds.
  path: Assets/TextMesh Pro/Shaders/TMP_SDF Overlay.shader
  artifactKey: Guid(dd89cf5b9246416f84610a006f916af7) Importer(2089858483,934ff659095e30574adcf32a4c2f97b5)
2025-04-30T12:23:56.035Z|0x6ff8|Start importing Assets/TextMesh Pro/Shaders/TMP_SDF Overlay.shader using Guid(dd89cf5b9246416f84610a006f916af7) Importer(2089858483,934ff659095e30574adcf32a4c2f97b5) (ScriptedImporter) -> (artifact id: 'cfe8f132caeb7414ea65522241a5daff') in 0.0034146 seconds
2025-04-30T12:23:56.067Z|0x6ff8|Number of updated asset objects reloaded before import = 0Number of asset objects unloaded after import = 1

2025-04-30T12:23:56.068Z|0x6ff8|========================================================================
Received Import Request.
  Time since last request: 0.000023 seconds.
  path: Assets/TextMesh Pro/Resources/Fonts & Materials/LiberationSans SDF.asset
  artifactKey: Guid(8f586378b4e144a9851e7b34d9b748ee) Importer(2089858483,934ff659095e30574adcf32a4c2f97b5)
2025-04-30T12:23:56.085Z|0x6ff8|Start importing Assets/TextMesh Pro/Resources/Fonts & Materials/LiberationSans SDF.asset using Guid(8f586378b4e144a9851e7b34d9b748ee) Importer(2089858483,934ff659095e30574adcf32a4c2f97b5) (ScriptedImporter) -> (artifact id: 'd6ee77dc8ae685a44a568d7c5588929b') in 0.0266694 seconds
2025-04-30T12:23:56.137Z|0x6ff8|Number of updated asset objects reloaded before import = 0Number of asset objects unloaded after import = 8

2025-04-30T12:24:13.851Z|0x6ff8|========================================================================
Received Import Request.
  Time since last request: 17.713577 seconds.
  path: Assets/Scenes/Initial Scene/GPGS Sign In Scene.unity
  artifactKey: Guid(01cd2e303ee31a84ab4603a9c3a34e72) Importer(2089858483,934ff659095e30574adcf32a4c2f97b5)
2025-04-30T12:24:13.860Z|0x6ff8|Start importing Assets/Scenes/Initial Scene/GPGS Sign In Scene.unity using Guid(01cd2e303ee31a84ab4603a9c3a34e72) Importer(2089858483,934ff659095e30574adcf32a4c2f97b5) (ScriptedImporter) -> (artifact id: 'a3150c66037237035e0d06a4f91ce531') in 0.007026 seconds
2025-04-30T12:24:13.889Z|0x6ff8|Number of updated asset objects reloaded before import = 0Number of asset objects unloaded after import = 1

2025-04-30T12:24:19.444Z|0x6ff8|========================================================================
Received Import Request.
  Time since last request: 5.555536 seconds.
  path: Assets/Scenes/Initial Scene/Init Scene.unity
  artifactKey: Guid(fc839d07ef818984690c27ce66af56fe) Importer(2089858483,934ff659095e30574adcf32a4c2f97b5)
2025-04-30T12:24:19.453Z|0x6ff8|Start importing Assets/Scenes/Initial Scene/Init Scene.unity using Guid(fc839d07ef818984690c27ce66af56fe) Importer(2089858483,934ff659095e30574adcf32a4c2f97b5) (ScriptedImporter) -> (artifact id: 'f24c55ef13ab4d0f0c1c050bf8414eb8') in 0.0030706 seconds
2025-04-30T12:24:19.475Z|0x6ff8|Number of updated asset objects reloaded before import = 0Number of asset objects unloaded after import = 1

2025-04-30T12:24:19.783Z|0x6ff8|========================================================================
Received Import Request.
  Time since last request: 0.307659 seconds.
  path: Assets/Scenes/Initial Scene/GPGS Sign In Scene.unity
  artifactKey: Guid(01cd2e303ee31a84ab4603a9c3a34e72) Importer(815301076,1909f56bfc062723c751e8b465ee728b)
2025-04-30T12:24:19.791Z|0x6ff8|Start importing Assets/Scenes/Initial Scene/GPGS Sign In Scene.unity using Guid(01cd2e303ee31a84ab4603a9c3a34e72) Importer(815301076,1909f56bfc062723c751e8b465ee728b) (PreviewImporter) -> (artifact id: '4386e98a87e549a73f909d646ad1e28e') in 0.000575 seconds
2025-04-30T12:24:19.808Z|0x6ff8|Number of updated asset objects reloaded before import = 0Number of asset objects unloaded after import = 0

2025-04-30T12:24:23.808Z|0x6ff8|========================================================================
Received Import Request.
  Time since last request: 3.999563 seconds.
  path: Assets/Scenes/Initial Scene/Init Scene.unity
  artifactKey: Guid(fc839d07ef818984690c27ce66af56fe) Importer(815301076,1909f56bfc062723c751e8b465ee728b)
2025-04-30T12:24:23.816Z|0x6ff8|Start importing Assets/Scenes/Initial Scene/Init Scene.unity using Guid(fc839d07ef818984690c27ce66af56fe) Importer(815301076,1909f56bfc062723c751e8b465ee728b) (PreviewImporter) -> (artifact id: '4283279f0609deefaac44041ec0c5792') in 0.000551 seconds
2025-04-30T12:24:23.832Z|0x6ff8|Number of updated asset objects reloaded before import = 0Number of asset objects unloaded after import = 0

2025-04-30T12:24:42.261Z|0x6ff8|========================================================================
Received Import Request.
  Time since last request: 18.429616 seconds.
  path: Assets/_Assets/Scriptable Objects/Level Data/Level 1.asset
  artifactKey: Guid(519dca5b6cabc754495370012f2a7d59) Importer(815301076,1909f56bfc062723c751e8b465ee728b)
2025-04-30T12:24:42.271Z|0x6ff8|Start importing Assets/_Assets/Scriptable Objects/Level Data/Level 1.asset using Guid(519dca5b6cabc754495370012f2a7d59) Importer(815301076,1909f56bfc062723c751e8b465ee728b) (PreviewImporter) -> (artifact id: 'd49d5fb14e02bbb6f01ad52c4f1414a7') in 0.0423887 seconds
2025-04-30T12:24:42.338Z|0x6ff8|Number of updated asset objects reloaded before import = 0Number of asset objects unloaded after import = 48

2025-04-30T12:24:42.338Z|0x6ff8|========================================================================
Received Import Request.
  Time since last request: 0.000019 seconds.
  path: Assets/_Assets/Scriptable Objects/Level Data/Level 23.asset
  artifactKey: Guid(e6aa471f9eacd724294e15a00740ef49) Importer(815301076,1909f56bfc062723c751e8b465ee728b)
2025-04-30T12:24:42.348Z|0x6ff8|Start importing Assets/_Assets/Scriptable Objects/Level Data/Level 23.asset using Guid(e6aa471f9eacd724294e15a00740ef49) Importer(815301076,1909f56bfc062723c751e8b465ee728b) (PreviewImporter) -> (artifact id: '6424cef670ef32b6b31d5d7d22ba331b') in 0.0219966 seconds
2025-04-30T12:24:42.394Z|0x6ff8|Number of updated asset objects reloaded before import = 0Number of asset objects unloaded after import = 312

2025-04-30T12:24:42.395Z|0x6ff8|========================================================================
Received Import Request.
  Time since last request: 0.000016 seconds.
  path: Assets/_Assets/Scriptable Objects/Level Data/Level 24.asset
  artifactKey: Guid(6c904423b5840694091149f41ebf1e70) Importer(815301076,1909f56bfc062723c751e8b465ee728b)
2025-04-30T12:24:42.404Z|0x6ff8|Start importing Assets/_Assets/Scriptable Objects/Level Data/Level 24.asset using Guid(6c904423b5840694091149f41ebf1e70) Importer(815301076,1909f56bfc062723c751e8b465ee728b) (PreviewImporter) -> (artifact id: '05117ed50741be8c01502b13b046de95') in 0.0122345 seconds
2025-04-30T12:24:42.439Z|0x6ff8|Number of updated asset objects reloaded before import = 0Number of asset objects unloaded after import = 312

2025-04-30T12:24:42.439Z|0x6ff8|========================================================================
Received Import Request.
  Time since last request: 0.000028 seconds.
  path: Assets/_Assets/Scriptable Objects/Level Data/Level 10.asset
  artifactKey: Guid(89510afa214116546a057448fc621400) Importer(815301076,1909f56bfc062723c751e8b465ee728b)
2025-04-30T12:24:42.449Z|0x6ff8|Start importing Assets/_Assets/Scriptable Objects/Level Data/Level 10.asset using Guid(89510afa214116546a057448fc621400) Importer(815301076,1909f56bfc062723c751e8b465ee728b) (PreviewImporter) -> (artifact id: 'fd1f0d0c2be7e5181b2f22822b529456') in 0.0124234 seconds
2025-04-30T12:24:42.482Z|0x6ff8|Number of updated asset objects reloaded before import = 0Number of asset objects unloaded after import = 266

2025-04-30T12:24:42.483Z|0x6ff8|========================================================================
Received Import Request.
  Time since last request: 0.000018 seconds.
  path: Assets/_Assets/Scriptable Objects/Level Data/Level 21.asset
  artifactKey: Guid(e96e9f4ea02d999488eb9dd85fc173f6) Importer(815301076,1909f56bfc062723c751e8b465ee728b)
2025-04-30T12:24:42.491Z|0x6ff8|Start importing Assets/_Assets/Scriptable Objects/Level Data/Level 21.asset using Guid(e96e9f4ea02d999488eb9dd85fc173f6) Importer(815301076,1909f56bfc062723c751e8b465ee728b) (PreviewImporter) -> (artifact id: '84a35389803251f93c52fef251c4eef9') in 0.0151 seconds
2025-04-30T12:24:42.524Z|0x6ff8|Number of updated asset objects reloaded before import = 0Number of asset objects unloaded after import = 312

2025-04-30T12:25:03.625Z|0x6ff8|========================================================================
Received Import Request.
  Time since last request: 21.100555 seconds.
  path: Assets/_Assets/Custome Assets/2-2.png
  artifactKey: Guid(8fef3d6ba28735b49a10c9fef302a5cc) Importer(815301076,1909f56bfc062723c751e8b465ee728b)
2025-04-30T12:25:03.636Z|0x6ff8|Start importing Assets/_Assets/Custome Assets/2-2.png using Guid(8fef3d6ba28735b49a10c9fef302a5cc) Importer(815301076,1909f56bfc062723c751e8b465ee728b) (PreviewImporter) -> (artifact id: '431beba7e85d21beb69bd468f46e484f') in 0.1041 seconds
2025-04-30T12:25:03.771Z|0x6ff8|Number of updated asset objects reloaded before import = 0Number of asset objects unloaded after import = 3

2025-04-30T12:25:03.774Z|0x6ff8|========================================================================
Received Import Request.
  Time since last request: 0.000027 seconds.
  path: Assets/_Assets/Custome Assets/HoldMyEgg-Complete/game over/btn_close.PNG
  artifactKey: Guid(00dde877c7b83dd4bb25d6e0b5912a5f) Importer(815301076,1909f56bfc062723c751e8b465ee728b)
2025-04-30T12:25:03.791Z|0x6ff8|Start importing Assets/_Assets/Custome Assets/HoldMyEgg-Complete/game over/btn_close.PNG using Guid(00dde877c7b83dd4bb25d6e0b5912a5f) Importer(815301076,1909f56bfc062723c751e8b465ee728b) (PreviewImporter) -> (artifact id: 'd9eb3a6c884b74e962f2ee7f2879e4c2') in 0.0130531 seconds
2025-04-30T12:25:03.827Z|0x6ff8|Number of updated asset objects reloaded before import = 0Number of asset objects unloaded after import = 3

2025-04-30T12:25:03.827Z|0x6ff8|========================================================================
Received Import Request.
  Time since last request: 0.000022 seconds.
  path: Assets/_Assets/Custome Assets/HoldMyEgg-Complete/Main Menu/cloud_4.PNG
  artifactKey: Guid(ad36fea39b2a6a046bb106426391c0a2) Importer(815301076,1909f56bfc062723c751e8b465ee728b)
2025-04-30T12:25:03.838Z|0x6ff8|Start importing Assets/_Assets/Custome Assets/HoldMyEgg-Complete/Main Menu/cloud_4.PNG using Guid(ad36fea39b2a6a046bb106426391c0a2) Importer(815301076,1909f56bfc062723c751e8b465ee728b) (PreviewImporter) -> (artifact id: '1b4fb9c7977b36dcfb0c9549ceabb09a') in 0.0122562 seconds
2025-04-30T12:25:03.874Z|0x6ff8|Number of updated asset objects reloaded before import = 0Number of asset objects unloaded after import = 3

2025-04-30T12:25:03.875Z|0x6ff8|========================================================================
Received Import Request.
  Time since last request: 0.000015 seconds.
  path: Assets/_Assets/Custome Assets/Egg game assets/shop/button.png
  artifactKey: Guid(b27b62745e07990459d763fcd074f9a8) Importer(815301076,1909f56bfc062723c751e8b465ee728b)
2025-04-30T12:25:03.885Z|0x6ff8|Start importing Assets/_Assets/Custome Assets/Egg game assets/shop/button.png using Guid(b27b62745e07990459d763fcd074f9a8) Importer(815301076,1909f56bfc062723c751e8b465ee728b) (PreviewImporter) -> (artifact id: '4ccc904e0fae65f8ad5204cc07cca1ae') in 0.0142078 seconds
2025-04-30T12:25:03.919Z|0x6ff8|Number of updated asset objects reloaded before import = 0Number of asset objects unloaded after import = 3

2025-04-30T12:25:06.597Z|0x6ff8|========================================================================
Received Import Request.
  Time since last request: 2.678248 seconds.
  path: Assets/_Assets/Custome Assets/HoldMyEgg-Complete/GamePlayAssets/cloud_bottom.PNG
  artifactKey: Guid(06e15af27017c5c4db5c66b010dadded) Importer(815301076,1909f56bfc062723c751e8b465ee728b)
2025-04-30T12:25:06.608Z|0x6ff8|Start importing Assets/_Assets/Custome Assets/HoldMyEgg-Complete/GamePlayAssets/cloud_bottom.PNG using Guid(06e15af27017c5c4db5c66b010dadded) Importer(815301076,1909f56bfc062723c751e8b465ee728b) (PreviewImporter) -> (artifact id: 'ffcf79b2b4c6d1e84b95a79e8bedf4ec') in 0.0151858 seconds
2025-04-30T12:25:06.650Z|0x6ff8|Number of updated asset objects reloaded before import = 0Number of asset objects unloaded after import = 3

2025-04-30T12:25:06.650Z|0x6ff8|========================================================================
Received Import Request.
  Time since last request: 0.000017 seconds.
  path: Assets/_Assets/Custome Assets/HoldMyEgg-Complete/Settings/icons.PNG
  artifactKey: Guid(33711cc7cbea81a4082f556e6d684193) Importer(815301076,1909f56bfc062723c751e8b465ee728b)
2025-04-30T12:25:06.661Z|0x6ff8|Start importing Assets/_Assets/Custome Assets/HoldMyEgg-Complete/Settings/icons.PNG using Guid(33711cc7cbea81a4082f556e6d684193) Importer(815301076,1909f56bfc062723c751e8b465ee728b) (PreviewImporter) -> (artifact id: '001649fe71a62dd455a27de13470a7d6') in 0.0228379 seconds
2025-04-30T12:25:06.708Z|0x6ff8|Number of updated asset objects reloaded before import = 0Number of asset objects unloaded after import = 5

2025-04-30T12:25:06.814Z|0x6ff8|========================================================================
Received Import Request.
  Time since last request: 0.105272 seconds.
  path: Assets/_Assets/Custome Assets/gameplay sprite/image_cloud.png
  artifactKey: Guid(5902eff6436631a47850ec4bcf49eee6) Importer(815301076,1909f56bfc062723c751e8b465ee728b)
2025-04-30T12:25:06.821Z|0x6ff8|Start importing Assets/_Assets/Custome Assets/gameplay sprite/image_cloud.png using Guid(5902eff6436631a47850ec4bcf49eee6) Importer(815301076,1909f56bfc062723c751e8b465ee728b) (PreviewImporter) -> (artifact id: '420afc422f24eb880f4f98519845eeb2') in 0.0152542 seconds
2025-04-30T12:25:06.856Z|0x6ff8|Number of updated asset objects reloaded before import = 0Number of asset objects unloaded after import = 3

2025-04-30T12:25:10.647Z|0x6ff8|========================================================================
Received Import Request.
  Time since last request: 3.790252 seconds.
  path: Assets/Lean/Localization/Examples/Media/Japanese Flag.png
  artifactKey: Guid(19a622a42d9260f4ea7cb39dae2415fc) Importer(815301076,1909f56bfc062723c751e8b465ee728b)
2025-04-30T12:25:10.655Z|0x6ff8|Start importing Assets/Lean/Localization/Examples/Media/Japanese Flag.png using Guid(19a622a42d9260f4ea7cb39dae2415fc) Importer(815301076,1909f56bfc062723c751e8b465ee728b) (PreviewImporter) -> (artifact id: '3fe43791bdf2dc7f176534651fbaf302') in 0.0142213 seconds
2025-04-30T12:25:10.693Z|0x6ff8|Number of updated asset objects reloaded before import = 0Number of asset objects unloaded after import = 3

2025-04-30T12:25:10.693Z|0x6ff8|========================================================================
Received Import Request.
  Time since last request: 0.000015 seconds.
  path: Assets/_Assets/Custome Assets/New Blue Egg.png
  artifactKey: Guid(c1ac396ff4ec86a4a95d41dc7a78961a) Importer(815301076,1909f56bfc062723c751e8b465ee728b)
2025-04-30T12:25:10.702Z|0x6ff8|Start importing Assets/_Assets/Custome Assets/New Blue Egg.png using Guid(c1ac396ff4ec86a4a95d41dc7a78961a) Importer(815301076,1909f56bfc062723c751e8b465ee728b) (PreviewImporter) -> (artifact id: '4b090612eb80cf31c165d2e7b56cb750') in 0.0119848 seconds
2025-04-30T12:25:10.737Z|0x6ff8|Number of updated asset objects reloaded before import = 0Number of asset objects unloaded after import = 3

2025-04-30T12:25:10.737Z|0x6ff8|========================================================================
Received Import Request.
  Time since last request: 0.000014 seconds.
  path: Assets/_Assets/Custome Assets/New Red Bowl Bottom.png
  artifactKey: Guid(08ace383465019a42afd8fd88bfc510e) Importer(815301076,1909f56bfc062723c751e8b465ee728b)
2025-04-30T12:25:10.746Z|0x6ff8|Start importing Assets/_Assets/Custome Assets/New Red Bowl Bottom.png using Guid(08ace383465019a42afd8fd88bfc510e) Importer(815301076,1909f56bfc062723c751e8b465ee728b) (PreviewImporter) -> (artifact id: '020533d2f92b880d24de245c167093ad') in 0.0114269 seconds
2025-04-30T12:25:10.771Z|0x6ff8|Number of updated asset objects reloaded before import = 0Number of asset objects unloaded after import = 3

2025-04-30T12:25:10.834Z|0x6ff8|========================================================================
Received Import Request.
  Time since last request: 0.063108 seconds.
  path: Assets/_Assets/Custome Assets/Egg game assets/level complete/HoldMYEgg Assets/Rectangle 559@3x.png
  artifactKey: Guid(4c7df8ef3e272c9418f08a267e670c51) Importer(815301076,1909f56bfc062723c751e8b465ee728b)
2025-04-30T12:25:10.841Z|0x6ff8|Start importing Assets/_Assets/Custome Assets/Egg game assets/level complete/HoldMYEgg Assets/Rectangle 559@3x.png using Guid(4c7df8ef3e272c9418f08a267e670c51) Importer(815301076,1909f56bfc062723c751e8b465ee728b) (PreviewImporter) -> (artifact id: 'c56e102595271986520832844d4ce377') in 0.0095839 seconds
2025-04-30T12:25:10.864Z|0x6ff8|Number of updated asset objects reloaded before import = 0Number of asset objects unloaded after import = 3

2025-04-30T12:25:10.864Z|0x6ff8|========================================================================
Received Import Request.
  Time since last request: 0.000012 seconds.
  path: Assets/Lean/Localization/Examples/Media/Spanish Flag.png
  artifactKey: Guid(4101ccb8f2386d14c843c54610af1778) Importer(815301076,1909f56bfc062723c751e8b465ee728b)
2025-04-30T12:25:10.875Z|0x6ff8|Start importing Assets/Lean/Localization/Examples/Media/Spanish Flag.png using Guid(4101ccb8f2386d14c843c54610af1778) Importer(815301076,1909f56bfc062723c751e8b465ee728b) (PreviewImporter) -> (artifact id: '68d178426889911a1aef2bade570a616') in 0.0141148 seconds
2025-04-30T12:25:10.912Z|0x6ff8|Number of updated asset objects reloaded before import = 0Number of asset objects unloaded after import = 3

2025-04-30T12:25:24.869Z|0x6ff8|========================================================================
Received Import Request.
  Time since last request: 13.956211 seconds.
  path: Assets/Scenes/Initial Scene/Init Scene.unity
  artifactKey: Guid(fc839d07ef818984690c27ce66af56fe) Importer(2089858483,934ff659095e30574adcf32a4c2f97b5)
2025-04-30T12:25:24.878Z|0x6ff8|Start importing Assets/Scenes/Initial Scene/Init Scene.unity using Guid(fc839d07ef818984690c27ce66af56fe) Importer(2089858483,934ff659095e30574adcf32a4c2f97b5) (ScriptedImporter) -> (artifact id: '38979c636b44f5ece397a41db512e589') in 0.0041526 seconds
2025-04-30T12:25:24.900Z|0x6ff8|Number of updated asset objects reloaded before import = 0Number of asset objects unloaded after import = 1

2025-04-30T12:25:36.715Z|0x6ff8|========================================================================
Received Import Request.
  Time since last request: 11.814871 seconds.
  path: Assets/Scenes/Initial Scene/Init Scene.unity
  artifactKey: Guid(fc839d07ef818984690c27ce66af56fe) Importer(2089858483,934ff659095e30574adcf32a4c2f97b5)
2025-04-30T12:25:36.723Z|0x6ff8|Start importing Assets/Scenes/Initial Scene/Init Scene.unity using Guid(fc839d07ef818984690c27ce66af56fe) Importer(2089858483,934ff659095e30574adcf32a4c2f97b5) (ScriptedImporter) -> (artifact id: 'f6682ad335b79ba93c8d4166938ddea5') in 0.0045812 seconds
2025-04-30T12:25:36.745Z|0x6ff8|Number of updated asset objects reloaded before import = 0Number of asset objects unloaded after import = 1

2025-04-30T12:25:56.364Z|0x6ff8|========================================================================
2025-04-30T12:25:56.364Z|0x6ff8|Received Prepare
2025-04-30T12:25:56.596Z|0x6ff8|Begin MonoManager ReloadAssembly
Symbol file LoadedFromMemory is not a mono symbol file
2025-04-30T12:25:57.518Z|0x6ff8|- Loaded All Assemblies, in  0.921 seconds
2025-04-30T12:25:57.881Z|0x6ff8|Refreshing native plugins compatible for Editor in 34.34 ms, found 3 plugins.
2025-04-30T12:25:58.106Z|0x6ff8|Native extension for iOS target not found
2025-04-30T12:25:58.115Z|0x6ff8|Native extension for Android target not found
2025-04-30T12:25:58.119Z|0x6ff8|Native extension for WindowsStandalone target not found
2025-04-30T12:25:58.119Z|0x6ff8|Native extension for WebGL target not found
2025-04-30T12:25:58.841Z|0x6ff8|Mono: successfully reloaded assembly
2025-04-30T12:25:58.862Z|0x6ff8|- Finished resetting the current domain, in  0.944 seconds
2025-04-30T12:25:58.862Z|0x6ff8|Domain Reload Profiling: 1860ms
	BeginReloadAssembly (270ms)
		ExecutionOrderSort (0ms)
		DisableScriptedObjects (12ms)
		BackupInstance (0ms)
		ReleaseScriptingObjects (0ms)
		CreateAndSetChildDomain (75ms)
	RebuildCommonClasses (43ms)
	RebuildNativeTypeToScriptingClass (16ms)
	initialDomainReloadingComplete (37ms)
	LoadAllAssembliesAndSetupDomain (549ms)
		LoadAssemblies (508ms)
		RebuildTransferFunctionScriptingTraits (0ms)
		AnalyzeDomain (179ms)
			TypeCache.Refresh (10ms)
				TypeCache.ScanAssembly (1ms)
			BuildScriptInfoCaches (154ms)
			ResolveRequiredComponents (11ms)
	FinalizeReload (944ms)
		ReleaseScriptCaches (0ms)
		RebuildScriptCaches (0ms)
		SetupLoadedEditorAssemblies (729ms)
			LogAssemblyErrors (0ms)
			InitializePlatformSupportModulesInManaged (19ms)
			SetLoadedEditorAssemblies (7ms)
			BeforeProcessingInitializeOnLoad (155ms)
			ProcessInitializeOnLoadAttributes (369ms)
			ProcessInitializeOnLoadMethodAttributes (172ms)
			AfterProcessingInitializeOnLoad (6ms)
			EditorAssembliesLoaded (0ms)
		ExecutionOrderSort2 (0ms)
		AwakeInstancesAfterBackupRestoration (11ms)
2025-04-30T12:25:59.372Z|0x6ff8|Refreshing native plugins compatible for Editor in 46.77 ms, found 3 plugins.
2025-04-30T12:25:59.372Z|0x6ff8|Preloading 0 native plugins for Editor in 0.00 ms.
2025-04-30T12:25:59.373Z|0x4680|Unloading 15 Unused Serialized files (Serialized files now loaded: 0)
2025-04-30T12:25:59.393Z|0x6ff8|Unloading 5730 unused Assets / (5.4 MB). Loaded Objects now: 6315.
Memory consumption went from 147.6 MB to 142.2 MB.
2025-04-30T12:25:59.393Z|0x6ff8|Total: 20.410200 ms (FindLiveObjects: 0.741200 ms CreateObjectMapping: 0.844900 ms MarkObjects: 14.821400 ms  DeleteObjects: 4.000200 ms)

2025-04-30T12:25:59.393Z|0x6ff8|Prepare: number of updated asset objects reloaded= 0
2025-04-30T12:26:20.412Z|0x6ff8|========================================================================
Received Import Request.
  Time since last request: 43.667429 seconds.
  path: Assets/Scenes/Initial Scene/GPGS Sign In Scene.unity
  artifactKey: Guid(01cd2e303ee31a84ab4603a9c3a34e72) Importer(2089858483,934ff659095e30574adcf32a4c2f97b5)
2025-04-30T12:26:20.424Z|0x6ff8|Start importing Assets/Scenes/Initial Scene/GPGS Sign In Scene.unity using Guid(01cd2e303ee31a84ab4603a9c3a34e72) Importer(2089858483,934ff659095e30574adcf32a4c2f97b5) (ScriptedImporter) -> (artifact id: 'e98cd8c83cdd733c5e3d21bc66800ab6') in 0.129278 seconds
2025-04-30T12:26:20.573Z|0x6ff8|Number of updated asset objects reloaded before import = 0Number of asset objects unloaded after import = 1

2025-04-30T12:26:23.623Z|0x6ff8|========================================================================
Received Import Request.
  Time since last request: 3.049822 seconds.
  path: Assets/Scenes/Initial Scene/GPGS Sign In Scene.unity
  artifactKey: Guid(01cd2e303ee31a84ab4603a9c3a34e72) Importer(815301076,1909f56bfc062723c751e8b465ee728b)
2025-04-30T12:26:23.631Z|0x6ff8|Start importing Assets/Scenes/Initial Scene/GPGS Sign In Scene.unity using Guid(01cd2e303ee31a84ab4603a9c3a34e72) Importer(815301076,1909f56bfc062723c751e8b465ee728b) (PreviewImporter) -> (artifact id: 'd4589271a00437ad87a81b2d5773d7c4') in 0.0009269 seconds
2025-04-30T12:26:23.649Z|0x6ff8|Number of updated asset objects reloaded before import = 0Number of asset objects unloaded after import = 0

2025-04-30T12:26:29.633Z|0x6ff8|========================================================================
Received Import Request.
  Time since last request: 5.983836 seconds.
  path: Assets/Scenes/Initial Scene/GPGS Sign In Scene.unity
  artifactKey: Guid(01cd2e303ee31a84ab4603a9c3a34e72) Importer(2089858483,934ff659095e30574adcf32a4c2f97b5)
2025-04-30T12:26:29.642Z|0x6ff8|Start importing Assets/Scenes/Initial Scene/GPGS Sign In Scene.unity using Guid(01cd2e303ee31a84ab4603a9c3a34e72) Importer(2089858483,934ff659095e30574adcf32a4c2f97b5) (ScriptedImporter) -> (artifact id: '70f5078acb06ea008ebedbdb94021b70') in 0.0035386 seconds
2025-04-30T12:26:29.664Z|0x6ff8|Number of updated asset objects reloaded before import = 0Number of asset objects unloaded after import = 1

2025-04-30T12:26:33.384Z|0x6ff8|========================================================================
Received Import Request.
  Time since last request: 3.720173 seconds.
  path: Assets/Scenes/Initial Scene/Init Scene.unity
  artifactKey: Guid(fc839d07ef818984690c27ce66af56fe) Importer(815301076,1909f56bfc062723c751e8b465ee728b)
2025-04-30T12:26:33.393Z|0x6ff8|Start importing Assets/Scenes/Initial Scene/Init Scene.unity using Guid(fc839d07ef818984690c27ce66af56fe) Importer(815301076,1909f56bfc062723c751e8b465ee728b) (PreviewImporter) -> (artifact id: 'ba74a0cdee011a7bd2def02689e3399c') in 0.0006316 seconds
2025-04-30T12:26:33.409Z|0x6ff8|Number of updated asset objects reloaded before import = 0Number of asset objects unloaded after import = 0

2025-04-30T12:27:04.290Z|0x6ff8|========================================================================
Received Import Request.
  Time since last request: 30.880876 seconds.
  path: Assets/Scenes/Initial Scene/Init Scene.unity
  artifactKey: Guid(fc839d07ef818984690c27ce66af56fe) Importer(2089858483,934ff659095e30574adcf32a4c2f97b5)
2025-04-30T12:27:04.299Z|0x6ff8|Start importing Assets/Scenes/Initial Scene/Init Scene.unity using Guid(fc839d07ef818984690c27ce66af56fe) Importer(2089858483,934ff659095e30574adcf32a4c2f97b5) (ScriptedImporter) -> (artifact id: 'be654535a98e2b5b833e27f64d1388b2') in 0.0038955 seconds
2025-04-30T12:27:04.322Z|0x6ff8|Number of updated asset objects reloaded before import = 0Number of asset objects unloaded after import = 1

2025-04-30T12:27:09.207Z|0x6ff8|========================================================================
Received Import Request.
  Time since last request: 4.885528 seconds.
  path: Assets/Scenes/Initial Scene/GPGS Sign In Scene.unity
  artifactKey: Guid(01cd2e303ee31a84ab4603a9c3a34e72) Importer(2089858483,934ff659095e30574adcf32a4c2f97b5)
2025-04-30T12:27:09.218Z|0x6ff8|Start importing Assets/Scenes/Initial Scene/GPGS Sign In Scene.unity using Guid(01cd2e303ee31a84ab4603a9c3a34e72) Importer(2089858483,934ff659095e30574adcf32a4c2f97b5) (ScriptedImporter) -> (artifact id: '289483686a3fea2dc157ae0b684fc122') in 0.0053356 seconds
2025-04-30T12:27:09.241Z|0x6ff8|Number of updated asset objects reloaded before import = 0Number of asset objects unloaded after import = 1

2025-04-30T12:27:11.467Z|0x6ff8|========================================================================
Received Import Request.
  Time since last request: 2.225926 seconds.
  path: Assets/Scenes/Initial Scene/GPGS Sign In Scene.unity
  artifactKey: Guid(01cd2e303ee31a84ab4603a9c3a34e72) Importer(2089858483,934ff659095e30574adcf32a4c2f97b5)
2025-04-30T12:27:11.476Z|0x6ff8|Start importing Assets/Scenes/Initial Scene/GPGS Sign In Scene.unity using Guid(01cd2e303ee31a84ab4603a9c3a34e72) Importer(2089858483,934ff659095e30574adcf32a4c2f97b5) (ScriptedImporter) -> (artifact id: 'c0e6b9d4db49c72bba46ce05bcfe1714') in 0.0047422 seconds
2025-04-30T12:27:11.499Z|0x6ff8|Number of updated asset objects reloaded before import = 0Number of asset objects unloaded after import = 1

2025-04-30T12:27:20.268Z|0x6ff8|========================================================================
Received Import Request.
  Time since last request: 8.768152 seconds.
  path: Assets/Scenes/Initial Scene/GPGS Sign In Scene.unity
  artifactKey: Guid(01cd2e303ee31a84ab4603a9c3a34e72) Importer(2089858483,934ff659095e30574adcf32a4c2f97b5)
2025-04-30T12:27:20.278Z|0x6ff8|Start importing Assets/Scenes/Initial Scene/GPGS Sign In Scene.unity using Guid(01cd2e303ee31a84ab4603a9c3a34e72) Importer(2089858483,934ff659095e30574adcf32a4c2f97b5) (ScriptedImporter) -> (artifact id: '09968ed0f36d3aa07ccb51865b5877e5') in 0.0038002 seconds
2025-04-30T12:27:20.300Z|0x6ff8|Number of updated asset objects reloaded before import = 0Number of asset objects unloaded after import = 1

2025-04-30T12:28:30.955Z|0x6ff8|========================================================================
Received Import Request.
  Time since last request: 70.655831 seconds.
  path: Assets/Scenes/Initial Scene/Init Scene.unity
  artifactKey: Guid(fc839d07ef818984690c27ce66af56fe) Importer(815301076,1909f56bfc062723c751e8b465ee728b)
2025-04-30T12:28:30.964Z|0x6ff8|Start importing Assets/Scenes/Initial Scene/Init Scene.unity using Guid(fc839d07ef818984690c27ce66af56fe) Importer(815301076,1909f56bfc062723c751e8b465ee728b) (PreviewImporter) -> (artifact id: '1c0f9d52cced5aa2a58b1fc37c9777f2') in 0.0007599 seconds
2025-04-30T12:28:30.979Z|0x6ff8|Number of updated asset objects reloaded before import = 0Number of asset objects unloaded after import = 0

2025-04-30T12:28:36.100Z|0x6ff8|========================================================================
Received Import Request.
  Time since last request: 5.120329 seconds.
  path: Assets/Scenes/Initial Scene/GPGS Sign In Scene.unity
  artifactKey: Guid(01cd2e303ee31a84ab4603a9c3a34e72) Importer(815301076,1909f56bfc062723c751e8b465ee728b)
2025-04-30T12:28:36.107Z|0x6ff8|Start importing Assets/Scenes/Initial Scene/GPGS Sign In Scene.unity using Guid(01cd2e303ee31a84ab4603a9c3a34e72) Importer(815301076,1909f56bfc062723c751e8b465ee728b) (PreviewImporter) -> (artifact id: '194b3d86784dffb5749cc6a18fc55aa8') in 0.0007344 seconds
2025-04-30T12:28:36.122Z|0x6ff8|Number of updated asset objects reloaded before import = 0Number of asset objects unloaded after import = 0

2025-04-30T12:29:05.460Z|0x6ff8|========================================================================
Received Import Request.
  Time since last request: 29.337626 seconds.
  path: Assets/Scenes/Initial Scene/Main Menu.unity
  artifactKey: Guid(4a485b0cf983d7249809cfd6ef3d98c3) Importer(815301076,1909f56bfc062723c751e8b465ee728b)
2025-04-30T12:29:05.468Z|0x6ff8|Start importing Assets/Scenes/Initial Scene/Main Menu.unity using Guid(4a485b0cf983d7249809cfd6ef3d98c3) Importer(815301076,1909f56bfc062723c751e8b465ee728b) (PreviewImporter) -> (artifact id: 'ae4e061f73c21db41d0f7389be38912a') in 0.0007216 seconds
2025-04-30T12:29:05.486Z|0x6ff8|Number of updated asset objects reloaded before import = 0Number of asset objects unloaded after import = 0

2025-04-30T12:29:11.812Z|0x6ff8|========================================================================
Received Import Request.
  Time since last request: 6.325983 seconds.
  path: Assets/Scenes/Initial Scene/Main Menu.unity
  artifactKey: Guid(4a485b0cf983d7249809cfd6ef3d98c3) Importer(2089858483,934ff659095e30574adcf32a4c2f97b5)
2025-04-30T12:29:11.821Z|0x6ff8|Start importing Assets/Scenes/Initial Scene/Main Menu.unity using Guid(4a485b0cf983d7249809cfd6ef3d98c3) Importer(2089858483,934ff659095e30574adcf32a4c2f97b5) (ScriptedImporter) -> (artifact id: 'd85ee7bf79e20284f9334f43a82f90ab') in 0.0036189 seconds
2025-04-30T12:29:11.845Z|0x6ff8|Number of updated asset objects reloaded before import = 0Number of asset objects unloaded after import = 1

2025-04-30T12:29:13.605Z|0x6ff8|========================================================================
Received Import Request.
  Time since last request: 1.759753 seconds.
  path: Assets/Scenes/Initial Scene/Main Menu.unity
  artifactKey: Guid(4a485b0cf983d7249809cfd6ef3d98c3) Importer(2089858483,934ff659095e30574adcf32a4c2f97b5)
2025-04-30T12:29:13.613Z|0x6ff8|Start importing Assets/Scenes/Initial Scene/Main Menu.unity using Guid(4a485b0cf983d7249809cfd6ef3d98c3) Importer(2089858483,934ff659095e30574adcf32a4c2f97b5) (ScriptedImporter) -> (artifact id: '475eddf8896aee1e4c05b13c9f16ee92') in 0.0033707 seconds
2025-04-30T12:29:13.634Z|0x6ff8|Number of updated asset objects reloaded before import = 0Number of asset objects unloaded after import = 1

2025-04-30T12:29:16.022Z|0x6ff8|========================================================================
Received Import Request.
  Time since last request: 2.387260 seconds.
  path: Assets/Scenes/Initial Scene/Main Menu.unity
  artifactKey: Guid(4a485b0cf983d7249809cfd6ef3d98c3) Importer(2089858483,934ff659095e30574adcf32a4c2f97b5)
2025-04-30T12:29:16.030Z|0x6ff8|Start importing Assets/Scenes/Initial Scene/Main Menu.unity using Guid(4a485b0cf983d7249809cfd6ef3d98c3) Importer(2089858483,934ff659095e30574adcf32a4c2f97b5) (ScriptedImporter) -> (artifact id: 'f88ca0c31ffd9a48ed355a0e0e8d4a43') in 0.0026568 seconds
2025-04-30T12:29:16.048Z|0x6ff8|Number of updated asset objects reloaded before import = 0Number of asset objects unloaded after import = 1

2025-04-30T12:29:45.155Z|0x6ff8|========================================================================
Received Import Request.
  Time since last request: 29.107813 seconds.
  path: Assets/Scenes/Levels/Level 1.unity
  artifactKey: Guid(ebc46fb2e53abaa4682c3a1682834a53) Importer(815301076,1909f56bfc062723c751e8b465ee728b)
2025-04-30T12:29:45.165Z|0x6ff8|Start importing Assets/Scenes/Levels/Level 1.unity using Guid(ebc46fb2e53abaa4682c3a1682834a53) Importer(815301076,1909f56bfc062723c751e8b465ee728b) (PreviewImporter) -> (artifact id: 'b131fbf675e04705bc33e44964e0bfa6') in 0.0010311 seconds
2025-04-30T12:29:45.183Z|0x6ff8|Number of updated asset objects reloaded before import = 0Number of asset objects unloaded after import = 0

2025-04-30T12:32:55.271Z|0x6ff8|========================================================================
2025-04-30T12:32:55.271Z|0x6ff8|Received Prepare
2025-04-30T12:32:55.914Z|0x6ff8|Refreshing native plugins compatible for Editor in 69.81 ms, found 3 plugins.
2025-04-30T12:32:55.914Z|0x6ff8|Preloading 0 native plugins for Editor in 0.00 ms.
2025-04-30T12:32:55.915Z|0x4680|Unloading 14 Unused Serialized files (Serialized files now loaded: 0)
2025-04-30T12:32:55.936Z|0x6ff8|Unloading 5568 unused Assets / (5.0 MB). Loaded Objects now: 6315.
Memory consumption went from 146.9 MB to 142.0 MB.
2025-04-30T12:32:55.937Z|0x6ff8|Total: 22.631800 ms (FindLiveObjects: 0.746900 ms CreateObjectMapping: 0.934600 ms MarkObjects: 17.220900 ms  DeleteObjects: 3.726500 ms)

2025-04-30T12:32:55.937Z|0x6ff8|Prepare: number of updated asset objects reloaded= 0
2025-04-30T12:32:56.304Z|0x6ff8|========================================================================
Received Import Request.
  Time since last request: 191.120439 seconds.
  path: Assets/_Assets/Scripts/Game Scripts/GameHandler.cs
  artifactKey: Guid(ffec0046bb5d1454fb23b724485e9fca) Importer(2089858483,934ff659095e30574adcf32a4c2f97b5)
2025-04-30T12:32:56.319Z|0x6ff8|Start importing Assets/_Assets/Scripts/Game Scripts/GameHandler.cs using Guid(ffec0046bb5d1454fb23b724485e9fca) Importer(2089858483,934ff659095e30574adcf32a4c2f97b5) (ScriptedImporter) -> (artifact id: '6bbf6b423eb8841ec314542bf0a45b83') in 0.0098265 seconds
2025-04-30T12:32:56.364Z|0x6ff8|Number of updated asset objects reloaded before import = 0Number of asset objects unloaded after import = 0

2025-04-30T12:32:59.810Z|0x6ff8|========================================================================
2025-04-30T12:32:59.810Z|0x6ff8|Received Prepare
2025-04-30T12:33:00.055Z|0x6ff8|Begin MonoManager ReloadAssembly
Symbol file LoadedFromMemory is not a mono symbol file
2025-04-30T12:33:01.173Z|0x6ff8|- Loaded All Assemblies, in  1.118 seconds
2025-04-30T12:33:01.641Z|0x6ff8|Refreshing native plugins compatible for Editor in 59.07 ms, found 3 plugins.
2025-04-30T12:33:01.846Z|0x6ff8|Native extension for iOS target not found
2025-04-30T12:33:01.858Z|0x6ff8|Native extension for Android target not found
2025-04-30T12:33:01.862Z|0x6ff8|Native extension for WindowsStandalone target not found
2025-04-30T12:33:01.862Z|0x6ff8|Native extension for WebGL target not found
2025-04-30T12:33:02.728Z|0x6ff8|Mono: successfully reloaded assembly
2025-04-30T12:33:02.747Z|0x6ff8|- Finished resetting the current domain, in  1.072 seconds
2025-04-30T12:33:02.747Z|0x6ff8|Domain Reload Profiling: 2176ms
	BeginReloadAssembly (323ms)
		ExecutionOrderSort (0ms)
		DisableScriptedObjects (20ms)
		BackupInstance (0ms)
		ReleaseScriptingObjects (0ms)
		CreateAndSetChildDomain (98ms)
	RebuildCommonClasses (41ms)
	RebuildNativeTypeToScriptingClass (18ms)
	initialDomainReloadingComplete (50ms)
	LoadAllAssembliesAndSetupDomain (671ms)
		LoadAssemblies (526ms)
		RebuildTransferFunctionScriptingTraits (0ms)
		AnalyzeDomain (287ms)
			TypeCache.Refresh (14ms)
				TypeCache.ScanAssembly (1ms)
			BuildScriptInfoCaches (251ms)
			ResolveRequiredComponents (17ms)
	FinalizeReload (1073ms)
		ReleaseScriptCaches (0ms)
		RebuildScriptCaches (0ms)
		SetupLoadedEditorAssemblies (872ms)
			LogAssemblyErrors (0ms)
			InitializePlatformSupportModulesInManaged (25ms)
			SetLoadedEditorAssemblies (6ms)
			BeforeProcessingInitializeOnLoad (157ms)
			ProcessInitializeOnLoadAttributes (454ms)
			ProcessInitializeOnLoadMethodAttributes (216ms)
			AfterProcessingInitializeOnLoad (14ms)
			EditorAssembliesLoaded (1ms)
		ExecutionOrderSort2 (0ms)
		AwakeInstancesAfterBackupRestoration (17ms)
2025-04-30T12:33:03.244Z|0x6ff8|Refreshing native plugins compatible for Editor in 67.07 ms, found 3 plugins.
2025-04-30T12:33:03.244Z|0x6ff8|Preloading 0 native plugins for Editor in 0.00 ms.
2025-04-30T12:33:03.246Z|0x60b4|Unloading 15 Unused Serialized files (Serialized files now loaded: 0)
2025-04-30T12:33:03.270Z|0x6ff8|Unloading 5730 unused Assets / (5.8 MB). Loaded Objects now: 6317.
Memory consumption went from 147.6 MB to 141.8 MB.
2025-04-30T12:33:03.270Z|0x6ff8|Total: 23.949100 ms (FindLiveObjects: 0.844400 ms CreateObjectMapping: 0.852900 ms MarkObjects: 17.364900 ms  DeleteObjects: 4.885100 ms)

2025-04-30T12:33:03.271Z|0x6ff8|Prepare: number of updated asset objects reloaded= 0
2025-04-30T12:49:52.130Z|0x6ff8|========================================================================
Received Import Request.
  Time since last request: 1015.765810 seconds.
  path: Assets/UniversalRenderPipelineGlobalSettings.asset
  artifactKey: Guid(5acec15167e81b04680d79b2cc7d3ae8) Importer(2089858483,934ff659095e30574adcf32a4c2f97b5)
2025-04-30T12:49:52.606Z|0x6ff8|Start importing Assets/UniversalRenderPipelineGlobalSettings.asset using Guid(5acec15167e81b04680d79b2cc7d3ae8) Importer(2089858483,934ff659095e30574adcf32a4c2f97b5) (ScriptedImporter) -> (artifact id: '70e1bdf2892555c7ab4f89a387383463') in 0.9442169 seconds
2025-04-30T12:49:53.688Z|0x6ff8|Number of updated asset objects reloaded before import = 2Number of asset objects unloaded after import = 0

