[Licensing::Module] Trying to connect to existing licensing client channel...
[Licensing::IpcConnector] Successfully connected to: "LicenseClient-Admin" at "2026-01-12T16:36:23.2826662Z"
Built from '6000.2/respin/6000.2.8f1-e4064264ae96' branch; Version is '6000.2.8f1 (c9992ac36c34) revision 13211946'; Using compiler version '194234433'; Build Type 'Release'
OS: 'Windows 11  (10.0.26200) 64bit CoreSingleLanguage' Language: 'en' Physical Memory: 7937 MB
BatchMode: 1, IsHumanControllingUs: 0, StartBugReporterOnCrash: 0, Is64bit: 1
Date: 2026-01-12T16:36:23Z

COMMAND LINE ARGUMENTS:
C:\Program Files\Unity\Hub\Editor\6000.2.8f1\Editor\Unity.exe
-adb2
-batchMode
-noUpm
-name
AssetImportWorker3
-projectPath
D:/Github-Proj/UnityProjects/HME/Hold My Egg
-logFile
Logs/AssetImportWorker3.log
-srvPort
52716
-licensingIpc
LicenseClient-Admin
-job-worker-count
3
-background-job-worker-count
8
-gc-helper-count
1
-name
AssetImport
Successfully changed project path to: D:/Github-Proj/UnityProjects/HME/Hold My Egg
D:/Github-Proj/UnityProjects/HME/Hold My Egg
[UnityMemory] Configuration Parameters - Can be set up in boot.config
    "memorysetup-allocator-temp-initial-block-size-main=262144"
    "memorysetup-allocator-temp-initial-block-size-worker=262144"
    "memorysetup-bucket-allocator-granularity=16"
    "memorysetup-bucket-allocator-bucket-count=8"
    "memorysetup-bucket-allocator-block-size=33554432"
    "memorysetup-bucket-allocator-block-count=8"
    "memorysetup-main-allocator-block-size=16777216"
    "memorysetup-thread-allocator-block-size=16777216"
    "memorysetup-gfx-main-allocator-block-size=16777216"
    "memorysetup-gfx-thread-allocator-block-size=16777216"
    "memorysetup-cache-allocator-block-size=4194304"
    "memorysetup-typetree-allocator-block-size=2097152"
    "memorysetup-profiler-bucket-allocator-granularity=16"
    "memorysetup-profiler-bucket-allocator-bucket-count=8"
    "memorysetup-profiler-bucket-allocator-block-size=33554432"
    "memorysetup-profiler-bucket-allocator-block-count=8"
    "memorysetup-profiler-allocator-block-size=16777216"
    "memorysetup-profiler-editor-allocator-block-size=1048576"
    "memorysetup-temp-allocator-size-main=16777216"
    "memorysetup-job-temp-allocator-block-size=2097152"
    "memorysetup-job-temp-allocator-block-size-background=1048576"
    "memorysetup-job-temp-allocator-reduction-small-platforms=262144"
    "memorysetup-temp-allocator-size-background-worker=32768"
    "memorysetup-temp-allocator-size-job-worker=262144"
    "memorysetup-temp-allocator-size-preload-manager=33554432"
    "memorysetup-temp-allocator-size-nav-mesh-worker=65536"
    "memorysetup-temp-allocator-size-audio-worker=65536"
    "memorysetup-temp-allocator-size-cloud-worker=32768"
    "memorysetup-temp-allocator-size-gi-baking-worker=262144"
    "memorysetup-temp-allocator-size-gi-baking-worker=262144"
    "memorysetup-temp-allocator-size-gi-baking-worker=262144"
    "memorysetup-temp-allocator-size-gi-baking-worker=262144"
    "memorysetup-temp-allocator-size-gi-baking-worker=262144"
    "memorysetup-temp-allocator-size-gfx=262144"
Player connection [8124]  Target information:

Player connection [8124]  * "[IP] 172.25.64.1 [Port] 0 [Flags] 2 [Guid] 4049172333 [EditorId] 4049172333 [Version] 1048832 [Id] WindowsEditor(7,DESKTOP-DVPE94C) [Debug] 1 [PackageName] WindowsEditor [ProjectName] Editor" 

Player connection [8124]  * "[IP] 192.168.31.117 [Port] 0 [Flags] 2 [Guid] 4049172333 [EditorId] 4049172333 [Version] 1048832 [Id] WindowsEditor(7,DESKTOP-DVPE94C) [Debug] 1 [PackageName] WindowsEditor [ProjectName] Editor" 

Player connection [8124] Host joined multi-casting on [225.0.0.222:54997]...
Player connection [8124] Host joined alternative multi-casting on [225.0.0.222:34997]...
JobSystem: Creating JobQueue using job-worker-count value 3
Input System module state changed to: Initialized.
[Physics::Module] Initialized fallback backend.
[Physics::Module] Id: 0xdecafbad
[Licensing::Client] Code 10 while verifying Licensing Client signature (process Id: 13112, path: "C:/Program Files/Unity Hub/UnityLicensingClient_V1/Unity.Licensing.Client.exe")
[Licensing::Module] LicensingClient has failed validation; ignoring
[Licensing::Client] Handshaking with LicensingClient:
  Version:                 1.17.4+4293ba1
  Session Id:              2178b029ad3b43edbc60b533fdf349ed
  Correlation Id:          551495f6a6bd5e22b94c0f7d4e72376c
  External correlation Id: 785895846605793870
  Machine Id:              CgiKm436C2OROozlJgY1aO+qVBA=
[Licensing::Module] Successfully connected to LicensingClient on channel: "LicenseClient-Admin" (connect: 0.00s, validation: 0.03s, handshake: 0.12s)
[Licensing::IpcConnector] Successfully connected to: "LicenseClient-Admin-notifications" at "2026-01-12T16:36:23.4305895Z"
[Licensing::Module] Licensing Background thread has ended after 0.15s
Library Redirect Path: Library/
[Physics::Module] Selected backend.
[Physics::Module] Name: PhysX
[Physics::Module] Id: 0xf2b8ea05
[Physics::Module] SDK Version: 4.1.2
[Physics::Module] Integration Version: 1.0.0
[Physics::Module] Threading Mode: Multi-Threaded
[Licensing::Client] Successfully resolved entitlement details
[Licensing::Module] License group:
  Id: 13469719350406-UnityPersXXXX
  Product: Unity Personal
  Type: Assigned
  Expiration: Unlimited
Refreshing native plugins compatible for Editor in 951.79 ms, found 3 plugins.
Preloading 0 native plugins for Editor in 0.00 ms.
Initialize engine version: 6000.2.8f1 (c9992ac36c34)
[Subsystems] Discovering subsystems at path C:/Program Files/Unity/Hub/Editor/6000.2.8f1/Editor/Data/Resources/UnitySubsystems
[Subsystems] Discovering subsystems at path D:/Github-Proj/UnityProjects/HME/Hold My Egg/Assets
GfxDevice: creating device client; kGfxThreadingModeNonThreaded
Direct3D:
    Version:  Direct3D 11.0 [level 11.1]
    Renderer: NVIDIA GeForce RTX 3050 Laptop GPU (ID=0x25a2)
    Vendor:   NVIDIA
    VRAM:     3964 MB
    Driver:   32.0.15.8183
Initialize mono
Mono path[0] = 'C:/Program Files/Unity/Hub/Editor/6000.2.8f1/Editor/Data/Managed'
Mono path[1] = 'C:/Program Files/Unity/Hub/Editor/6000.2.8f1/Editor/Data/MonoBleedingEdge/lib/mono/unityjit-win32'
Mono config path = 'C:/Program Files/Unity/Hub/Editor/6000.2.8f1/Editor/Data/MonoBleedingEdge/etc'
Using monoOptions --debugger-agent=transport=dt_socket,embedding=1,server=y,suspend=n,address=127.0.0.1:56236
Begin MonoManager ReloadAssembly
Registering precompiled unity dll's ...
Register platform support module: C:/Program Files/Unity/Hub/Editor/6000.2.8f1/Editor/Data/PlaybackEngines/WindowsStandaloneSupport/UnityEditor.WindowsStandalone.Extensions.dll
Register platform support module: C:/Program Files/Unity/Hub/Editor/6000.2.8f1/Editor/Data/PlaybackEngines/AndroidPlayer/UnityEditor.Android.Extensions.dll
Registered in 0.015346 seconds.
- Loaded All Assemblies, in  3.505 seconds
Native extension for Android target not found
Android Extension - Scanning For ADB Devices 972 ms
Native extension for WindowsStandalone target not found
Mono: successfully reloaded assembly
- Finished resetting the current domain, in  2.273 seconds
Domain Reload Profiling: 5770ms
	BeginReloadAssembly (1985ms)
		ExecutionOrderSort (0ms)
		DisableScriptedObjects (0ms)
		BackupInstance (0ms)
		ReleaseScriptingObjects (0ms)
		CreateAndSetChildDomain (7ms)
	RebuildCommonClasses (247ms)
	RebuildNativeTypeToScriptingClass (62ms)
	initialDomainReloadingComplete (211ms)
	LoadAllAssembliesAndSetupDomain (992ms)
		LoadAssemblies (1952ms)
		RebuildTransferFunctionScriptingTraits (0ms)
		AnalyzeDomain (979ms)
			TypeCache.Refresh (955ms)
				TypeCache.ScanAssembly (869ms)
			BuildScriptInfoCaches (0ms)
			ResolveRequiredComponents (21ms)
	FinalizeReload (2274ms)
		ReleaseScriptCaches (0ms)
		RebuildScriptCaches (0ms)
		SetupLoadedEditorAssemblies (2154ms)
			LogAssemblyErrors (0ms)
			InitializePlatformSupportModulesInManaged (1427ms)
			SetLoadedEditorAssemblies (12ms)
			BeforeProcessingInitializeOnLoad (267ms)
			ProcessInitializeOnLoadAttributes (345ms)
			ProcessInitializeOnLoadMethodAttributes (103ms)
			AfterProcessingInitializeOnLoad (0ms)
			EditorAssembliesLoaded (0ms)
		ExecutionOrderSort2 (0ms)
		AwakeInstancesAfterBackupRestoration (0ms)
========================================================================
Worker process is ready to serve import requests
Import Worker Mode flag is 0x00
Begin MonoManager ReloadAssembly
[Licensing::Client] Successfully resolved entitlement details
Symbol file LoadedFromMemory is not a mono symbol file
- Loaded All Assemblies, in  5.526 seconds
Refreshing native plugins compatible for Editor in 41.29 ms, found 3 plugins.
Native extension for Android target not found
Native extension for WindowsStandalone target not found
Refreshing native plugins compatible for Editor in 63.27 ms, found 3 plugins.
Package Manager log level set to [2]
[Package Manager] Failed to launch server process. Reason: Unity was launched with the -noUpm command-line argument
[Package Manager] Unable to send message (not connected to server process).
[Package Manager] Cannot connect to Unity Package Manager local server
Mono: successfully reloaded assembly
- Finished resetting the current domain, in  3.794 seconds
Domain Reload Profiling: 9313ms
	BeginReloadAssembly (887ms)
		ExecutionOrderSort (0ms)
		DisableScriptedObjects (20ms)
		BackupInstance (0ms)
		ReleaseScriptingObjects (0ms)
		CreateAndSetChildDomain (175ms)
	RebuildCommonClasses (100ms)
	RebuildNativeTypeToScriptingClass (33ms)
	initialDomainReloadingComplete (98ms)
	LoadAllAssembliesAndSetupDomain (4399ms)
		LoadAssemblies (2843ms)
		RebuildTransferFunctionScriptingTraits (0ms)
		AnalyzeDomain (2035ms)
			TypeCache.Refresh (1749ms)
				TypeCache.ScanAssembly (1615ms)
			BuildScriptInfoCaches (199ms)
			ResolveRequiredComponents (41ms)
	FinalizeReload (3794ms)
		ReleaseScriptCaches (0ms)
		RebuildScriptCaches (0ms)
		SetupLoadedEditorAssemblies (2990ms)
			LogAssemblyErrors (0ms)
			InitializePlatformSupportModulesInManaged (28ms)
			SetLoadedEditorAssemblies (21ms)
			BeforeProcessingInitializeOnLoad (641ms)
			ProcessInitializeOnLoadAttributes (1652ms)
			ProcessInitializeOnLoadMethodAttributes (638ms)
			AfterProcessingInitializeOnLoad (9ms)
			EditorAssembliesLoaded (1ms)
		ExecutionOrderSort2 (0ms)
		AwakeInstancesAfterBackupRestoration (11ms)
Launched and connected shader compiler UnityShaderCompiler.exe after 0.05 seconds
Refreshing native plugins compatible for Editor in 37.13 ms, found 3 plugins.
Preloading 0 native plugins for Editor in 0.00 ms.
Unloading 14 Unused Serialized files (Serialized files now loaded: 0)
Unloading 5937 unused Assets / (3.8 MB). Loaded Objects now: 6493.
Memory consumption went from 133.3 MB to 129.5 MB.
Total: 30.133200 ms (FindLiveObjects: 2.427500 ms CreateObjectMapping: 1.303200 ms MarkObjects: 20.889000 ms  DeleteObjects: 5.509300 ms)

========================================================================
Received Import Request.
  Time since last request: 369710.393820 seconds.
  path: Assets/Scenes/Levels/Level 30.unity
  artifactKey: Guid(3a921c50e4b3e5944b2a2c7d735cce4c) Importer(2089858483,934ff659095e30574adcf32a4c2f97b5)
Start importing Assets/Scenes/Levels/Level 30.unity using Guid(3a921c50e4b3e5944b2a2c7d735cce4c) Importer(2089858483,934ff659095e30574adcf32a4c2f97b5) (ScriptedImporter) -> (artifact id: '17b4cb4864118bc7c48268f525deee70') in 0.9744611 seconds
Number of updated asset objects reloaded before import = 0Number of asset objects unloaded after import = 1

========================================================================
Received Import Request.
  Time since last request: 0.000047 seconds.
  path: Assets/Scenes/Levels/Level 46.unity
  artifactKey: Guid(b0f6df89d6be94945bcc7ae1b734d880) Importer(2089858483,934ff659095e30574adcf32a4c2f97b5)
Start importing Assets/Scenes/Levels/Level 46.unity using Guid(b0f6df89d6be94945bcc7ae1b734d880) Importer(2089858483,934ff659095e30574adcf32a4c2f97b5) (ScriptedImporter) -> (artifact id: 'ec04e83b48141f7152ce4a9111a9a3f2') in 0.0425611 seconds
Number of updated asset objects reloaded before import = 0Number of asset objects unloaded after import = 1

========================================================================
Received Import Request.
  Time since last request: 0.000053 seconds.
  path: Assets/Scenes/Levels/Level 42.unity
  artifactKey: Guid(30a482faf3708f84184cf45c25b446d7) Importer(2089858483,934ff659095e30574adcf32a4c2f97b5)
Start importing Assets/Scenes/Levels/Level 42.unity using Guid(30a482faf3708f84184cf45c25b446d7) Importer(2089858483,934ff659095e30574adcf32a4c2f97b5) (ScriptedImporter) -> (artifact id: '73c7399b8975c2af25cd687710f652cf') in 0.0413298 seconds
Number of updated asset objects reloaded before import = 0Number of asset objects unloaded after import = 1

========================================================================
Received Import Request.
  Time since last request: 0.000024 seconds.
  path: Assets/LunarConsole/Scripts/LunarConsole.cs
  artifactKey: Guid(086be258345234a029dca36e7ef25dc1) Importer(2089858483,934ff659095e30574adcf32a4c2f97b5)
Start importing Assets/LunarConsole/Scripts/LunarConsole.cs using Guid(086be258345234a029dca36e7ef25dc1) Importer(2089858483,934ff659095e30574adcf32a4c2f97b5) (ScriptedImporter) -> (artifact id: 'dbe9d130c3661db4e596df212a924832') in 0.0415393 seconds
Number of updated asset objects reloaded before import = 0Number of asset objects unloaded after import = 0

========================================================================
Received Import Request.
  Time since last request: 0.000027 seconds.
  path: Assets/Scenes/Levels/Level 13.unity
  artifactKey: Guid(a0446b34d5ff3374ebebb61a9e19b22a) Importer(2089858483,934ff659095e30574adcf32a4c2f97b5)
Start importing Assets/Scenes/Levels/Level 13.unity using Guid(a0446b34d5ff3374ebebb61a9e19b22a) Importer(2089858483,934ff659095e30574adcf32a4c2f97b5) (ScriptedImporter) -> (artifact id: 'df1e8bc3d68b1bac4da49128c57d7e4e') in 0.0323211 seconds
Number of updated asset objects reloaded before import = 0Number of asset objects unloaded after import = 1

========================================================================
Received Import Request.
  Time since last request: 0.000045 seconds.
  path: Assets/LunarConsole/Scripts/Constants.cs
  artifactKey: Guid(8252d3fd8fea642c1b3317065ec60bb8) Importer(2089858483,934ff659095e30574adcf32a4c2f97b5)
Start importing Assets/LunarConsole/Scripts/Constants.cs using Guid(8252d3fd8fea642c1b3317065ec60bb8) Importer(2089858483,934ff659095e30574adcf32a4c2f97b5) (ScriptedImporter) -> (artifact id: '778a12a04f634588e7357c2bf5a9937a') in 0.0391065 seconds
Number of updated asset objects reloaded before import = 0Number of asset objects unloaded after import = 0

========================================================================
Received Import Request.
  Time since last request: 0.000161 seconds.
  path: Assets/AddressableAssetsData/AssetGroups/Localization-String-Tables-Hindi (India) (hi-IN).asset
  artifactKey: Guid(0faf14a31df5f5e40b02dc4a4fa50cbd) Importer(2089858483,934ff659095e30574adcf32a4c2f97b5)
Start importing Assets/AddressableAssetsData/AssetGroups/Localization-String-Tables-Hindi (India) (hi-IN).asset using Guid(0faf14a31df5f5e40b02dc4a4fa50cbd) Importer(2089858483,934ff659095e30574adcf32a4c2f97b5) (ScriptedImporter) -> (artifact id: '71040eaaa1e612b7d94736319f9d3314') in 0.0344955 seconds
Number of updated asset objects reloaded before import = 0Number of asset objects unloaded after import = 1

========================================================================
Received Import Request.
  Time since last request: 0.000177 seconds.
  path: Assets/AddressableAssetsData/AssetGroups/Localization-String-Tables-Spanish (Mexico) (es-MX).asset
  artifactKey: Guid(15dc900d32520074e88047fae448febc) Importer(2089858483,934ff659095e30574adcf32a4c2f97b5)
Start importing Assets/AddressableAssetsData/AssetGroups/Localization-String-Tables-Spanish (Mexico) (es-MX).asset using Guid(15dc900d32520074e88047fae448febc) Importer(2089858483,934ff659095e30574adcf32a4c2f97b5) (ScriptedImporter) -> (artifact id: 'c53aa2474840107f840dd48d0f0fcf67') in 0.0333937 seconds
Number of updated asset objects reloaded before import = 0Number of asset objects unloaded after import = 1

========================================================================
Received Import Request.
  Time since last request: 0.000073 seconds.
  path: Assets/Scenes/Levels/Level 55.unity
  artifactKey: Guid(9b80b5b8e1271b44fb0ae47111ffaa2d) Importer(2089858483,934ff659095e30574adcf32a4c2f97b5)
Start importing Assets/Scenes/Levels/Level 55.unity using Guid(9b80b5b8e1271b44fb0ae47111ffaa2d) Importer(2089858483,934ff659095e30574adcf32a4c2f97b5) (ScriptedImporter) -> (artifact id: 'f7d041767d762249c2e06b3a1ac94c51') in 0.0386633 seconds
Number of updated asset objects reloaded before import = 0Number of asset objects unloaded after import = 1

========================================================================
Received Import Request.
  Time since last request: 0.000052 seconds.
  path: Assets/Scenes/Levels/Level 67.unity
  artifactKey: Guid(cfb7c3936c027cc4e9503cf345764d90) Importer(2089858483,934ff659095e30574adcf32a4c2f97b5)
Start importing Assets/Scenes/Levels/Level 67.unity using Guid(cfb7c3936c027cc4e9503cf345764d90) Importer(2089858483,934ff659095e30574adcf32a4c2f97b5) (ScriptedImporter) -> (artifact id: 'b87a017ee8629c5ff56ce8584ff9495c') in 0.0310236 seconds
Number of updated asset objects reloaded before import = 0Number of asset objects unloaded after import = 1

========================================================================
Received Import Request.
  Time since last request: 0.000034 seconds.
  path: Assets/Lean/Common/LeanCommon.asmdef
  artifactKey: Guid(82c7e6eac44d7e048b22ad98800dcfc7) Importer(2089858483,934ff659095e30574adcf32a4c2f97b5)
Start importing Assets/Lean/Common/LeanCommon.asmdef using Guid(82c7e6eac44d7e048b22ad98800dcfc7) Importer(2089858483,934ff659095e30574adcf32a4c2f97b5) (ScriptedImporter) -> (artifact id: '0ab085236f49f853aecbe982ccf6de2d') in 0.0401551 seconds
Number of updated asset objects reloaded before import = 0Number of asset objects unloaded after import = 1

========================================================================
Received Import Request.
  Time since last request: 0.000079 seconds.
  path: Assets/Scenes/Levels/Level 14.unity
  artifactKey: Guid(a4e44837ce48b554c9236142ef0d93c0) Importer(2089858483,934ff659095e30574adcf32a4c2f97b5)
Start importing Assets/Scenes/Levels/Level 14.unity using Guid(a4e44837ce48b554c9236142ef0d93c0) Importer(2089858483,934ff659095e30574adcf32a4c2f97b5) (ScriptedImporter) -> (artifact id: '0a58a5ec69dc3d2e6b96dc4b90e22462') in 0.0330904 seconds
Number of updated asset objects reloaded before import = 0Number of asset objects unloaded after import = 1

========================================================================
Received Import Request.
  Time since last request: 0.000093 seconds.
  path: Assets/AddressableAssetsData/AssetGroups/Localization-Assets-Shared.asset
  artifactKey: Guid(2cb5a65fb6f4eb84a9bde615a635282f) Importer(2089858483,934ff659095e30574adcf32a4c2f97b5)
Start importing Assets/AddressableAssetsData/AssetGroups/Localization-Assets-Shared.asset using Guid(2cb5a65fb6f4eb84a9bde615a635282f) Importer(2089858483,934ff659095e30574adcf32a4c2f97b5) (ScriptedImporter) -> (artifact id: '62bed53dad534795cd87539ce4a7ead3') in 0.0307291 seconds
Number of updated asset objects reloaded before import = 0Number of asset objects unloaded after import = 1

========================================================================
Received Import Request.
  Time since last request: 0.000111 seconds.
  path: Assets/LunarConsole/Editor/LunarConsoleEditor.asmdef
  artifactKey: Guid(5c7d218fa468a46909ce7ce06167450d) Importer(2089858483,934ff659095e30574adcf32a4c2f97b5)
Start importing Assets/LunarConsole/Editor/LunarConsoleEditor.asmdef using Guid(5c7d218fa468a46909ce7ce06167450d) Importer(2089858483,934ff659095e30574adcf32a4c2f97b5) (ScriptedImporter) -> (artifact id: 'd3ef7728b0777df2e6736c2e02657052') in 0.0276592 seconds
Number of updated asset objects reloaded before import = 0Number of asset objects unloaded after import = 1

========================================================================
Received Import Request.
  Time since last request: 0.000055 seconds.
  path: Assets/Scenes/Levels/Level 36.unity
  artifactKey: Guid(692af18caf275d74596bf703f54cb579) Importer(2089858483,934ff659095e30574adcf32a4c2f97b5)
Start importing Assets/Scenes/Levels/Level 36.unity using Guid(692af18caf275d74596bf703f54cb579) Importer(2089858483,934ff659095e30574adcf32a4c2f97b5) (ScriptedImporter) -> (artifact id: '5bd611835d45a611b0771056f495b5ba') in 0.0281498 seconds
Number of updated asset objects reloaded before import = 0Number of asset objects unloaded after import = 1

========================================================================
Received Import Request.
  Time since last request: 0.000042 seconds.
  path: Assets/Scenes/Levels/Level 4.unity
  artifactKey: Guid(3a810b9b320e5c049959f083a1b65672) Importer(2089858483,934ff659095e30574adcf32a4c2f97b5)
Start importing Assets/Scenes/Levels/Level 4.unity using Guid(3a810b9b320e5c049959f083a1b65672) Importer(2089858483,934ff659095e30574adcf32a4c2f97b5) (ScriptedImporter) -> (artifact id: '4aa528aae20cdad559f3119c847b7807') in 0.0299935 seconds
Number of updated asset objects reloaded before import = 0Number of asset objects unloaded after import = 1

========================================================================
Received Import Request.
  Time since last request: 0.000092 seconds.
  path: Assets/Scenes/Levels/Level 75.unity
  artifactKey: Guid(bb8f12d3080ee9e48a4627ce2bd09cb7) Importer(2089858483,934ff659095e30574adcf32a4c2f97b5)
Start importing Assets/Scenes/Levels/Level 75.unity using Guid(bb8f12d3080ee9e48a4627ce2bd09cb7) Importer(2089858483,934ff659095e30574adcf32a4c2f97b5) (ScriptedImporter) -> (artifact id: '65a00ec3d93f8f36cfb5e281690db0f5') in 0.0275769 seconds
Number of updated asset objects reloaded before import = 0Number of asset objects unloaded after import = 1

========================================================================
Received Import Request.
  Time since last request: 0.000036 seconds.
  path: Assets/Scenes/Levels/Level 92.unity
  artifactKey: Guid(35485a833cc7da94f906690df417fc08) Importer(2089858483,934ff659095e30574adcf32a4c2f97b5)
Start importing Assets/Scenes/Levels/Level 92.unity using Guid(35485a833cc7da94f906690df417fc08) Importer(2089858483,934ff659095e30574adcf32a4c2f97b5) (ScriptedImporter) -> (artifact id: '0f88884269bacf51ba2a02555b4ab47e') in 0.0249951 seconds
Number of updated asset objects reloaded before import = 0Number of asset objects unloaded after import = 1

========================================================================
Received Import Request.
  Time since last request: 0.000045 seconds.
  path: Assets/Scenes/Levels/Level 9.unity
  artifactKey: Guid(65d0f6bec55712c489654f2105cff077) Importer(2089858483,934ff659095e30574adcf32a4c2f97b5)
Start importing Assets/Scenes/Levels/Level 9.unity using Guid(65d0f6bec55712c489654f2105cff077) Importer(2089858483,934ff659095e30574adcf32a4c2f97b5) (ScriptedImporter) -> (artifact id: 'db6b0e6de5265e7513cd94dbe1d95448') in 0.0288651 seconds
Number of updated asset objects reloaded before import = 0Number of asset objects unloaded after import = 1

========================================================================
Received Import Request.
  Time since last request: 0.000036 seconds.
  path: Assets/Scenes/Levels/Level 77.unity
  artifactKey: Guid(551b7fb5e4efac044a840607856c52c1) Importer(2089858483,934ff659095e30574adcf32a4c2f97b5)
Start importing Assets/Scenes/Levels/Level 77.unity using Guid(551b7fb5e4efac044a840607856c52c1) Importer(2089858483,934ff659095e30574adcf32a4c2f97b5) (ScriptedImporter) -> (artifact id: '7f5834abee39a32127cc098df66d5063') in 0.0341704 seconds
Number of updated asset objects reloaded before import = 0Number of asset objects unloaded after import = 1

========================================================================
Received Import Request.
  Time since last request: 0.000023 seconds.
  path: Assets/Scenes/Levels/Level 72.unity
  artifactKey: Guid(bb27ec52aa82b1a41b8cfcec9478b5f8) Importer(2089858483,934ff659095e30574adcf32a4c2f97b5)
Start importing Assets/Scenes/Levels/Level 72.unity using Guid(bb27ec52aa82b1a41b8cfcec9478b5f8) Importer(2089858483,934ff659095e30574adcf32a4c2f97b5) (ScriptedImporter) -> (artifact id: 'ec0a1e729763b306d5d9a086d9addca4') in 0.0337165 seconds
Number of updated asset objects reloaded before import = 0Number of asset objects unloaded after import = 1

========================================================================
Received Import Request.
  Time since last request: 0.000050 seconds.
  path: Assets/Lean/Third-Party Notices.txt
  artifactKey: Guid(0e61dc046618c394d8d69f70fda62ce1) Importer(2089858483,934ff659095e30574adcf32a4c2f97b5)
Start importing Assets/Lean/Third-Party Notices.txt using Guid(0e61dc046618c394d8d69f70fda62ce1) Importer(2089858483,934ff659095e30574adcf32a4c2f97b5) (ScriptedImporter) -> (artifact id: 'f38623d8c7f9a1a92062213165bd15ce') in 0.0385014 seconds
Number of updated asset objects reloaded before import = 0Number of asset objects unloaded after import = 1

========================================================================
Received Import Request.
  Time since last request: 0.000021 seconds.
  path: Assets/Scenes/Levels/Level 47.unity
  artifactKey: Guid(288fd8a196279a541ac41df167b84af5) Importer(2089858483,934ff659095e30574adcf32a4c2f97b5)
Start importing Assets/Scenes/Levels/Level 47.unity using Guid(288fd8a196279a541ac41df167b84af5) Importer(2089858483,934ff659095e30574adcf32a4c2f97b5) (ScriptedImporter) -> (artifact id: 'e9bc7ebeac3f87f0510bc73cfc014900') in 0.0279534 seconds
Number of updated asset objects reloaded before import = 0Number of asset objects unloaded after import = 1

========================================================================
Received Import Request.
  Time since last request: 0.000029 seconds.
  path: Assets/_Assets/Custome Assets/Leaderboard icon.png
  artifactKey: Guid(e5481d6cd4c54bc48a27449a4346c9f0) Importer(2089858483,934ff659095e30574adcf32a4c2f97b5)
Start importing Assets/_Assets/Custome Assets/Leaderboard icon.png using Guid(e5481d6cd4c54bc48a27449a4346c9f0) Importer(2089858483,934ff659095e30574adcf32a4c2f97b5) (ScriptedImporter) -> (artifact id: 'b0e06cbd622b686044cc84949804f6ed') in 0.0698811 seconds
Number of updated asset objects reloaded before import = 0Number of asset objects unloaded after import = 2

========================================================================
Received Import Request.
  Time since last request: 0.000055 seconds.
  path: Assets/TextMesh Pro/Shaders/TMP_SDF.shader
  artifactKey: Guid(68e6db2ebdc24f95958faec2be5558d6) Importer(2089858483,934ff659095e30574adcf32a4c2f97b5)
Start importing Assets/TextMesh Pro/Shaders/TMP_SDF.shader using Guid(68e6db2ebdc24f95958faec2be5558d6) Importer(2089858483,934ff659095e30574adcf32a4c2f97b5) (ScriptedImporter) -> (artifact id: '2be4bfadc46899b4db62923425dc228c') in 0.0468132 seconds
Number of updated asset objects reloaded before import = 0Number of asset objects unloaded after import = 1

========================================================================
Received Import Request.
  Time since last request: 0.000032 seconds.
  path: Assets/TextMesh Pro/Shaders/TMP_SDF-Mobile Overlay.shader
  artifactKey: Guid(a02a7d8c237544f1962732b55a9aebf1) Importer(2089858483,934ff659095e30574adcf32a4c2f97b5)
Start importing Assets/TextMesh Pro/Shaders/TMP_SDF-Mobile Overlay.shader using Guid(a02a7d8c237544f1962732b55a9aebf1) Importer(2089858483,934ff659095e30574adcf32a4c2f97b5) (ScriptedImporter) -> (artifact id: '8a567b9861241730ab820b5e691a3ab4') in 0.0566365 seconds
Number of updated asset objects reloaded before import = 0Number of asset objects unloaded after import = 1

========================================================================
Received Import Request.
  Time since last request: 0.000037 seconds.
  path: Assets/_Assets/Audios/Button Click.wav
  artifactKey: Guid(494f4f3955cc9da45b170eca6684afee) Importer(2089858483,934ff659095e30574adcf32a4c2f97b5)
Start importing Assets/_Assets/Audios/Button Click.wav using Guid(494f4f3955cc9da45b170eca6684afee) Importer(2089858483,934ff659095e30574adcf32a4c2f97b5) (ScriptedImporter) -> (artifact id: '3862940e2f378fbe7119821b3dd7e99e') in 0.0444507 seconds
Number of updated asset objects reloaded before import = 0Number of asset objects unloaded after import = 1

========================================================================
Received Import Request.
  Time since last request: 0.000356 seconds.
  path: Assets/TextMesh Pro/Sprites/EmojiOne Attribution.txt
  artifactKey: Guid(381dcb09d5029d14897e55f98031fca5) Importer(2089858483,934ff659095e30574adcf32a4c2f97b5)
Start importing Assets/TextMesh Pro/Sprites/EmojiOne Attribution.txt using Guid(381dcb09d5029d14897e55f98031fca5) Importer(2089858483,934ff659095e30574adcf32a4c2f97b5) (ScriptedImporter) -> (artifact id: '8182585a9daebcfb1028f0666ac75ab5') in 0.045822 seconds
Number of updated asset objects reloaded before import = 0Number of asset objects unloaded after import = 1

========================================================================
Received Import Request.
  Time since last request: 0.000114 seconds.
  path: Assets/_Assets/Scriptable Objects/Coin Data.asset
  artifactKey: Guid(c32976e2732c8f44f97c18cdf41fc87f) Importer(2089858483,934ff659095e30574adcf32a4c2f97b5)
Start importing Assets/_Assets/Scriptable Objects/Coin Data.asset using Guid(c32976e2732c8f44f97c18cdf41fc87f) Importer(2089858483,934ff659095e30574adcf32a4c2f97b5) (ScriptedImporter) -> (artifact id: '388865e993b708e7665826255db63a1e') in 0.0329536 seconds
Number of updated asset objects reloaded before import = 0Number of asset objects unloaded after import = 1

========================================================================
Received Import Request.
  Time since last request: 0.000025 seconds.
  path: Assets/_Assets/Custome Assets/New Green Bowl Top.png
  artifactKey: Guid(0875b43f31f1bb44b8da8a478bca7945) Importer(2089858483,934ff659095e30574adcf32a4c2f97b5)
Start importing Assets/_Assets/Custome Assets/New Green Bowl Top.png using Guid(0875b43f31f1bb44b8da8a478bca7945) Importer(2089858483,934ff659095e30574adcf32a4c2f97b5) (ScriptedImporter) -> (artifact id: '5154eb02be263086dfe17f27c3409b07') in 0.0304185 seconds
Number of updated asset objects reloaded before import = 0Number of asset objects unloaded after import = 2

========================================================================
Received Import Request.
  Time since last request: 0.000044 seconds.
  path: Assets/AddressableAssetsData/AssetGroups/Schemas/Default Local Group_ContentUpdateGroupSchema.asset
  artifactKey: Guid(1dcc1337df213e14f8dc3aceccc678b2) Importer(2089858483,934ff659095e30574adcf32a4c2f97b5)
Start importing Assets/AddressableAssetsData/AssetGroups/Schemas/Default Local Group_ContentUpdateGroupSchema.asset using Guid(1dcc1337df213e14f8dc3aceccc678b2) Importer(2089858483,934ff659095e30574adcf32a4c2f97b5) (ScriptedImporter) -> (artifact id: '73ba16930d7cc1bdabde4c0d58258fe3') in 0.0260306 seconds
Number of updated asset objects reloaded before import = 0Number of asset objects unloaded after import = 1

========================================================================
Received Import Request.
  Time since last request: 0.000034 seconds.
  path: Assets/AddressableAssetsData/AssetGroups/Schemas/Built In Data_PlayerDataGroupSchema.asset
  artifactKey: Guid(c5074cd6af89ba844a91afd210e6f227) Importer(2089858483,934ff659095e30574adcf32a4c2f97b5)
Start importing Assets/AddressableAssetsData/AssetGroups/Schemas/Built In Data_PlayerDataGroupSchema.asset using Guid(c5074cd6af89ba844a91afd210e6f227) Importer(2089858483,934ff659095e30574adcf32a4c2f97b5) (ScriptedImporter) -> (artifact id: '758eed97494b05871afd9667b1f4852d') in 0.0241201 seconds
Number of updated asset objects reloaded before import = 0Number of asset objects unloaded after import = 1

========================================================================
Received Import Request.
  Time since last request: 0.000033 seconds.
  path: Assets/_Assets/Materials/Bowl Friction.physicsMaterial2D
  artifactKey: Guid(acda29920f782ac448906e5a69a6f3d6) Importer(2089858483,934ff659095e30574adcf32a4c2f97b5)
Start importing Assets/_Assets/Materials/Bowl Friction.physicsMaterial2D using Guid(acda29920f782ac448906e5a69a6f3d6) Importer(2089858483,934ff659095e30574adcf32a4c2f97b5) (ScriptedImporter) -> (artifact id: '0b96bd35a58529c3a7d2c728a11cdafb') in 0.0270203 seconds
Number of updated asset objects reloaded before import = 0Number of asset objects unloaded after import = 1

========================================================================
Received Import Request.
  Time since last request: 0.000035 seconds.
  path: Assets/AddressableAssetsData/AssetGroups/Localization-String-Tables-English (United Kingdom) (en-GB).asset
  artifactKey: Guid(8d64d59fe79eba04383783735acfa74b) Importer(2089858483,934ff659095e30574adcf32a4c2f97b5)
Start importing Assets/AddressableAssetsData/AssetGroups/Localization-String-Tables-English (United Kingdom) (en-GB).asset using Guid(8d64d59fe79eba04383783735acfa74b) Importer(2089858483,934ff659095e30574adcf32a4c2f97b5) (ScriptedImporter) -> (artifact id: '6d0025af5c20cadc35b116856890ba7e') in 0.0250964 seconds
Number of updated asset objects reloaded before import = 0Number of asset objects unloaded after import = 1

========================================================================
Received Import Request.
  Time since last request: 0.000068 seconds.
  path: Assets/Scenes/Levels/Level 51.unity
  artifactKey: Guid(a4a00da1da021ad4c8825c471f4e5de2) Importer(2089858483,934ff659095e30574adcf32a4c2f97b5)
Start importing Assets/Scenes/Levels/Level 51.unity using Guid(a4a00da1da021ad4c8825c471f4e5de2) Importer(2089858483,934ff659095e30574adcf32a4c2f97b5) (ScriptedImporter) -> (artifact id: '5b49942d6d4f5df57ce193e467223797') in 0.0288701 seconds
Number of updated asset objects reloaded before import = 0Number of asset objects unloaded after import = 1

========================================================================
Received Import Request.
  Time since last request: 0.000039 seconds.
  path: Assets/Scenes/Levels/Level 79.unity
  artifactKey: Guid(f972a75c5e4b1004bb01673135aceb7f) Importer(2089858483,934ff659095e30574adcf32a4c2f97b5)
Start importing Assets/Scenes/Levels/Level 79.unity using Guid(f972a75c5e4b1004bb01673135aceb7f) Importer(2089858483,934ff659095e30574adcf32a4c2f97b5) (ScriptedImporter) -> (artifact id: '41cbe99fcf5e1561266e3852072d29c1') in 0.0246846 seconds
Number of updated asset objects reloaded before import = 0Number of asset objects unloaded after import = 1

========================================================================
Received Import Request.
  Time since last request: 0.000029 seconds.
  path: Assets/Resources/BillingMode.json
  artifactKey: Guid(5071c170f69235247aa41351e5ac187d) Importer(2089858483,934ff659095e30574adcf32a4c2f97b5)
Start importing Assets/Resources/BillingMode.json using Guid(5071c170f69235247aa41351e5ac187d) Importer(2089858483,934ff659095e30574adcf32a4c2f97b5) (ScriptedImporter) -> (artifact id: 'c84ffb1cf59a5eec230350d6c82f945b') in 0.0293651 seconds
Number of updated asset objects reloaded before import = 0Number of asset objects unloaded after import = 1

========================================================================
Received Import Request.
  Time since last request: 0.000034 seconds.
  path: Assets/Lean/Common/Documentation/Documentation.html
  artifactKey: Guid(343b9ec9f5c2b3a43b6e4cd68f5286ca) Importer(2089858483,934ff659095e30574adcf32a4c2f97b5)
Start importing Assets/Lean/Common/Documentation/Documentation.html using Guid(343b9ec9f5c2b3a43b6e4cd68f5286ca) Importer(2089858483,934ff659095e30574adcf32a4c2f97b5) (ScriptedImporter) -> (artifact id: 'c00e4fa8de41ad62bb995bf67fa9412f') in 0.0385612 seconds
Number of updated asset objects reloaded before import = 0Number of asset objects unloaded after import = 1

========================================================================
Received Import Request.
  Time since last request: 0.000053 seconds.
  path: Assets/Lean/Common/Extras/LeanFormatString.cs
  artifactKey: Guid(b7efa857135ee3242bb57cd8a91087c8) Importer(2089858483,934ff659095e30574adcf32a4c2f97b5)
Start importing Assets/Lean/Common/Extras/LeanFormatString.cs using Guid(b7efa857135ee3242bb57cd8a91087c8) Importer(2089858483,934ff659095e30574adcf32a4c2f97b5) (ScriptedImporter) -> (artifact id: '1d450ff77d18192a72d86fcfcf5b1305') in 0.0299925 seconds
Number of updated asset objects reloaded before import = 0Number of asset objects unloaded after import = 0

========================================================================
Received Import Request.
  Time since last request: 0.000026 seconds.
  path: Assets/Lean/Localization/Examples/09 CSV.unity
  artifactKey: Guid(8166101bdfd7cc7419ee366b7e0c5c68) Importer(2089858483,934ff659095e30574adcf32a4c2f97b5)
Start importing Assets/Lean/Localization/Examples/09 CSV.unity using Guid(8166101bdfd7cc7419ee366b7e0c5c68) Importer(2089858483,934ff659095e30574adcf32a4c2f97b5) (ScriptedImporter) -> (artifact id: 'c9d0e352894349b12798227664b4153a') in 0.036733 seconds
Number of updated asset objects reloaded before import = 0Number of asset objects unloaded after import = 1

========================================================================
Received Import Request.
  Time since last request: 0.000049 seconds.
  path: Assets/Lean/Localization/Examples/03 Text.unity
  artifactKey: Guid(9a10fc8abd4f7194c9aefa85387d1d2c) Importer(2089858483,934ff659095e30574adcf32a4c2f97b5)
Start importing Assets/Lean/Localization/Examples/03 Text.unity using Guid(9a10fc8abd4f7194c9aefa85387d1d2c) Importer(2089858483,934ff659095e30574adcf32a4c2f97b5) (ScriptedImporter) -> (artifact id: 'b6bff74df0a2d2b990779cb6733d91d6') in 0.0381028 seconds
Number of updated asset objects reloaded before import = 0Number of asset objects unloaded after import = 1

========================================================================
Received Import Request.
  Time since last request: 0.000101 seconds.
  path: Assets/Lean/Localization/Languages/German.prefab
  artifactKey: Guid(72996ab11fe463149bc90e287a08077d) Importer(2089858483,934ff659095e30574adcf32a4c2f97b5)
Start importing Assets/Lean/Localization/Languages/German.prefab using Guid(72996ab11fe463149bc90e287a08077d) Importer(2089858483,934ff659095e30574adcf32a4c2f97b5) (ScriptedImporter) -> (artifact id: '63694d4c20e0b83258ab379b46a50117') in 0.0726518 seconds
Number of updated asset objects reloaded before import = 0Number of asset objects unloaded after import = 5

========================================================================
Received Import Request.
  Time since last request: 0.000096 seconds.
  path: Assets/Lean/Localization/Languages/Spanish.prefab
  artifactKey: Guid(d723c6557bd6de145a2fad37a6fe8229) Importer(2089858483,934ff659095e30574adcf32a4c2f97b5)
Start importing Assets/Lean/Localization/Languages/Spanish.prefab using Guid(d723c6557bd6de145a2fad37a6fe8229) Importer(2089858483,934ff659095e30574adcf32a4c2f97b5) (ScriptedImporter) -> (artifact id: 'fc7d3af346a0eba68fd6aab27989d9ff') in 0.0668194 seconds
Number of updated asset objects reloaded before import = 0Number of asset objects unloaded after import = 5

========================================================================
Received Import Request.
  Time since last request: 0.000165 seconds.
  path: Assets/Lean/Common/Extras/LeanSelectableBehaviour.cs
  artifactKey: Guid(e79fdb2e0edc7c244ae6ee18c7f7cba7) Importer(2089858483,934ff659095e30574adcf32a4c2f97b5)
Start importing Assets/Lean/Common/Extras/LeanSelectableBehaviour.cs using Guid(e79fdb2e0edc7c244ae6ee18c7f7cba7) Importer(2089858483,934ff659095e30574adcf32a4c2f97b5) (ScriptedImporter) -> (artifact id: '2e0f17e22a6c677e88279e40e1b11d7c') in 0.0769838 seconds
Number of updated asset objects reloaded before import = 0Number of asset objects unloaded after import = 0

========================================================================
Received Import Request.
  Time since last request: 0.000103 seconds.
  path: Assets/AddressableAssetsData/AssetGroups/Schemas/Localization-String-Tables-English (United States) (en-US)_ContentUpdateGroupSchema.asset
  artifactKey: Guid(61c8629bf44daea438596483a7fcb2ad) Importer(2089858483,934ff659095e30574adcf32a4c2f97b5)
Start importing Assets/AddressableAssetsData/AssetGroups/Schemas/Localization-String-Tables-English (United States) (en-US)_ContentUpdateGroupSchema.asset using Guid(61c8629bf44daea438596483a7fcb2ad) Importer(2089858483,934ff659095e30574adcf32a4c2f97b5) (ScriptedImporter) -> (artifact id: 'f33d1f1d4a8f2be63fe987441f758e48') in 0.0828122 seconds
Number of updated asset objects reloaded before import = 0Number of asset objects unloaded after import = 1

========================================================================
Received Import Request.
  Time since last request: 0.000069 seconds.
  path: Assets/LunarConsole/Scripts/Utils/BaseList.cs
  artifactKey: Guid(9acb3ffead3884146b74243d9ed5048d) Importer(2089858483,934ff659095e30574adcf32a4c2f97b5)
Start importing Assets/LunarConsole/Scripts/Utils/BaseList.cs using Guid(9acb3ffead3884146b74243d9ed5048d) Importer(2089858483,934ff659095e30574adcf32a4c2f97b5) (ScriptedImporter) -> (artifact id: '9351761c33206dfadceeaaa4eb2257d1') in 0.0536628 seconds
Number of updated asset objects reloaded before import = 0Number of asset objects unloaded after import = 0

========================================================================
Received Import Request.
  Time since last request: 0.000120 seconds.
  path: Assets/LunarConsole/Editor/Automation/enable_lunar_console.sh
  artifactKey: Guid(41fd244c4e8914afb8cd8f46d201fe1c) Importer(2089858483,934ff659095e30574adcf32a4c2f97b5)
Start importing Assets/LunarConsole/Editor/Automation/enable_lunar_console.sh using Guid(41fd244c4e8914afb8cd8f46d201fe1c) Importer(2089858483,934ff659095e30574adcf32a4c2f97b5) (ScriptedImporter) -> (artifact id: 'd236d6f91eb97947f6172acaadc4c227') in 0.0722146 seconds
Number of updated asset objects reloaded before import = 0Number of asset objects unloaded after import = 1

========================================================================
Received Import Request.
  Time since last request: 0.000104 seconds.
  path: Assets/LunarConsole/Scripts/Actions/CAction.cs
  artifactKey: Guid(0674f19e1a94b4378b2a683d1dbdab2c) Importer(2089858483,934ff659095e30574adcf32a4c2f97b5)
Start importing Assets/LunarConsole/Scripts/Actions/CAction.cs using Guid(0674f19e1a94b4378b2a683d1dbdab2c) Importer(2089858483,934ff659095e30574adcf32a4c2f97b5) (ScriptedImporter) -> (artifact id: '2a4685af948a4bd60cb99775972b0b13') in 0.0649438 seconds
Number of updated asset objects reloaded before import = 0Number of asset objects unloaded after import = 0

========================================================================
Received Import Request.
  Time since last request: 0.000032 seconds.
  path: Assets/LunarConsole/Scripts/Utils/Iterator.cs
  artifactKey: Guid(e51ecc04c3fb247e9acabb5a25d2cf32) Importer(2089858483,934ff659095e30574adcf32a4c2f97b5)
Start importing Assets/LunarConsole/Scripts/Utils/Iterator.cs using Guid(e51ecc04c3fb247e9acabb5a25d2cf32) Importer(2089858483,934ff659095e30574adcf32a4c2f97b5) (ScriptedImporter) -> (artifact id: 'a38760b794f83bc3f7ef3a00330be949') in 0.0438475 seconds
Number of updated asset objects reloaded before import = 0Number of asset objects unloaded after import = 0

========================================================================
Received Import Request.
  Time since last request: 0.000053 seconds.
  path: Assets/LunarConsole/Editor/Automation/common.sh
  artifactKey: Guid(599e0a1816cab4ce5a334faed3dc06f0) Importer(2089858483,934ff659095e30574adcf32a4c2f97b5)
Start importing Assets/LunarConsole/Editor/Automation/common.sh using Guid(599e0a1816cab4ce5a334faed3dc06f0) Importer(2089858483,934ff659095e30574adcf32a4c2f97b5) (ScriptedImporter) -> (artifact id: '7c5e2c31d6b1d1f06dd24a801ed13ccc') in 0.0744517 seconds
Number of updated asset objects reloaded before import = 0Number of asset objects unloaded after import = 1

========================================================================
Received Import Request.
  Time since last request: 0.000065 seconds.
  path: Assets/AddressableAssetsData/AssetGroups/Schemas/Localization-String-Tables-Hindi (hi)_BundledAssetGroupSchema.asset
  artifactKey: Guid(d49eef263b679f64daa9199bfca9a353) Importer(2089858483,934ff659095e30574adcf32a4c2f97b5)
Start importing Assets/AddressableAssetsData/AssetGroups/Schemas/Localization-String-Tables-Hindi (hi)_BundledAssetGroupSchema.asset using Guid(d49eef263b679f64daa9199bfca9a353) Importer(2089858483,934ff659095e30574adcf32a4c2f97b5) (ScriptedImporter) -> (artifact id: '8d43ab83adb610a29212cd11c0571c17') in 0.0727777 seconds
Number of updated asset objects reloaded before import = 0Number of asset objects unloaded after import = 1

========================================================================
Received Import Request.
  Time since last request: 0.000073 seconds.
  path: Assets/Lean/Localization/Languages/English.prefab
  artifactKey: Guid(971ef8207f535194faf411d40b27fb77) Importer(2089858483,934ff659095e30574adcf32a4c2f97b5)
Start importing Assets/Lean/Localization/Languages/English.prefab using Guid(971ef8207f535194faf411d40b27fb77) Importer(2089858483,934ff659095e30574adcf32a4c2f97b5) (ScriptedImporter) -> (artifact id: 'da81f6df26b7d73b0f72416b4305d3f5') in 0.0368285 seconds
Number of updated asset objects reloaded before import = 0Number of asset objects unloaded after import = 5

========================================================================
Received Import Request.
  Time since last request: 0.000031 seconds.
  path: Assets/_Assets/Custome Assets/gameplay sprite/buttons.png
  artifactKey: Guid(d6956d56d61ec2047815bce9dbd5d101) Importer(2089858483,934ff659095e30574adcf32a4c2f97b5)
Start importing Assets/_Assets/Custome Assets/gameplay sprite/buttons.png using Guid(d6956d56d61ec2047815bce9dbd5d101) Importer(2089858483,934ff659095e30574adcf32a4c2f97b5) (ScriptedImporter) -> (artifact id: '465e7b4115655198346121b94e8a03a5') in 0.0444307 seconds
Number of updated asset objects reloaded before import = 0Number of asset objects unloaded after import = 4

========================================================================
Received Import Request.
  Time since last request: 0.000040 seconds.
  path: Assets/_Assets/Custome Assets/gameplay sprite/tree.png
  artifactKey: Guid(bc42c5baae750f24dbcc0234eedda2f5) Importer(2089858483,934ff659095e30574adcf32a4c2f97b5)
Start importing Assets/_Assets/Custome Assets/gameplay sprite/tree.png using Guid(bc42c5baae750f24dbcc0234eedda2f5) Importer(2089858483,934ff659095e30574adcf32a4c2f97b5) (ScriptedImporter) -> (artifact id: '99aa20e7b537b47432360366916fb463') in 0.1240014 seconds
Number of updated asset objects reloaded before import = 0Number of asset objects unloaded after import = 3

========================================================================
Received Import Request.
  Time since last request: 0.000049 seconds.
  path: Assets/_Assets/Custome Assets/gameplay sprite/ground_back.PNG
  artifactKey: Guid(82aac344805aeae45a8851ff25840b5a) Importer(2089858483,934ff659095e30574adcf32a4c2f97b5)
Start importing Assets/_Assets/Custome Assets/gameplay sprite/ground_back.PNG using Guid(82aac344805aeae45a8851ff25840b5a) Importer(2089858483,934ff659095e30574adcf32a4c2f97b5) (ScriptedImporter) -> (artifact id: '3bb3ffef72d7701b2a634c8048ce886f') in 0.0587054 seconds
Number of updated asset objects reloaded before import = 0Number of asset objects unloaded after import = 2

========================================================================
Received Import Request.
  Time since last request: 0.000024 seconds.
  path: Assets/Lean/Localization/Scripts/LeanTranslation.cs
  artifactKey: Guid(262535ccf26608d488744fb304c45389) Importer(2089858483,934ff659095e30574adcf32a4c2f97b5)
Start importing Assets/Lean/Localization/Scripts/LeanTranslation.cs using Guid(262535ccf26608d488744fb304c45389) Importer(2089858483,934ff659095e30574adcf32a4c2f97b5) (ScriptedImporter) -> (artifact id: 'dd7a07461edd848eb6c5f8b395c60cc8') in 0.0390291 seconds
Number of updated asset objects reloaded before import = 0Number of asset objects unloaded after import = 0

========================================================================
Received Import Request.
  Time since last request: 0.000032 seconds.
  path: Assets/_Assets/Scriptable Objects/Level Data/Level 11.asset
  artifactKey: Guid(1b5d657a6b3a81f4194449c659e5c409) Importer(2089858483,934ff659095e30574adcf32a4c2f97b5)
Start importing Assets/_Assets/Scriptable Objects/Level Data/Level 11.asset using Guid(1b5d657a6b3a81f4194449c659e5c409) Importer(2089858483,934ff659095e30574adcf32a4c2f97b5) (ScriptedImporter) -> (artifact id: '5732e5ecef9d34b0ab57ec5986df48c6') in 0.1237355 seconds
Number of updated asset objects reloaded before import = 0Number of asset objects unloaded after import = 266

========================================================================
Received Import Request.
  Time since last request: 0.000048 seconds.
  path: Assets/_Assets/Scriptable Objects/Level Data/Level 1.asset
  artifactKey: Guid(519dca5b6cabc754495370012f2a7d59) Importer(2089858483,934ff659095e30574adcf32a4c2f97b5)
Start importing Assets/_Assets/Scriptable Objects/Level Data/Level 1.asset using Guid(519dca5b6cabc754495370012f2a7d59) Importer(2089858483,934ff659095e30574adcf32a4c2f97b5) (ScriptedImporter) -> (artifact id: '5f34aef8424ab08aa7505757b6359018') in 0.0594963 seconds
Number of updated asset objects reloaded before import = 0Number of asset objects unloaded after import = 48

========================================================================
Received Import Request.
  Time since last request: 0.000026 seconds.
  path: Assets/_Assets/Scriptable Objects/Level Data/Level 21.asset
  artifactKey: Guid(e96e9f4ea02d999488eb9dd85fc173f6) Importer(2089858483,934ff659095e30574adcf32a4c2f97b5)
Start importing Assets/_Assets/Scriptable Objects/Level Data/Level 21.asset using Guid(e96e9f4ea02d999488eb9dd85fc173f6) Importer(2089858483,934ff659095e30574adcf32a4c2f97b5) (ScriptedImporter) -> (artifact id: 'f510b4489cbe2290d6cf09a019fa44dd') in 0.0671939 seconds
Number of updated asset objects reloaded before import = 0Number of asset objects unloaded after import = 312

========================================================================
Received Import Request.
  Time since last request: 0.000039 seconds.
  path: Assets/Lean/Localization/Languages/French.prefab
  artifactKey: Guid(3ac841b7dad7d0a45bd0e21e9da426a1) Importer(2089858483,934ff659095e30574adcf32a4c2f97b5)
Start importing Assets/Lean/Localization/Languages/French.prefab using Guid(3ac841b7dad7d0a45bd0e21e9da426a1) Importer(2089858483,934ff659095e30574adcf32a4c2f97b5) (ScriptedImporter) -> (artifact id: '34ab228ed875c2e88d9eded121719a62') in 0.0375083 seconds
Number of updated asset objects reloaded before import = 0Number of asset objects unloaded after import = 5

========================================================================
Received Import Request.
  Time since last request: 0.000033 seconds.
  path: Assets/_Assets/Scriptable Objects/Level Data/Level 30.asset
  artifactKey: Guid(a9efb0e063baa5d41b50c17686a3cb47) Importer(2089858483,934ff659095e30574adcf32a4c2f97b5)
Start importing Assets/_Assets/Scriptable Objects/Level Data/Level 30.asset using Guid(a9efb0e063baa5d41b50c17686a3cb47) Importer(2089858483,934ff659095e30574adcf32a4c2f97b5) (ScriptedImporter) -> (artifact id: 'b321968fe8291e8412630b38f12f268d') in 0.0653194 seconds
Number of updated asset objects reloaded before import = 0Number of asset objects unloaded after import = 312

========================================================================
Received Import Request.
  Time since last request: 0.000038 seconds.
  path: Assets/_Assets/Scriptable Objects/Level Data/Level 31.asset
  artifactKey: Guid(1fa6235cfc9498d4ea40b6770441a26d) Importer(2089858483,934ff659095e30574adcf32a4c2f97b5)
Start importing Assets/_Assets/Scriptable Objects/Level Data/Level 31.asset using Guid(1fa6235cfc9498d4ea40b6770441a26d) Importer(2089858483,934ff659095e30574adcf32a4c2f97b5) (ScriptedImporter) -> (artifact id: '65f82e3a0cb88c538679fa29ccbc4a30') in 0.0590367 seconds
Number of updated asset objects reloaded before import = 0Number of asset objects unloaded after import = 312

========================================================================
Received Import Request.
  Time since last request: 0.000032 seconds.
  path: Assets/_Assets/Scriptable Objects/Level Data/Level 3.asset
  artifactKey: Guid(3eb6adbface365945832d54006976e5f) Importer(2089858483,934ff659095e30574adcf32a4c2f97b5)
Start importing Assets/_Assets/Scriptable Objects/Level Data/Level 3.asset using Guid(3eb6adbface365945832d54006976e5f) Importer(2089858483,934ff659095e30574adcf32a4c2f97b5) (ScriptedImporter) -> (artifact id: '556325f1e0da4c78f08ba799bdc1dab5') in 0.0413401 seconds
Number of updated asset objects reloaded before import = 0Number of asset objects unloaded after import = 90

========================================================================
Received Import Request.
  Time since last request: 0.000046 seconds.
  path: Assets/_Assets/Scriptable Objects/Level Data/Level 40.asset
  artifactKey: Guid(03388cadf8323894d90e874a80262f18) Importer(2089858483,934ff659095e30574adcf32a4c2f97b5)
Start importing Assets/_Assets/Scriptable Objects/Level Data/Level 40.asset using Guid(03388cadf8323894d90e874a80262f18) Importer(2089858483,934ff659095e30574adcf32a4c2f97b5) (ScriptedImporter) -> (artifact id: '196776234e77027e36aa00762d4b54de') in 0.054912 seconds
Number of updated asset objects reloaded before import = 0Number of asset objects unloaded after import = 312

========================================================================
Received Import Request.
  Time since last request: 0.000047 seconds.
  path: Assets/Lean/Common/Extras/LeanPlane.cs
  artifactKey: Guid(e167f5141e8fbbb429990fdd6dca01c5) Importer(2089858483,934ff659095e30574adcf32a4c2f97b5)
Start importing Assets/Lean/Common/Extras/LeanPlane.cs using Guid(e167f5141e8fbbb429990fdd6dca01c5) Importer(2089858483,934ff659095e30574adcf32a4c2f97b5) (ScriptedImporter) -> (artifact id: '8459c094b12689d43aacb59d779661b7') in 0.0373124 seconds
Number of updated asset objects reloaded before import = 0Number of asset objects unloaded after import = 0

========================================================================
Received Import Request.
  Time since last request: 0.000038 seconds.
  path: Assets/_Assets/Scriptable Objects/Level Data/Level 48.asset
  artifactKey: Guid(5826ad424dda8cc4a8b40e1e62aced12) Importer(2089858483,934ff659095e30574adcf32a4c2f97b5)
Start importing Assets/_Assets/Scriptable Objects/Level Data/Level 48.asset using Guid(5826ad424dda8cc4a8b40e1e62aced12) Importer(2089858483,934ff659095e30574adcf32a4c2f97b5) (ScriptedImporter) -> (artifact id: 'a84cd87f1304b52023d803c35ee14d12') in 0.0792048 seconds
Number of updated asset objects reloaded before import = 0Number of asset objects unloaded after import = 312

========================================================================
Received Import Request.
  Time since last request: 0.000062 seconds.
  path: Assets/_Assets/Scriptable Objects/Level Data/Level 49.asset
  artifactKey: Guid(9f22770cb9b694148a698622cc121257) Importer(2089858483,934ff659095e30574adcf32a4c2f97b5)
Start importing Assets/_Assets/Scriptable Objects/Level Data/Level 49.asset using Guid(9f22770cb9b694148a698622cc121257) Importer(2089858483,934ff659095e30574adcf32a4c2f97b5) (ScriptedImporter) -> (artifact id: 'f8e5e4642dbb74f75a4d0acab5152f87') in 0.0633374 seconds
Number of updated asset objects reloaded before import = 0Number of asset objects unloaded after import = 312

========================================================================
Received Import Request.
  Time since last request: 0.000048 seconds.
  path: Assets/_Assets/Scriptable Objects/Level Data/Level 59.asset
  artifactKey: Guid(68e5c3d015dab574888f0e82738c680e) Importer(2089858483,934ff659095e30574adcf32a4c2f97b5)
Start importing Assets/_Assets/Scriptable Objects/Level Data/Level 59.asset using Guid(68e5c3d015dab574888f0e82738c680e) Importer(2089858483,934ff659095e30574adcf32a4c2f97b5) (ScriptedImporter) -> (artifact id: '06dfa39463673fada240a3e822aaed1f') in 0.0666901 seconds
Number of updated asset objects reloaded before import = 0Number of asset objects unloaded after import = 312

========================================================================
Received Import Request.
  Time since last request: 0.000058 seconds.
  path: Assets/_Assets/Scriptable Objects/Level Data/Level 55.asset
  artifactKey: Guid(a871a97eedcd0084c92d800c39b75741) Importer(2089858483,934ff659095e30574adcf32a4c2f97b5)
Start importing Assets/_Assets/Scriptable Objects/Level Data/Level 55.asset using Guid(a871a97eedcd0084c92d800c39b75741) Importer(2089858483,934ff659095e30574adcf32a4c2f97b5) (ScriptedImporter) -> (artifact id: 'a88ac97b38eee69d5375a67047a4ed46') in 0.0674076 seconds
Number of updated asset objects reloaded before import = 0Number of asset objects unloaded after import = 312

========================================================================
Received Import Request.
  Time since last request: 0.000105 seconds.
  path: Assets/_Assets/Scriptable Objects/Level Data/Level 67.asset
  artifactKey: Guid(8f8a37d7dc296bc47bd84737909df58b) Importer(2089858483,934ff659095e30574adcf32a4c2f97b5)
Start importing Assets/_Assets/Scriptable Objects/Level Data/Level 67.asset using Guid(8f8a37d7dc296bc47bd84737909df58b) Importer(2089858483,934ff659095e30574adcf32a4c2f97b5) (ScriptedImporter) -> (artifact id: '5254169fd9e6d286173cdb087197927d') in 0.0630391 seconds
Number of updated asset objects reloaded before import = 0Number of asset objects unloaded after import = 312

========================================================================
Received Import Request.
  Time since last request: 0.000216 seconds.
  path: Assets/_Assets/Scriptable Objects/Level Data/Level 72.asset
  artifactKey: Guid(4627482c53e5f1e408b1862e44b0ccbf) Importer(2089858483,934ff659095e30574adcf32a4c2f97b5)
Start importing Assets/_Assets/Scriptable Objects/Level Data/Level 72.asset using Guid(4627482c53e5f1e408b1862e44b0ccbf) Importer(2089858483,934ff659095e30574adcf32a4c2f97b5) (ScriptedImporter) -> (artifact id: '9abdcac1aea98c79ee926c07087a68f2') in 0.0729217 seconds
Number of updated asset objects reloaded before import = 0Number of asset objects unloaded after import = 312

========================================================================
Received Import Request.
  Time since last request: 0.000138 seconds.
  path: Assets/_Assets/Scriptable Objects/Level Data/Level 73.asset
  artifactKey: Guid(b270b2a2a4267b142aa8067cd577cf60) Importer(2089858483,934ff659095e30574adcf32a4c2f97b5)
Start importing Assets/_Assets/Scriptable Objects/Level Data/Level 73.asset using Guid(b270b2a2a4267b142aa8067cd577cf60) Importer(2089858483,934ff659095e30574adcf32a4c2f97b5) (ScriptedImporter) -> (artifact id: '20c881a44963c4384834b488c4f10d76') in 0.0822489 seconds
Number of updated asset objects reloaded before import = 0Number of asset objects unloaded after import = 312

========================================================================
Received Import Request.
  Time since last request: 0.000127 seconds.
  path: Assets/_Assets/Scriptable Objects/Level Data/Level 87.asset
  artifactKey: Guid(32358dc9c7b9dcc429b00087b6b1298d) Importer(2089858483,934ff659095e30574adcf32a4c2f97b5)
Start importing Assets/_Assets/Scriptable Objects/Level Data/Level 87.asset using Guid(32358dc9c7b9dcc429b00087b6b1298d) Importer(2089858483,934ff659095e30574adcf32a4c2f97b5) (ScriptedImporter) -> (artifact id: '6416a03b4eb65c88499e59c5d9dee6bf') in 0.0879769 seconds
Number of updated asset objects reloaded before import = 0Number of asset objects unloaded after import = 312

========================================================================
Received Import Request.
  Time since last request: 0.000260 seconds.
  path: Assets/Lean/Localization/Examples/04 Change Language.unity
  artifactKey: Guid(c503bc0d08774bc46b01f7f962634a94) Importer(2089858483,934ff659095e30574adcf32a4c2f97b5)
Start importing Assets/Lean/Localization/Examples/04 Change Language.unity using Guid(c503bc0d08774bc46b01f7f962634a94) Importer(2089858483,934ff659095e30574adcf32a4c2f97b5) (ScriptedImporter) -> (artifact id: '75b165e5785b8b0c77af6575710d4be7') in 0.0414508 seconds
Number of updated asset objects reloaded before import = 0Number of asset objects unloaded after import = 1

========================================================================
Received Import Request.
  Time since last request: 0.000050 seconds.
  path: Assets/_Assets/Scriptable Objects/Level Data/Level 61.asset
  artifactKey: Guid(397cff08972233a499d8cbd53b2b863d) Importer(2089858483,934ff659095e30574adcf32a4c2f97b5)
Start importing Assets/_Assets/Scriptable Objects/Level Data/Level 61.asset using Guid(397cff08972233a499d8cbd53b2b863d) Importer(2089858483,934ff659095e30574adcf32a4c2f97b5) (ScriptedImporter) -> (artifact id: 'bc48718773d5c95b77a88216e80076d2') in 0.0763568 seconds
Number of updated asset objects reloaded before import = 0Number of asset objects unloaded after import = 312

========================================================================
Received Import Request.
  Time since last request: 0.000070 seconds.
  path: Assets/_Assets/Scriptable Objects/Level Data/Level 99.asset
  artifactKey: Guid(69d329786f1997245b8ff37abb3b8cd6) Importer(2089858483,934ff659095e30574adcf32a4c2f97b5)
Start importing Assets/_Assets/Scriptable Objects/Level Data/Level 99.asset using Guid(69d329786f1997245b8ff37abb3b8cd6) Importer(2089858483,934ff659095e30574adcf32a4c2f97b5) (ScriptedImporter) -> (artifact id: '9aeba88bd95ccc63efdb98eca81ea9c6') in 0.0608175 seconds
Number of updated asset objects reloaded before import = 0Number of asset objects unloaded after import = 312

========================================================================
Received Import Request.
  Time since last request: 0.000060 seconds.
  path: Assets/_Assets/Scriptable Objects/Level Data/Level 95.asset
  artifactKey: Guid(c7c1fa61433067d429563f59c9b6a054) Importer(2089858483,934ff659095e30574adcf32a4c2f97b5)
Start importing Assets/_Assets/Scriptable Objects/Level Data/Level 95.asset using Guid(c7c1fa61433067d429563f59c9b6a054) Importer(2089858483,934ff659095e30574adcf32a4c2f97b5) (ScriptedImporter) -> (artifact id: 'fae7a0b784d49e2b587d47485061a60b') in 0.0623594 seconds
Number of updated asset objects reloaded before import = 0Number of asset objects unloaded after import = 312

========================================================================
Received Import Request.
  Time since last request: 0.000055 seconds.
  path: Assets/_Assets/Scriptable Objects/Level Data/Level 81.asset
  artifactKey: Guid(1a3b1c4770c714841ba78c54515b397b) Importer(2089858483,934ff659095e30574adcf32a4c2f97b5)
Start importing Assets/_Assets/Scriptable Objects/Level Data/Level 81.asset using Guid(1a3b1c4770c714841ba78c54515b397b) Importer(2089858483,934ff659095e30574adcf32a4c2f97b5) (ScriptedImporter) -> (artifact id: '3378df769762fea929548a5567a1f8d3') in 0.0835799 seconds
Number of updated asset objects reloaded before import = 0Number of asset objects unloaded after import = 312

========================================================================
Received Import Request.
  Time since last request: 0.000033 seconds.
  path: Assets/_Assets/Scripts/UI Scripts/UImanager.cs
  artifactKey: Guid(a3923229993593849bd88981cbf03db1) Importer(2089858483,934ff659095e30574adcf32a4c2f97b5)
Start importing Assets/_Assets/Scripts/UI Scripts/UImanager.cs using Guid(a3923229993593849bd88981cbf03db1) Importer(2089858483,934ff659095e30574adcf32a4c2f97b5) (ScriptedImporter) -> (artifact id: 'de325d0dc61328dca3ac2c79af318453') in 0.0264899 seconds
Number of updated asset objects reloaded before import = 0Number of asset objects unloaded after import = 0

========================================================================
Received Import Request.
  Time since last request: 0.000040 seconds.
  path: Assets/_Assets/Scripts/UI Scripts/CreditBackToMenu.cs
  artifactKey: Guid(9c55f104b92799e458a347335f9701e5) Importer(2089858483,934ff659095e30574adcf32a4c2f97b5)
Start importing Assets/_Assets/Scripts/UI Scripts/CreditBackToMenu.cs using Guid(9c55f104b92799e458a347335f9701e5) Importer(2089858483,934ff659095e30574adcf32a4c2f97b5) (ScriptedImporter) -> (artifact id: 'e737f346f93fe3d950591664c8941d20') in 0.0331742 seconds
Number of updated asset objects reloaded before import = 0Number of asset objects unloaded after import = 0

========================================================================
Received Import Request.
  Time since last request: 0.000047 seconds.
  path: Assets/Lean/Common/Scripts/LeanInput.cs
  artifactKey: Guid(5d7cb908f09132640b4ef9497b45e0c0) Importer(2089858483,934ff659095e30574adcf32a4c2f97b5)
Start importing Assets/Lean/Common/Scripts/LeanInput.cs using Guid(5d7cb908f09132640b4ef9497b45e0c0) Importer(2089858483,934ff659095e30574adcf32a4c2f97b5) (ScriptedImporter) -> (artifact id: '21e8c8d53653870e78397ada594a27d6') in 0.0331577 seconds
Number of updated asset objects reloaded before import = 0Number of asset objects unloaded after import = 0

========================================================================
Received Import Request.
  Time since last request: 0.000028 seconds.
  path: Assets/_Assets/Audios/0_Lose Game 2.wav
  artifactKey: Guid(eb1137691e6d13143b3d67797753172d) Importer(2089858483,934ff659095e30574adcf32a4c2f97b5)
Start importing Assets/_Assets/Audios/0_Lose Game 2.wav using Guid(eb1137691e6d13143b3d67797753172d) Importer(2089858483,934ff659095e30574adcf32a4c2f97b5) (ScriptedImporter) -> (artifact id: '3f7da6c41f0eeb6890892b266ba44697') in 0.0332209 seconds
Number of updated asset objects reloaded before import = 0Number of asset objects unloaded after import = 1

========================================================================
Received Import Request.
  Time since last request: 0.000040 seconds.
  path: Assets/_Assets/Scripts/Game Scripts/Coin.cs
  artifactKey: Guid(92f40ae27a92f904baa6258cf9c24137) Importer(2089858483,934ff659095e30574adcf32a4c2f97b5)
Start importing Assets/_Assets/Scripts/Game Scripts/Coin.cs using Guid(92f40ae27a92f904baa6258cf9c24137) Importer(2089858483,934ff659095e30574adcf32a4c2f97b5) (ScriptedImporter) -> (artifact id: '5cf87bfa9c808f249c00e979a05753f4') in 0.0325678 seconds
Number of updated asset objects reloaded before import = 0Number of asset objects unloaded after import = 0

========================================================================
Received Import Request.
  Time since last request: 0.000077 seconds.
  path: Assets/Lean/Common/Examples/Fonts/VarelaRound-Regular.txt
  artifactKey: Guid(d3bf4a59b3982614bb8b244963bac3ad) Importer(2089858483,934ff659095e30574adcf32a4c2f97b5)
Start importing Assets/Lean/Common/Examples/Fonts/VarelaRound-Regular.txt using Guid(d3bf4a59b3982614bb8b244963bac3ad) Importer(2089858483,934ff659095e30574adcf32a4c2f97b5) (ScriptedImporter) -> (artifact id: 'e95c2715354fb1b31407001b0fd88c56') in 0.0349603 seconds
Number of updated asset objects reloaded before import = 0Number of asset objects unloaded after import = 1

========================================================================
Received Import Request.
  Time since last request: 0.000038 seconds.
  path: Assets/Lean/Common/Examples/Materials/Orange.mat
  artifactKey: Guid(d15897a066fc1bd4e873db20d70da822) Importer(2089858483,934ff659095e30574adcf32a4c2f97b5)
Start importing Assets/Lean/Common/Examples/Materials/Orange.mat using Guid(d15897a066fc1bd4e873db20d70da822) Importer(2089858483,934ff659095e30574adcf32a4c2f97b5) (ScriptedImporter) -> (artifact id: '2a06df55ef050261ba0aa9c4b758a395') in 0.042735 seconds
Number of updated asset objects reloaded before import = 0Number of asset objects unloaded after import = 1

========================================================================
Received Import Request.
  Time since last request: 0.000028 seconds.
  path: Assets/Scenes/Levels/Level 17.unity
  artifactKey: Guid(be2d86e615f6fc2438f220dd3c9225c3) Importer(2089858483,934ff659095e30574adcf32a4c2f97b5)
Start importing Assets/Scenes/Levels/Level 17.unity using Guid(be2d86e615f6fc2438f220dd3c9225c3) Importer(2089858483,934ff659095e30574adcf32a4c2f97b5) (ScriptedImporter) -> (artifact id: '2726ae006866f57b1eef913e917d8501') in 0.0292568 seconds
Number of updated asset objects reloaded before import = 0Number of asset objects unloaded after import = 1

========================================================================
Received Import Request.
  Time since last request: 0.000058 seconds.
  path: Assets/TextMesh Pro/Resources/Fonts & Materials/LiberationSans SDF.asset
  artifactKey: Guid(8f586378b4e144a9851e7b34d9b748ee) Importer(2089858483,934ff659095e30574adcf32a4c2f97b5)
Start importing Assets/TextMesh Pro/Resources/Fonts & Materials/LiberationSans SDF.asset using Guid(8f586378b4e144a9851e7b34d9b748ee) Importer(2089858483,934ff659095e30574adcf32a4c2f97b5) (ScriptedImporter) -> (artifact id: '370a7efe286049a3a787031f76f0f8f6') in 0.0955333 seconds
Number of updated asset objects reloaded before import = 0Number of asset objects unloaded after import = 8

========================================================================
Received Import Request.
  Time since last request: 0.000030 seconds.
  path: Assets/Lean/Common/Examples/Shaders/Alpha.shader
  artifactKey: Guid(0d949f33aae55df4d92d64ec31581556) Importer(2089858483,934ff659095e30574adcf32a4c2f97b5)
Start importing Assets/Lean/Common/Examples/Shaders/Alpha.shader using Guid(0d949f33aae55df4d92d64ec31581556) Importer(2089858483,934ff659095e30574adcf32a4c2f97b5) (ScriptedImporter) -> (artifact id: 'e7e96be464ce17430c058ee382878cb3') in 0.0356835 seconds
Number of updated asset objects reloaded before import = 0Number of asset objects unloaded after import = 1

========================================================================
Received Import Request.
  Time since last request: 0.000036 seconds.
  path: Assets/Lean/Localization/Examples/Media/English.txt
  artifactKey: Guid(812e21288bcfd9e40affbcf1ebc16951) Importer(2089858483,934ff659095e30574adcf32a4c2f97b5)
Start importing Assets/Lean/Localization/Examples/Media/English.txt using Guid(812e21288bcfd9e40affbcf1ebc16951) Importer(2089858483,934ff659095e30574adcf32a4c2f97b5) (ScriptedImporter) -> (artifact id: '25482eb64eb2befdb74655c888c39c19') in 0.0321052 seconds
Number of updated asset objects reloaded before import = 0Number of asset objects unloaded after import = 1

========================================================================
Received Import Request.
  Time since last request: 0.000077 seconds.
  path: Assets/Lean/Localization/Examples/Media/Hello.prefab
  artifactKey: Guid(fd4f32358c1e55b4494faaa9c628be27) Importer(2089858483,934ff659095e30574adcf32a4c2f97b5)
Start importing Assets/Lean/Localization/Examples/Media/Hello.prefab using Guid(fd4f32358c1e55b4494faaa9c628be27) Importer(2089858483,934ff659095e30574adcf32a4c2f97b5) (ScriptedImporter) -> (artifact id: 'aff32ea6fb793cd2ae2c8f6302f12d61') in 0.0400679 seconds
Number of updated asset objects reloaded before import = 0Number of asset objects unloaded after import = 5

========================================================================
Received Import Request.
  Time since last request: 0.000040 seconds.
  path: Assets/Lean/Common/Examples/Textures/Grid.png
  artifactKey: Guid(026cfa8e99aa0914faa770f5d4c58a23) Importer(2089858483,934ff659095e30574adcf32a4c2f97b5)
Start importing Assets/Lean/Common/Examples/Textures/Grid.png using Guid(026cfa8e99aa0914faa770f5d4c58a23) Importer(2089858483,934ff659095e30574adcf32a4c2f97b5) (ScriptedImporter) -> (artifact id: '969996305a98810024818a3fce8c4569') in 0.0330748 seconds
Number of updated asset objects reloaded before import = 0Number of asset objects unloaded after import = 1

========================================================================
Received Import Request.
  Time since last request: 0.000040 seconds.
  path: Assets/Lean/Common/Examples/Shaders/Object.shader
  artifactKey: Guid(c499d6dd2ed58ca40a1377bae53ec0ee) Importer(2089858483,934ff659095e30574adcf32a4c2f97b5)
Start importing Assets/Lean/Common/Examples/Shaders/Object.shader using Guid(c499d6dd2ed58ca40a1377bae53ec0ee) Importer(2089858483,934ff659095e30574adcf32a4c2f97b5) (ScriptedImporter) -> (artifact id: 'eff147b2290921a60a20f90ea5bbc59c') in 0.0289143 seconds
Number of updated asset objects reloaded before import = 0Number of asset objects unloaded after import = 1

========================================================================
Received Import Request.
  Time since last request: 0.000042 seconds.
  path: Assets/Lean/Common/Examples/Materials/White.mat
  artifactKey: Guid(c4dab12b6ad08384ba8a3ce2f7eba5f7) Importer(2089858483,934ff659095e30574adcf32a4c2f97b5)
Start importing Assets/Lean/Common/Examples/Materials/White.mat using Guid(c4dab12b6ad08384ba8a3ce2f7eba5f7) Importer(2089858483,934ff659095e30574adcf32a4c2f97b5) (ScriptedImporter) -> (artifact id: 'b5f22e37383417139d01b94050c3bae1') in 0.0272224 seconds
Number of updated asset objects reloaded before import = 0Number of asset objects unloaded after import = 1

========================================================================
Received Import Request.
  Time since last request: 0.000026 seconds.
  path: Assets/Plugins/Pixelplacement/iTween/ReadMe!/ReadMe!.txt
  artifactKey: Guid(b68b11cac1ab04f95985e32ea67b8435) Importer(2089858483,934ff659095e30574adcf32a4c2f97b5)
Start importing Assets/Plugins/Pixelplacement/iTween/ReadMe!/ReadMe!.txt using Guid(b68b11cac1ab04f95985e32ea67b8435) Importer(2089858483,934ff659095e30574adcf32a4c2f97b5) (ScriptedImporter) -> (artifact id: 'd3508b6f35d776a7dc1a2af5d333c967') in 0.0329959 seconds
Number of updated asset objects reloaded before import = 0Number of asset objects unloaded after import = 1

========================================================================
Received Import Request.
  Time since last request: 0.000027 seconds.
  path: Assets/_Assets/Animations/Bird Animaitons/Bird Animations/Bird Idle.controller
  artifactKey: Guid(3bd0fa5a67c053a4c91ef4f88668349a) Importer(2089858483,934ff659095e30574adcf32a4c2f97b5)
Start importing Assets/_Assets/Animations/Bird Animaitons/Bird Animations/Bird Idle.controller using Guid(3bd0fa5a67c053a4c91ef4f88668349a) Importer(2089858483,934ff659095e30574adcf32a4c2f97b5) (ScriptedImporter) -> (artifact id: 'd5bb0f70bf50d3cb5150ee1a82b55d80') in 0.062614 seconds
Number of updated asset objects reloaded before import = 0Number of asset objects unloaded after import = 7

========================================================================
Received Import Request.
  Time since last request: 0.000079 seconds.
  path: Assets/Plugins/Pixelplacement/iTween/Sample/RotateSample.cs
  artifactKey: Guid(d6bc01eb564f142a1ada6ced5215636a) Importer(2089858483,934ff659095e30574adcf32a4c2f97b5)
Start importing Assets/Plugins/Pixelplacement/iTween/Sample/RotateSample.cs using Guid(d6bc01eb564f142a1ada6ced5215636a) Importer(2089858483,934ff659095e30574adcf32a4c2f97b5) (ScriptedImporter) -> (artifact id: '5f4a053c6d6993e08efa0b43d4de486c') in 0.0375542 seconds
Number of updated asset objects reloaded before import = 0Number of asset objects unloaded after import = 0

========================================================================
Received Import Request.
  Time since last request: 0.000047 seconds.
  path: Assets/Plugins/Pixelplacement/iTween/Images/iTweenNews.png
  artifactKey: Guid(70ae88ee4c1a745d0819de61ec68af19) Importer(2089858483,934ff659095e30574adcf32a4c2f97b5)
Start importing Assets/Plugins/Pixelplacement/iTween/Images/iTweenNews.png using Guid(70ae88ee4c1a745d0819de61ec68af19) Importer(2089858483,934ff659095e30574adcf32a4c2f97b5) (ScriptedImporter) -> (artifact id: '67ba0f784c78f4cf176db358894372c3') in 0.0626055 seconds
Number of updated asset objects reloaded before import = 0Number of asset objects unloaded after import = 2

========================================================================
Received Import Request.
  Time since last request: 0.000036 seconds.
  path: Assets/Lean/Localization/Scripts/Behaviours/LeanLocalizedTextMesh.cs
  artifactKey: Guid(365897690d9e7c54f9fd65401bffb0d3) Importer(2089858483,934ff659095e30574adcf32a4c2f97b5)
Start importing Assets/Lean/Localization/Scripts/Behaviours/LeanLocalizedTextMesh.cs using Guid(365897690d9e7c54f9fd65401bffb0d3) Importer(2089858483,934ff659095e30574adcf32a4c2f97b5) (ScriptedImporter) -> (artifact id: '3df70919f27744564aa8dd7990bb0d8e') in 0.031029 seconds
Number of updated asset objects reloaded before import = 0Number of asset objects unloaded after import = 0

========================================================================
Received Import Request.
  Time since last request: 0.000058 seconds.
  path: Assets/_Assets/Custome Assets/HoldMyEgg-Complete/GamePlayAssets/coin sprite .png
  artifactKey: Guid(7649bb97993cee94c91b556b9456f84d) Importer(2089858483,934ff659095e30574adcf32a4c2f97b5)
Start importing Assets/_Assets/Custome Assets/HoldMyEgg-Complete/GamePlayAssets/coin sprite .png using Guid(7649bb97993cee94c91b556b9456f84d) Importer(2089858483,934ff659095e30574adcf32a4c2f97b5) (ScriptedImporter) -> (artifact id: '0ff889b2356a1d33546182e8df8f7384') in 0.056806 seconds
Number of updated asset objects reloaded before import = 0Number of asset objects unloaded after import = 8

========================================================================
Received Import Request.
  Time since last request: 0.000069 seconds.
  path: Assets/_Assets/Custome Assets/Egg game assets/shop/shop_removeads.png
  artifactKey: Guid(f7c764ee16fc2104494e85ed456a20f5) Importer(2089858483,934ff659095e30574adcf32a4c2f97b5)
Start importing Assets/_Assets/Custome Assets/Egg game assets/shop/shop_removeads.png using Guid(f7c764ee16fc2104494e85ed456a20f5) Importer(2089858483,934ff659095e30574adcf32a4c2f97b5) (ScriptedImporter) -> (artifact id: 'a3ece08403b171ec79b91a26cf02cfe1') in 0.0327649 seconds
Number of updated asset objects reloaded before import = 0Number of asset objects unloaded after import = 2

========================================================================
Received Import Request.
  Time since last request: 0.000026 seconds.
  path: Assets/_Assets/Custome Assets/HoldMyEgg-Complete/GamePlayAssets/Birch_Leaf.tif
  artifactKey: Guid(966d72b93073feb40bcaec8083ae310c) Importer(2089858483,934ff659095e30574adcf32a4c2f97b5)
Start importing Assets/_Assets/Custome Assets/HoldMyEgg-Complete/GamePlayAssets/Birch_Leaf.tif using Guid(966d72b93073feb40bcaec8083ae310c) Importer(2089858483,934ff659095e30574adcf32a4c2f97b5) (ScriptedImporter) -> (artifact id: '05f34bbb58985cc29f46b611e88a2a7e') in 0.0389616 seconds
Number of updated asset objects reloaded before import = 0Number of asset objects unloaded after import = 2

========================================================================
Received Import Request.
  Time since last request: 0.000029 seconds.
  path: Assets/_Assets/Custome Assets/HoldMyEgg-Complete/game over/popups.PNG
  artifactKey: Guid(adca62db447b03d4894793cd5592998c) Importer(2089858483,934ff659095e30574adcf32a4c2f97b5)
Start importing Assets/_Assets/Custome Assets/HoldMyEgg-Complete/game over/popups.PNG using Guid(adca62db447b03d4894793cd5592998c) Importer(2089858483,934ff659095e30574adcf32a4c2f97b5) (ScriptedImporter) -> (artifact id: '2d13f6fa0275dbacac644d6de77025e6') in 0.0505291 seconds
Number of updated asset objects reloaded before import = 0Number of asset objects unloaded after import = 2

========================================================================
Received Import Request.
  Time since last request: 0.000058 seconds.
  path: Assets/_Assets/Custome Assets/HoldMyEgg-Complete/Main Menu/cloud_4.PNG
  artifactKey: Guid(ad36fea39b2a6a046bb106426391c0a2) Importer(2089858483,934ff659095e30574adcf32a4c2f97b5)
Start importing Assets/_Assets/Custome Assets/HoldMyEgg-Complete/Main Menu/cloud_4.PNG using Guid(ad36fea39b2a6a046bb106426391c0a2) Importer(2089858483,934ff659095e30574adcf32a4c2f97b5) (ScriptedImporter) -> (artifact id: '05c8b4bc0478f75c7bd34a6e3aa5af8a') in 0.0378966 seconds
Number of updated asset objects reloaded before import = 0Number of asset objects unloaded after import = 2

========================================================================
Received Import Request.
  Time since last request: 0.000031 seconds.
  path: Assets/_Assets/Custome Assets/HoldMyEgg-Complete/Main Menu/button.PNG
  artifactKey: Guid(64c418c141159cd418b0634590d4d8fa) Importer(2089858483,934ff659095e30574adcf32a4c2f97b5)
Start importing Assets/_Assets/Custome Assets/HoldMyEgg-Complete/Main Menu/button.PNG using Guid(64c418c141159cd418b0634590d4d8fa) Importer(2089858483,934ff659095e30574adcf32a4c2f97b5) (ScriptedImporter) -> (artifact id: '9c4164919e8902c7ca1928d9d18d3cc3') in 0.040738 seconds
Number of updated asset objects reloaded before import = 0Number of asset objects unloaded after import = 2

========================================================================
Received Import Request.
  Time since last request: 0.000036 seconds.
  path: Assets/_Assets/Custome Assets/HoldMyEgg-Complete/Main Menu/logo_hold_my_egg.PNG
  artifactKey: Guid(3597c1e68bb3895478ec84625cd85767) Importer(2089858483,934ff659095e30574adcf32a4c2f97b5)
Start importing Assets/_Assets/Custome Assets/HoldMyEgg-Complete/Main Menu/logo_hold_my_egg.PNG using Guid(3597c1e68bb3895478ec84625cd85767) Importer(2089858483,934ff659095e30574adcf32a4c2f97b5) (ScriptedImporter) -> (artifact id: 'e27f3a488ee0aa30074b34b945eaf476') in 0.0373877 seconds
Number of updated asset objects reloaded before import = 0Number of asset objects unloaded after import = 2

========================================================================
Received Import Request.
  Time since last request: 0.000046 seconds.
  path: Assets/_Assets/Custome Assets/HoldMyEgg-Complete/Main Menu/cloud_5.PNG
  artifactKey: Guid(74b66e1e311ef0b4bbfa147951dd7835) Importer(2089858483,934ff659095e30574adcf32a4c2f97b5)
Start importing Assets/_Assets/Custome Assets/HoldMyEgg-Complete/Main Menu/cloud_5.PNG using Guid(74b66e1e311ef0b4bbfa147951dd7835) Importer(2089858483,934ff659095e30574adcf32a4c2f97b5) (ScriptedImporter) -> (artifact id: '9de7e3f80ecbb9e25676bc87fc415bda') in 0.0492503 seconds
Number of updated asset objects reloaded before import = 0Number of asset objects unloaded after import = 2

========================================================================
Received Import Request.
  Time since last request: 0.000035 seconds.
  path: Assets/_Assets/Custome Assets/HoldMyEgg-Complete/Settings/on.PNG
  artifactKey: Guid(7b34f8cd3b277fe468cf3bdae1fba523) Importer(2089858483,934ff659095e30574adcf32a4c2f97b5)
Start importing Assets/_Assets/Custome Assets/HoldMyEgg-Complete/Settings/on.PNG using Guid(7b34f8cd3b277fe468cf3bdae1fba523) Importer(2089858483,934ff659095e30574adcf32a4c2f97b5) (ScriptedImporter) -> (artifact id: '7a0d126864553224eef8d88870967153') in 0.0392414 seconds
Number of updated asset objects reloaded before import = 0Number of asset objects unloaded after import = 2

========================================================================
Received Import Request.
  Time since last request: 0.000028 seconds.
  path: Assets/_Assets/Fonts/Poppins/poppins/Poppins-LightItalic.otf
  artifactKey: Guid(c06c27f1e3d028e448e525baaadd321c) Importer(2089858483,934ff659095e30574adcf32a4c2f97b5)
Start importing Assets/_Assets/Fonts/Poppins/poppins/Poppins-LightItalic.otf using Guid(c06c27f1e3d028e448e525baaadd321c) Importer(2089858483,934ff659095e30574adcf32a4c2f97b5) (ScriptedImporter) -> (artifact id: '70f7f745e7f324d6526bc077e2f45ca4') in 0.0484503 seconds
Number of updated asset objects reloaded before import = 0Number of asset objects unloaded after import = 3

========================================================================
Received Import Request.
  Time since last request: 0.000069 seconds.
  path: Assets/_Assets/Fonts/Poppins/poppins/Poppins-ExtraBoldItalic.otf
  artifactKey: Guid(5aae251674e9cb14f955af72268412fe) Importer(2089858483,934ff659095e30574adcf32a4c2f97b5)
Start importing Assets/_Assets/Fonts/Poppins/poppins/Poppins-ExtraBoldItalic.otf using Guid(5aae251674e9cb14f955af72268412fe) Importer(2089858483,934ff659095e30574adcf32a4c2f97b5) (ScriptedImporter) -> (artifact id: '62b0a20a7b6dea48376ef9f479b8137f') in 0.0413624 seconds
Number of updated asset objects reloaded before import = 0Number of asset objects unloaded after import = 3

========================================================================
Received Import Request.
  Time since last request: 0.000148 seconds.
  path: Assets/_Assets/Fonts/Poppins/poppins/Poppins-SemiBold.otf
  artifactKey: Guid(693f4d25b2b343349a8b36cafad8c329) Importer(2089858483,934ff659095e30574adcf32a4c2f97b5)
Start importing Assets/_Assets/Fonts/Poppins/poppins/Poppins-SemiBold.otf using Guid(693f4d25b2b343349a8b36cafad8c329) Importer(2089858483,934ff659095e30574adcf32a4c2f97b5) (ScriptedImporter) -> (artifact id: '724b1db94dc9ff1959e137027deebf15') in 0.0487831 seconds
Number of updated asset objects reloaded before import = 0Number of asset objects unloaded after import = 3

========================================================================
Received Import Request.
  Time since last request: 0.000032 seconds.
  path: Assets/_Assets/Scripts/UI Scripts/Settings.cs
  artifactKey: Guid(2ffdd864e93564943a03466de98d1614) Importer(2089858483,934ff659095e30574adcf32a4c2f97b5)
Start importing Assets/_Assets/Scripts/UI Scripts/Settings.cs using Guid(2ffdd864e93564943a03466de98d1614) Importer(2089858483,934ff659095e30574adcf32a4c2f97b5) (ScriptedImporter) -> (artifact id: '4450a76ad180224ee64bbcbbe90719c7') in 0.02881 seconds
Number of updated asset objects reloaded before import = 0Number of asset objects unloaded after import = 0

========================================================================
Received Import Request.
  Time since last request: 0.000083 seconds.
  path: Assets/Lean/Localization/Examples/Media/Japanese.txt
  artifactKey: Guid(77acbde875576d14a9ed607fddafd1b4) Importer(2089858483,934ff659095e30574adcf32a4c2f97b5)
Start importing Assets/Lean/Localization/Examples/Media/Japanese.txt using Guid(77acbde875576d14a9ed607fddafd1b4) Importer(2089858483,934ff659095e30574adcf32a4c2f97b5) (ScriptedImporter) -> (artifact id: '5531cc96e15ad2a2568d9a7a9a0aa4bf') in 0.0439055 seconds
Number of updated asset objects reloaded before import = 0Number of asset objects unloaded after import = 1

========================================================================
Received Import Request.
  Time since last request: 0.000022 seconds.
  path: Assets/Lean/Localization/Scripts/Behaviours/TMP/LeanLocalizedTextMeshProUGUI.cs
  artifactKey: Guid(dbf51be86e70d7941bd40914206e4ddc) Importer(2089858483,934ff659095e30574adcf32a4c2f97b5)
Start importing Assets/Lean/Localization/Scripts/Behaviours/TMP/LeanLocalizedTextMeshProUGUI.cs using Guid(dbf51be86e70d7941bd40914206e4ddc) Importer(2089858483,934ff659095e30574adcf32a4c2f97b5) (ScriptedImporter) -> (artifact id: '4d2a855a2a0f1c690a4c9e6cef7c55b6') in 0.0293298 seconds
Number of updated asset objects reloaded before import = 0Number of asset objects unloaded after import = 0

========================================================================
Received Import Request.
  Time since last request: 0.000034 seconds.
  path: Assets/_Assets/Prefab/Bowls Prefabs/Moving Bowls/pf_Green Patrolling Bowls.prefab
  artifactKey: Guid(dc729fdb9503e4e419e219434225c4f4) Importer(2089858483,934ff659095e30574adcf32a4c2f97b5)
Start importing Assets/_Assets/Prefab/Bowls Prefabs/Moving Bowls/pf_Green Patrolling Bowls.prefab using Guid(dc729fdb9503e4e419e219434225c4f4) Importer(2089858483,934ff659095e30574adcf32a4c2f97b5) (ScriptedImporter) -> (artifact id: '3026a88721e271f30613aed3578947d1') in 0.0302775 seconds
Number of updated asset objects reloaded before import = 0Number of asset objects unloaded after import = 20

========================================================================
Received Import Request.
  Time since last request: 0.000057 seconds.
  path: Assets/_Assets/Prefab/Bowls Prefabs/Stationery Bowls/pf_Red stationery Bowl.prefab
  artifactKey: Guid(124084cc9a9481f449ffdd6a6fa0329c) Importer(2089858483,934ff659095e30574adcf32a4c2f97b5)
Start importing Assets/_Assets/Prefab/Bowls Prefabs/Stationery Bowls/pf_Red stationery Bowl.prefab using Guid(124084cc9a9481f449ffdd6a6fa0329c) Importer(2089858483,934ff659095e30574adcf32a4c2f97b5) (ScriptedImporter) -> (artifact id: 'c56181780129c15c1280e847c010f670') in 0.0503138 seconds
Number of updated asset objects reloaded before import = 0Number of asset objects unloaded after import = 19

========================================================================
Received Import Request.
  Time since last request: 0.000032 seconds.
  path: Assets/_Assets/Prefab/Bowls Prefabs/Moving Bowls/pf_Red Patrolling Bowls.prefab
  artifactKey: Guid(64ebe08f45ce1f94ab0d830dcc484ac3) Importer(2089858483,934ff659095e30574adcf32a4c2f97b5)
Start importing Assets/_Assets/Prefab/Bowls Prefabs/Moving Bowls/pf_Red Patrolling Bowls.prefab using Guid(64ebe08f45ce1f94ab0d830dcc484ac3) Importer(2089858483,934ff659095e30574adcf32a4c2f97b5) (ScriptedImporter) -> (artifact id: '0a4dde9269e0f781a5929c9801eee5b0') in 0.0333046 seconds
Number of updated asset objects reloaded before import = 0Number of asset objects unloaded after import = 20

========================================================================
Received Import Request.
  Time since last request: 0.000047 seconds.
  path: Assets/_Assets/Prefab/Bowls Prefabs/Stationery Bowls/pf_Blue Stationery Bowl.prefab
  artifactKey: Guid(7449e86541ddf37469d636c2b406f661) Importer(2089858483,934ff659095e30574adcf32a4c2f97b5)
Start importing Assets/_Assets/Prefab/Bowls Prefabs/Stationery Bowls/pf_Blue Stationery Bowl.prefab using Guid(7449e86541ddf37469d636c2b406f661) Importer(2089858483,934ff659095e30574adcf32a4c2f97b5) (ScriptedImporter) -> (artifact id: '0ca5593aa765f31dd240201cde3bfc72') in 0.0396409 seconds
Number of updated asset objects reloaded before import = 0Number of asset objects unloaded after import = 20

========================================================================
Received Import Request.
  Time since last request: 0.000046 seconds.
  path: Assets/LunarConsole/Editor/iOS/Common/Images/lunar_console_icon_button_clear@3x.png
  artifactKey: Guid(9f6f42b0caf4e4b1db5f7f9aecb89783) Importer(2089858483,934ff659095e30574adcf32a4c2f97b5)
Start importing Assets/LunarConsole/Editor/iOS/Common/Images/lunar_console_icon_button_clear@3x.png using Guid(9f6f42b0caf4e4b1db5f7f9aecb89783) Importer(2089858483,934ff659095e30574adcf32a4c2f97b5) (ScriptedImporter) -> (artifact id: '3ca1a6f482ad2303742961cf12a39ba6') in 0.0364504 seconds
Number of updated asset objects reloaded before import = 0Number of asset objects unloaded after import = 1

========================================================================
Received Import Request.
  Time since last request: 0.000023 seconds.
  path: Assets/LunarConsole/Editor/iOS/Common/Images/lunar_console_icon_button_clear.png
  artifactKey: Guid(ab44198d863a64833971a4f04f538ab1) Importer(2089858483,934ff659095e30574adcf32a4c2f97b5)
Start importing Assets/LunarConsole/Editor/iOS/Common/Images/lunar_console_icon_button_clear.png using Guid(ab44198d863a64833971a4f04f538ab1) Importer(2089858483,934ff659095e30574adcf32a4c2f97b5) (ScriptedImporter) -> (artifact id: 'fa718bcadcc39b16233554a7d962854c') in 0.0312629 seconds
Number of updated asset objects reloaded before import = 0Number of asset objects unloaded after import = 1

========================================================================
Received Import Request.
  Time since last request: 0.000039 seconds.
  path: Assets/Lean/Localization/Scripts/Behaviours/TMP/LeanLocalizedTextMeshProUGUIFont.cs
  artifactKey: Guid(e9d52b33a5902e643bced0385fa6840b) Importer(2089858483,934ff659095e30574adcf32a4c2f97b5)
Start importing Assets/Lean/Localization/Scripts/Behaviours/TMP/LeanLocalizedTextMeshProUGUIFont.cs using Guid(e9d52b33a5902e643bced0385fa6840b) Importer(2089858483,934ff659095e30574adcf32a4c2f97b5) (ScriptedImporter) -> (artifact id: 'c7021409449248a3ccd4cb94803c7c1f') in 0.0388529 seconds
Number of updated asset objects reloaded before import = 0Number of asset objects unloaded after import = 0

========================================================================
Received Import Request.
  Time since last request: 0.000040 seconds.
  path: Assets/Lean/Localization/Scripts/Behaviours/TMP/LeanLocalization.TMP.asmdef
  artifactKey: Guid(3cf9a93b8a0ff5647becf82d3d0c52cc) Importer(2089858483,934ff659095e30574adcf32a4c2f97b5)
Start importing Assets/Lean/Localization/Scripts/Behaviours/TMP/LeanLocalization.TMP.asmdef using Guid(3cf9a93b8a0ff5647becf82d3d0c52cc) Importer(2089858483,934ff659095e30574adcf32a4c2f97b5) (ScriptedImporter) -> (artifact id: '673c4566a230c035690c303d6369d2c1') in 0.031427 seconds
Number of updated asset objects reloaded before import = 0Number of asset objects unloaded after import = 1

========================================================================
Received Import Request.
  Time since last request: 0.000024 seconds.
  path: Assets/LunarConsole/Editor/iOS/Common/Images/lunar_console_icon_button_settings@2x.png
  artifactKey: Guid(dbb0acce61ae34da6a22a173d9039a69) Importer(2089858483,934ff659095e30574adcf32a4c2f97b5)
Start importing Assets/LunarConsole/Editor/iOS/Common/Images/lunar_console_icon_button_settings@2x.png using Guid(dbb0acce61ae34da6a22a173d9039a69) Importer(2089858483,934ff659095e30574adcf32a4c2f97b5) (ScriptedImporter) -> (artifact id: '645437a26b7d2aab88de8afd56e250ef') in 0.0375767 seconds
Number of updated asset objects reloaded before import = 0Number of asset objects unloaded after import = 1

========================================================================
Received Import Request.
  Time since last request: 0.000038 seconds.
  path: Assets/LunarConsole/Editor/iOS/Common/Images/lunar_console_icon_button_console@3x.png
  artifactKey: Guid(ce1e62f488f784cd1b086b97e424bbd4) Importer(2089858483,934ff659095e30574adcf32a4c2f97b5)
Start importing Assets/LunarConsole/Editor/iOS/Common/Images/lunar_console_icon_button_console@3x.png using Guid(ce1e62f488f784cd1b086b97e424bbd4) Importer(2089858483,934ff659095e30574adcf32a4c2f97b5) (ScriptedImporter) -> (artifact id: '88b7cc8af6f8230a60e0ea3917123c1c') in 0.0401021 seconds
Number of updated asset objects reloaded before import = 0Number of asset objects unloaded after import = 1

========================================================================
Received Import Request.
  Time since last request: 0.000047 seconds.
  path: Assets/LunarConsole/Editor/iOS/Common/Images/lunar_console_icon_button_more@3x.png
  artifactKey: Guid(8248fba8ca36d4588b35ccf95b9c543e) Importer(2089858483,934ff659095e30574adcf32a4c2f97b5)
Start importing Assets/LunarConsole/Editor/iOS/Common/Images/lunar_console_icon_button_more@3x.png using Guid(8248fba8ca36d4588b35ccf95b9c543e) Importer(2089858483,934ff659095e30574adcf32a4c2f97b5) (ScriptedImporter) -> (artifact id: '0ffb5cbc233ff1b4002c46e63ab9cf43') in 0.0337603 seconds
Number of updated asset objects reloaded before import = 0Number of asset objects unloaded after import = 1

========================================================================
Received Import Request.
  Time since last request: 0.000027 seconds.
  path: Assets/LunarConsole/Editor/iOS/Common/Images/lunar_console_icon_button_lock.png
  artifactKey: Guid(df7984a84444048d681488c2824f3406) Importer(2089858483,934ff659095e30574adcf32a4c2f97b5)
Start importing Assets/LunarConsole/Editor/iOS/Common/Images/lunar_console_icon_button_lock.png using Guid(df7984a84444048d681488c2824f3406) Importer(2089858483,934ff659095e30574adcf32a4c2f97b5) (ScriptedImporter) -> (artifact id: 'a6b4d5471144cf3b2b2a30aeafceb889') in 0.0383803 seconds
Number of updated asset objects reloaded before import = 0Number of asset objects unloaded after import = 1

========================================================================
Received Import Request.
  Time since last request: 0.000027 seconds.
  path: Assets/_Assets/Scriptable Objects/Level Data/Level 15.asset
  artifactKey: Guid(0e6a918c335032c4d942e7fff28949d4) Importer(2089858483,934ff659095e30574adcf32a4c2f97b5)
Start importing Assets/_Assets/Scriptable Objects/Level Data/Level 15.asset using Guid(0e6a918c335032c4d942e7fff28949d4) Importer(2089858483,934ff659095e30574adcf32a4c2f97b5) (ScriptedImporter) -> (artifact id: 'c5e0db9af612eeac1f44ba3541947f2f') in 0.0590719 seconds
Number of updated asset objects reloaded before import = 0Number of asset objects unloaded after import = 266

========================================================================
Received Import Request.
  Time since last request: 0.000051 seconds.
  path: Assets/LunarConsole/Editor/iOS/Common/Images/lunar_console_icon_log_warning.png
  artifactKey: Guid(16ddd2e4fd57b48c89743469b9517b6e) Importer(2089858483,934ff659095e30574adcf32a4c2f97b5)
Start importing Assets/LunarConsole/Editor/iOS/Common/Images/lunar_console_icon_log_warning.png using Guid(16ddd2e4fd57b48c89743469b9517b6e) Importer(2089858483,934ff659095e30574adcf32a4c2f97b5) (ScriptedImporter) -> (artifact id: '46e58e09ef8d8ab25c631fb830e805a0') in 0.0305094 seconds
Number of updated asset objects reloaded before import = 0Number of asset objects unloaded after import = 1

========================================================================
Received Import Request.
  Time since last request: 0.000045 seconds.
  path: Assets/LunarConsole/Editor/iOS/Common/Images/lunar_console_icon_log_error.png
  artifactKey: Guid(a9138c1d7942646f596c05de6dcef7cc) Importer(2089858483,934ff659095e30574adcf32a4c2f97b5)
Start importing Assets/LunarConsole/Editor/iOS/Common/Images/lunar_console_icon_log_error.png using Guid(a9138c1d7942646f596c05de6dcef7cc) Importer(2089858483,934ff659095e30574adcf32a4c2f97b5) (ScriptedImporter) -> (artifact id: 'a54627495258d09be24170639447162a') in 0.0339948 seconds
Number of updated asset objects reloaded before import = 0Number of asset objects unloaded after import = 1

========================================================================
Received Import Request.
  Time since last request: 0.000070 seconds.
  path: Assets/LunarConsole/Editor/iOS/Common/Images/lunar_console_resize_handle_horizontal@2x.png
  artifactKey: Guid(50e31372a1ca248d3b882060dadfbc88) Importer(2089858483,934ff659095e30574adcf32a4c2f97b5)
Start importing Assets/LunarConsole/Editor/iOS/Common/Images/lunar_console_resize_handle_horizontal@2x.png using Guid(50e31372a1ca248d3b882060dadfbc88) Importer(2089858483,934ff659095e30574adcf32a4c2f97b5) (ScriptedImporter) -> (artifact id: 'eeaceee8b461f75824d98ba3aae54c0c') in 0.0384779 seconds
Number of updated asset objects reloaded before import = 0Number of asset objects unloaded after import = 1

========================================================================
Received Import Request.
  Time since last request: 0.000143 seconds.
  path: Assets/LunarConsole/Editor/iOS/Common/Images/lunar_console_resize_handle_horizontal@3x.png
  artifactKey: Guid(192ea669df21c43af90f4b8ec8a3b501) Importer(2089858483,934ff659095e30574adcf32a4c2f97b5)
Start importing Assets/LunarConsole/Editor/iOS/Common/Images/lunar_console_resize_handle_horizontal@3x.png using Guid(192ea669df21c43af90f4b8ec8a3b501) Importer(2089858483,934ff659095e30574adcf32a4c2f97b5) (ScriptedImporter) -> (artifact id: '4507c2bd8545f7e514d5a27e39d960b4') in 0.0524871 seconds
Number of updated asset objects reloaded before import = 0Number of asset objects unloaded after import = 1

========================================================================
Received Import Request.
  Time since last request: 0.000050 seconds.
  path: Assets/LunarConsole/Editor/iOS/Common/UI/LUSwitch.h
  artifactKey: Guid(981e294224b9740068ca08e24796edc2) Importer(2089858483,934ff659095e30574adcf32a4c2f97b5)
Start importing Assets/LunarConsole/Editor/iOS/Common/UI/LUSwitch.h using Guid(981e294224b9740068ca08e24796edc2) Importer(2089858483,934ff659095e30574adcf32a4c2f97b5) (ScriptedImporter) -> (artifact id: '20ed22c9df8e699baddde9a1e787cf11') in 0.0421133 seconds
Number of updated asset objects reloaded before import = 0Number of asset objects unloaded after import = 0

========================================================================
Received Import Request.
  Time since last request: 0.000095 seconds.
  path: Assets/LunarConsole/Editor/iOS/Common/UI/LUWindow.h
  artifactKey: Guid(0c005ec895a58447fb843508244c8406) Importer(2089858483,934ff659095e30574adcf32a4c2f97b5)
Start importing Assets/LunarConsole/Editor/iOS/Common/UI/LUWindow.h using Guid(0c005ec895a58447fb843508244c8406) Importer(2089858483,934ff659095e30574adcf32a4c2f97b5) (ScriptedImporter) -> (artifact id: '1da13e9fc95ba895963e987681bac4de') in 0.038106 seconds
Number of updated asset objects reloaded before import = 0Number of asset objects unloaded after import = 0

========================================================================
Received Import Request.
  Time since last request: 0.000037 seconds.
  path: Assets/LunarConsole/Editor/iOS/Common/UI/LUPanViewGestureRecognizer.m
  artifactKey: Guid(78fe6ebd9bc174ed89e6172e56e53f83) Importer(2089858483,934ff659095e30574adcf32a4c2f97b5)
Start importing Assets/LunarConsole/Editor/iOS/Common/UI/LUPanViewGestureRecognizer.m using Guid(78fe6ebd9bc174ed89e6172e56e53f83) Importer(2089858483,934ff659095e30574adcf32a4c2f97b5) (ScriptedImporter) -> (artifact id: '764cc96a098eea03018c67e418d44b07') in 0.0403554 seconds
Number of updated asset objects reloaded before import = 0Number of asset objects unloaded after import = 0

========================================================================
Received Import Request.
  Time since last request: 0.000049 seconds.
  path: Assets/LunarConsole/Editor/iOS/Common/Utils/LUMutableArray.m
  artifactKey: Guid(756adf359aaa14e8aacaee5958df7669) Importer(2089858483,934ff659095e30574adcf32a4c2f97b5)
Start importing Assets/LunarConsole/Editor/iOS/Common/Utils/LUMutableArray.m using Guid(756adf359aaa14e8aacaee5958df7669) Importer(2089858483,934ff659095e30574adcf32a4c2f97b5) (ScriptedImporter) -> (artifact id: '00a9eea4ec20765b682dfde719b84f48') in 0.0365353 seconds
Number of updated asset objects reloaded before import = 0Number of asset objects unloaded after import = 0

========================================================================
Received Import Request.
  Time since last request: 0.000048 seconds.
  path: Assets/LunarConsole/Editor/iOS/Common/Utils/LUFileUtils.m
  artifactKey: Guid(d1eaa9b1194584aae8c92bc3848b8880) Importer(2089858483,934ff659095e30574adcf32a4c2f97b5)
Start importing Assets/LunarConsole/Editor/iOS/Common/Utils/LUFileUtils.m using Guid(d1eaa9b1194584aae8c92bc3848b8880) Importer(2089858483,934ff659095e30574adcf32a4c2f97b5) (ScriptedImporter) -> (artifact id: '55fc6d30db95a6868372160ea1f8aa81') in 0.0343413 seconds
Number of updated asset objects reloaded before import = 0Number of asset objects unloaded after import = 0

========================================================================
Received Import Request.
  Time since last request: 0.000040 seconds.
  path: Assets/LunarConsole/Editor/iOS/Common/Utils/LUAssert.h
  artifactKey: Guid(ac1a459aae5914e2e88452eca449f15d) Importer(2089858483,934ff659095e30574adcf32a4c2f97b5)
Start importing Assets/LunarConsole/Editor/iOS/Common/Utils/LUAssert.h using Guid(ac1a459aae5914e2e88452eca449f15d) Importer(2089858483,934ff659095e30574adcf32a4c2f97b5) (ScriptedImporter) -> (artifact id: '531e4bb01a1eb62780524675678cf8c3') in 0.0383218 seconds
Number of updated asset objects reloaded before import = 0Number of asset objects unloaded after import = 0

========================================================================
Received Import Request.
  Time since last request: 0.000056 seconds.
  path: Assets/LunarConsole/Editor/iOS/Common/UI/LUWindow.m
  artifactKey: Guid(05c369dd031664014b769d8087884999) Importer(2089858483,934ff659095e30574adcf32a4c2f97b5)
Start importing Assets/LunarConsole/Editor/iOS/Common/UI/LUWindow.m using Guid(05c369dd031664014b769d8087884999) Importer(2089858483,934ff659095e30574adcf32a4c2f97b5) (ScriptedImporter) -> (artifact id: 'e92964329389150dd1ac7d83312df24a') in 0.0390679 seconds
Number of updated asset objects reloaded before import = 0Number of asset objects unloaded after import = 0

========================================================================
Received Import Request.
  Time since last request: 0.000024 seconds.
  path: Assets/LunarConsole/Editor/iOS/Common/Utils/LUThreading.h
  artifactKey: Guid(aba03808cdeca4e61b5dc1a19c62d577) Importer(2089858483,934ff659095e30574adcf32a4c2f97b5)
Start importing Assets/LunarConsole/Editor/iOS/Common/Utils/LUThreading.h using Guid(aba03808cdeca4e61b5dc1a19c62d577) Importer(2089858483,934ff659095e30574adcf32a4c2f97b5) (ScriptedImporter) -> (artifact id: 'ceae421de7a808629ba4514fbdc26de2') in 0.0330332 seconds
Number of updated asset objects reloaded before import = 0Number of asset objects unloaded after import = 0

========================================================================
Received Import Request.
  Time since last request: 0.000035 seconds.
  path: Assets/LunarConsole/Editor/iOS/Common/Utils/LUSortedList.m
  artifactKey: Guid(9c68da73c5ae14a8d88c3ab7b0f9e9c7) Importer(2089858483,934ff659095e30574adcf32a4c2f97b5)
Start importing Assets/LunarConsole/Editor/iOS/Common/Utils/LUSortedList.m using Guid(9c68da73c5ae14a8d88c3ab7b0f9e9c7) Importer(2089858483,934ff659095e30574adcf32a4c2f97b5) (ScriptedImporter) -> (artifact id: 'b1a0c208fd3922136b3383fcd9fe7c33') in 0.0304788 seconds
Number of updated asset objects reloaded before import = 0Number of asset objects unloaded after import = 0

========================================================================
Received Import Request.
  Time since last request: 0.000091 seconds.
  path: Assets/LunarConsole/Editor/iOS/Common/Utils/LUSerializableObject.h
  artifactKey: Guid(995fe85466d5f4d66b345ac2e2ff26ee) Importer(2089858483,934ff659095e30574adcf32a4c2f97b5)
Start importing Assets/LunarConsole/Editor/iOS/Common/Utils/LUSerializableObject.h using Guid(995fe85466d5f4d66b345ac2e2ff26ee) Importer(2089858483,934ff659095e30574adcf32a4c2f97b5) (ScriptedImporter) -> (artifact id: 'c9c0589e8133bcccdf8f3c2bcb73a395') in 0.0413184 seconds
Number of updated asset objects reloaded before import = 0Number of asset objects unloaded after import = 0

========================================================================
Received Import Request.
  Time since last request: 0.000050 seconds.
  path: Assets/LunarConsole/Editor/iOS/Common/Utils/LUStringUtils.h
  artifactKey: Guid(239d5dc260bf94a21bbd38601c2da974) Importer(2089858483,934ff659095e30574adcf32a4c2f97b5)
Start importing Assets/LunarConsole/Editor/iOS/Common/Utils/LUStringUtils.h using Guid(239d5dc260bf94a21bbd38601c2da974) Importer(2089858483,934ff659095e30574adcf32a4c2f97b5) (ScriptedImporter) -> (artifact id: 'c26e7eebaa79d41cb8a7c4e3fe2b95e3') in 0.0637252 seconds
Number of updated asset objects reloaded before import = 0Number of asset objects unloaded after import = 0

========================================================================
Received Import Request.
  Time since last request: 0.000068 seconds.
  path: Assets/LunarConsole/Editor/iOS/Common/Utils/LUObject.h
  artifactKey: Guid(6bc89de7ceb394cdeae4c51c918d7881) Importer(2089858483,934ff659095e30574adcf32a4c2f97b5)
Start importing Assets/LunarConsole/Editor/iOS/Common/Utils/LUObject.h using Guid(6bc89de7ceb394cdeae4c51c918d7881) Importer(2089858483,934ff659095e30574adcf32a4c2f97b5) (ScriptedImporter) -> (artifact id: 'd0a1699e94aa5b3956c5a485ca10b1a9') in 0.0338089 seconds
Number of updated asset objects reloaded before import = 0Number of asset objects unloaded after import = 0

========================================================================
Received Import Request.
  Time since last request: 0.000092 seconds.
  path: Assets/_Assets/Custome Assets/Egg game assets/level complete/level complete/screen.png
  artifactKey: Guid(4dfe2d9147056fd44b88418bcf37cd0d) Importer(2089858483,934ff659095e30574adcf32a4c2f97b5)
Start importing Assets/_Assets/Custome Assets/Egg game assets/level complete/level complete/screen.png using Guid(4dfe2d9147056fd44b88418bcf37cd0d) Importer(2089858483,934ff659095e30574adcf32a4c2f97b5) (ScriptedImporter) -> (artifact id: '1a406dd0ac3465d709c2ea39db4375a5') in 0.043749 seconds
Number of updated asset objects reloaded before import = 0Number of asset objects unloaded after import = 2

========================================================================
Received Import Request.
  Time since last request: 0.000034 seconds.
  path: Assets/_Assets/Custome Assets/Egg game assets/level complete/HoldMYEgg Assets/popup.png
  artifactKey: Guid(5c284e6814250dc4d8f291ca32c48d7a) Importer(2089858483,934ff659095e30574adcf32a4c2f97b5)
Start importing Assets/_Assets/Custome Assets/Egg game assets/level complete/HoldMYEgg Assets/popup.png using Guid(5c284e6814250dc4d8f291ca32c48d7a) Importer(2089858483,934ff659095e30574adcf32a4c2f97b5) (ScriptedImporter) -> (artifact id: '47ef72b0ab4897d88676eeb262eed426') in 0.0429424 seconds
Number of updated asset objects reloaded before import = 0Number of asset objects unloaded after import = 2

========================================================================
Received Import Request.
  Time since last request: 0.000031 seconds.
  path: Assets/LunarConsole/Editor/iOS/Common/Console/Entries/LUEntry.h
  artifactKey: Guid(f7fc75680bec84d28afec20b0bc02a8f) Importer(2089858483,934ff659095e30574adcf32a4c2f97b5)
Start importing Assets/LunarConsole/Editor/iOS/Common/Console/Entries/LUEntry.h using Guid(f7fc75680bec84d28afec20b0bc02a8f) Importer(2089858483,934ff659095e30574adcf32a4c2f97b5) (ScriptedImporter) -> (artifact id: 'acaa7a2664e02272ef0486a3b2f53407') in 0.0278399 seconds
Number of updated asset objects reloaded before import = 0Number of asset objects unloaded after import = 0

========================================================================
Received Import Request.
  Time since last request: 0.000063 seconds.
  path: Assets/LunarConsole/Editor/iOS/Common/Console/Log/LUConsoleLogController.h
  artifactKey: Guid(e29f73a7b805448089e6df5cd255e9d5) Importer(2089858483,934ff659095e30574adcf32a4c2f97b5)
Start importing Assets/LunarConsole/Editor/iOS/Common/Console/Log/LUConsoleLogController.h using Guid(e29f73a7b805448089e6df5cd255e9d5) Importer(2089858483,934ff659095e30574adcf32a4c2f97b5) (ScriptedImporter) -> (artifact id: 'e9adb2d4f73b0a7dcb994e38d924059c') in 0.0344648 seconds
Number of updated asset objects reloaded before import = 0Number of asset objects unloaded after import = 0

========================================================================
Received Import Request.
  Time since last request: 0.000031 seconds.
  path: Assets/LunarConsole/Editor/iOS/Common/Console/Log/LUConsoleLogDetailsController.xib
  artifactKey: Guid(4fba31e28939445a48d4a03089c7831f) Importer(2089858483,934ff659095e30574adcf32a4c2f97b5)
Start importing Assets/LunarConsole/Editor/iOS/Common/Console/Log/LUConsoleLogDetailsController.xib using Guid(4fba31e28939445a48d4a03089c7831f) Importer(2089858483,934ff659095e30574adcf32a4c2f97b5) (ScriptedImporter) -> (artifact id: 'b19426597c5658839dea38ecdce37439') in 0.0277959 seconds
Number of updated asset objects reloaded before import = 0Number of asset objects unloaded after import = 0

========================================================================
Received Import Request.
  Time since last request: 0.000039 seconds.
  path: Assets/LunarConsole/Editor/iOS/Common/Console/Log/LUConsoleLogMenuController.m
  artifactKey: Guid(4fa9509bccd2a4f12ab23aca3936ddde) Importer(2089858483,934ff659095e30574adcf32a4c2f97b5)
Start importing Assets/LunarConsole/Editor/iOS/Common/Console/Log/LUConsoleLogMenuController.m using Guid(4fa9509bccd2a4f12ab23aca3936ddde) Importer(2089858483,934ff659095e30574adcf32a4c2f97b5) (ScriptedImporter) -> (artifact id: 'cd68f4d9279a6dfe9bea5c4d21fc7596') in 0.0290616 seconds
Number of updated asset objects reloaded before import = 0Number of asset objects unloaded after import = 0

========================================================================
Received Import Request.
  Time since last request: 0.000042 seconds.
  path: Assets/LunarConsole/Editor/iOS/Common/Console/Log/LUConsoleLogTypeButton.m
  artifactKey: Guid(e479db4cd40204299bd27c222cb0978f) Importer(2089858483,934ff659095e30574adcf32a4c2f97b5)
Start importing Assets/LunarConsole/Editor/iOS/Common/Console/Log/LUConsoleLogTypeButton.m using Guid(e479db4cd40204299bd27c222cb0978f) Importer(2089858483,934ff659095e30574adcf32a4c2f97b5) (ScriptedImporter) -> (artifact id: '379bf818e28ed8b6d52ec224d85d9475') in 0.0319129 seconds
Number of updated asset objects reloaded before import = 0Number of asset objects unloaded after import = 0

========================================================================
Received Import Request.
  Time since last request: 0.000055 seconds.
  path: Assets/LunarConsole/Editor/iOS/Common/Console/Log/LULogMessage.m
  artifactKey: Guid(7d959e3752e464913b6fab9837647230) Importer(2089858483,934ff659095e30574adcf32a4c2f97b5)
Start importing Assets/LunarConsole/Editor/iOS/Common/Console/Log/LULogMessage.m using Guid(7d959e3752e464913b6fab9837647230) Importer(2089858483,934ff659095e30574adcf32a4c2f97b5) (ScriptedImporter) -> (artifact id: '72d7aca77fe68b3c5cc367a3d82cdfa6') in 0.0252346 seconds
Number of updated asset objects reloaded before import = 0Number of asset objects unloaded after import = 0

========================================================================
Received Import Request.
  Time since last request: 0.000056 seconds.
  path: Assets/LunarConsole/Editor/iOS/Common/Console/Log/LUConsoleLogMenuController.h
  artifactKey: Guid(096c411ccea8645319d648fb49e8c879) Importer(2089858483,934ff659095e30574adcf32a4c2f97b5)
Start importing Assets/LunarConsole/Editor/iOS/Common/Console/Log/LUConsoleLogMenuController.h using Guid(096c411ccea8645319d648fb49e8c879) Importer(2089858483,934ff659095e30574adcf32a4c2f97b5) (ScriptedImporter) -> (artifact id: '3590f783430a5ec8a24ffc5ca090bac9') in 0.03148 seconds
Number of updated asset objects reloaded before import = 0Number of asset objects unloaded after import = 0

========================================================================
Received Import Request.
  Time since last request: 0.000041 seconds.
  path: Assets/LunarConsole/Editor/iOS/Common/Controllers/Actions/LUActionController.xib
  artifactKey: Guid(2e7ce92455676450d8cbf8fbbed1387b) Importer(2089858483,934ff659095e30574adcf32a4c2f97b5)
Start importing Assets/LunarConsole/Editor/iOS/Common/Controllers/Actions/LUActionController.xib using Guid(2e7ce92455676450d8cbf8fbbed1387b) Importer(2089858483,934ff659095e30574adcf32a4c2f97b5) (ScriptedImporter) -> (artifact id: '299d02cf936e05af59d037d8c220263e') in 0.026805 seconds
Number of updated asset objects reloaded before import = 0Number of asset objects unloaded after import = 0

========================================================================
Received Import Request.
  Time since last request: 0.000058 seconds.
  path: Assets/LunarConsole/Editor/iOS/Common/Controllers/Variables/LUCVar.h
  artifactKey: Guid(41565eaa7e1ed47549b6923bf6acaa4d) Importer(2089858483,934ff659095e30574adcf32a4c2f97b5)
Start importing Assets/LunarConsole/Editor/iOS/Common/Controllers/Variables/LUCVar.h using Guid(41565eaa7e1ed47549b6923bf6acaa4d) Importer(2089858483,934ff659095e30574adcf32a4c2f97b5) (ScriptedImporter) -> (artifact id: '4cbf7a897e76bb25c0d6c644e18615cb') in 0.0285644 seconds
Number of updated asset objects reloaded before import = 0Number of asset objects unloaded after import = 0

========================================================================
Received Import Request.
  Time since last request: 0.000028 seconds.
  path: Assets/LunarConsole/Editor/iOS/Common/Controllers/Popup/LUConsolePopupController.m
  artifactKey: Guid(c5e9180abaeec4c4f98482dcd08ddcc4) Importer(2089858483,934ff659095e30574adcf32a4c2f97b5)
Start importing Assets/LunarConsole/Editor/iOS/Common/Controllers/Popup/LUConsolePopupController.m using Guid(c5e9180abaeec4c4f98482dcd08ddcc4) Importer(2089858483,934ff659095e30574adcf32a4c2f97b5) (ScriptedImporter) -> (artifact id: 'c9f7271b007b47d7f07ffaa6debaa389') in 0.027459 seconds
Number of updated asset objects reloaded before import = 0Number of asset objects unloaded after import = 0

========================================================================
Received Import Request.
  Time since last request: 0.000028 seconds.
  path: Assets/LunarConsole/Editor/iOS/Common/Controllers/Resize/LUConsoleResizeController.h
  artifactKey: Guid(f628f8732c4db4193a1036600e956051) Importer(2089858483,934ff659095e30574adcf32a4c2f97b5)
Start importing Assets/LunarConsole/Editor/iOS/Common/Controllers/Resize/LUConsoleResizeController.h using Guid(f628f8732c4db4193a1036600e956051) Importer(2089858483,934ff659095e30574adcf32a4c2f97b5) (ScriptedImporter) -> (artifact id: '5f1ad648351789ee79a3b130b9acbd4d') in 0.0359905 seconds
Number of updated asset objects reloaded before import = 0Number of asset objects unloaded after import = 0

========================================================================
Received Import Request.
  Time since last request: 0.000038 seconds.
  path: Assets/LunarConsole/Editor/iOS/Common/Controllers/Actions/LUActionControllerBase.m
  artifactKey: Guid(20b85e52fa926438d8c545600aadbe0e) Importer(2089858483,934ff659095e30574adcf32a4c2f97b5)
Start importing Assets/LunarConsole/Editor/iOS/Common/Controllers/Actions/LUActionControllerBase.m using Guid(20b85e52fa926438d8c545600aadbe0e) Importer(2089858483,934ff659095e30574adcf32a4c2f97b5) (ScriptedImporter) -> (artifact id: '41c472a9df1dcb3dca6ce118ace05edc') in 0.030049 seconds
Number of updated asset objects reloaded before import = 0Number of asset objects unloaded after import = 0

========================================================================
Received Import Request.
  Time since last request: 0.000040 seconds.
  path: Assets/LunarConsole/Editor/iOS/Free/Controllers/Variables/LUCVar.m
  artifactKey: Guid(0a9a04807bb6347cda5764028e45e8db) Importer(2089858483,934ff659095e30574adcf32a4c2f97b5)
Start importing Assets/LunarConsole/Editor/iOS/Free/Controllers/Variables/LUCVar.m using Guid(0a9a04807bb6347cda5764028e45e8db) Importer(2089858483,934ff659095e30574adcf32a4c2f97b5) (ScriptedImporter) -> (artifact id: 'e35e25ba7ecaaf238bb75edcb56178b3') in 0.0260577 seconds
Number of updated asset objects reloaded before import = 0Number of asset objects unloaded after import = 0

========================================================================
Received Import Request.
  Time since last request: 0.000036 seconds.
  path: Assets/LunarConsole/Editor/iOS/Free/Console/Plugin/LUConsolePluginImp.m
  artifactKey: Guid(cba724e88f8104dd48546366656f731c) Importer(2089858483,934ff659095e30574adcf32a4c2f97b5)
Start importing Assets/LunarConsole/Editor/iOS/Free/Console/Plugin/LUConsolePluginImp.m using Guid(cba724e88f8104dd48546366656f731c) Importer(2089858483,934ff659095e30574adcf32a4c2f97b5) (ScriptedImporter) -> (artifact id: 'c6b2b2efeb33172a16cee664bad6b12d') in 0.0357243 seconds
Number of updated asset objects reloaded before import = 0Number of asset objects unloaded after import = 0

========================================================================
Received Import Request.
  Time since last request: 0.000044 seconds.
  path: Assets/_Assets/Custome Assets/Egg game assets/level complete/HoldMYEgg Assets/Untitled-1 copy/Untitled-1 copy_00001.png
  artifactKey: Guid(d085e1f763c151a4c9f2d82b1dba1ef1) Importer(2089858483,934ff659095e30574adcf32a4c2f97b5)
Start importing Assets/_Assets/Custome Assets/Egg game assets/level complete/HoldMYEgg Assets/Untitled-1 copy/Untitled-1 copy_00001.png using Guid(d085e1f763c151a4c9f2d82b1dba1ef1) Importer(2089858483,934ff659095e30574adcf32a4c2f97b5) (ScriptedImporter) -> (artifact id: 'e92fb3d8d7a992b1e147bc331f8a16a1') in 0.0455249 seconds
Number of updated asset objects reloaded before import = 0Number of asset objects unloaded after import = 2

========================================================================
Received Import Request.
  Time since last request: 0.000083 seconds.
  path: Assets/_Assets/Scripts/Utility Scripts/Debuging Scripts/DebugCommandBase.cs
  artifactKey: Guid(2e4457dfe45e632429fa15679cae2111) Importer(2089858483,934ff659095e30574adcf32a4c2f97b5)
Start importing Assets/_Assets/Scripts/Utility Scripts/Debuging Scripts/DebugCommandBase.cs using Guid(2e4457dfe45e632429fa15679cae2111) Importer(2089858483,934ff659095e30574adcf32a4c2f97b5) (ScriptedImporter) -> (artifact id: '712f37bf69268e5ef9109694cb57f868') in 0.0380659 seconds
Number of updated asset objects reloaded before import = 0Number of asset objects unloaded after import = 0

========================================================================
Received Import Request.
  Time since last request: 0.000031 seconds.
  path: Assets/LunarConsole/Scripts/Utils/StringUtils.cs
  artifactKey: Guid(e58d1d38d81ad434696ddaf1b709a27a) Importer(2089858483,934ff659095e30574adcf32a4c2f97b5)
Start importing Assets/LunarConsole/Scripts/Utils/StringUtils.cs using Guid(e58d1d38d81ad434696ddaf1b709a27a) Importer(2089858483,934ff659095e30574adcf32a4c2f97b5) (ScriptedImporter) -> (artifact id: '0724008eb7516ed2cb3d5a049acc4973') in 0.0290414 seconds
Number of updated asset objects reloaded before import = 0Number of asset objects unloaded after import = 0

========================================================================
Received Import Request.
  Time since last request: 0.000032 seconds.
  path: Assets/_Assets/Fonts/Poppins/poppins/Poppins-Black.otf
  artifactKey: Guid(b89104aaa27afe449914092c1f059a6c) Importer(2089858483,934ff659095e30574adcf32a4c2f97b5)
Start importing Assets/_Assets/Fonts/Poppins/poppins/Poppins-Black.otf using Guid(b89104aaa27afe449914092c1f059a6c) Importer(2089858483,934ff659095e30574adcf32a4c2f97b5) (ScriptedImporter) -> (artifact id: 'e2a5d384fd1f9a40b4e12b6789138ee6') in 0.0353443 seconds
Number of updated asset objects reloaded before import = 0Number of asset objects unloaded after import = 3

========================================================================
Received Import Request.
  Time since last request: 0.000061 seconds.
  path: Assets/_Assets/Custome Assets/Egg game assets/shop/shop screen.jpg
  artifactKey: Guid(cd1fb755bdd5ebb4a989611c1ddebd9d) Importer(2089858483,934ff659095e30574adcf32a4c2f97b5)
Start importing Assets/_Assets/Custome Assets/Egg game assets/shop/shop screen.jpg using Guid(cd1fb755bdd5ebb4a989611c1ddebd9d) Importer(2089858483,934ff659095e30574adcf32a4c2f97b5) (ScriptedImporter) -> (artifact id: '4d3a0ee354cc19b6b48a9a0c32c4105f') in 0.0340425 seconds
Number of updated asset objects reloaded before import = 0Number of asset objects unloaded after import = 2

========================================================================
Received Import Request.
  Time since last request: 0.000025 seconds.
  path: Assets/TextMesh Pro/Sprites/EmojiOne.json
  artifactKey: Guid(8f05276190cf498a8153f6cbe761d4e6) Importer(2089858483,934ff659095e30574adcf32a4c2f97b5)
Start importing Assets/TextMesh Pro/Sprites/EmojiOne.json using Guid(8f05276190cf498a8153f6cbe761d4e6) Importer(2089858483,934ff659095e30574adcf32a4c2f97b5) (ScriptedImporter) -> (artifact id: 'c273f3b71e30811693ed2653448ff83d') in 0.0362437 seconds
Number of updated asset objects reloaded before import = 0Number of asset objects unloaded after import = 1

========================================================================
Received Import Request.
  Time since last request: 0.000046 seconds.
  path: Assets/_Assets/Custome Assets/HoldMyEgg-Complete/Main Menu/cloud_2.PNG
  artifactKey: Guid(49eb036b9e3f37042a100d6b83109867) Importer(2089858483,934ff659095e30574adcf32a4c2f97b5)
Start importing Assets/_Assets/Custome Assets/HoldMyEgg-Complete/Main Menu/cloud_2.PNG using Guid(49eb036b9e3f37042a100d6b83109867) Importer(2089858483,934ff659095e30574adcf32a4c2f97b5) (ScriptedImporter) -> (artifact id: '5da2878dfaf6d69cfe50e05dca7b529e') in 0.0361465 seconds
Number of updated asset objects reloaded before import = 0Number of asset objects unloaded after import = 2

========================================================================
Received Import Request.
  Time since last request: 0.000053 seconds.
  path: Assets/AddressableAssetsData/AssetGroups/Localization-Locales.asset
  artifactKey: Guid(28c504c82d139654e9f93f6697082ba9) Importer(2089858483,934ff659095e30574adcf32a4c2f97b5)
Start importing Assets/AddressableAssetsData/AssetGroups/Localization-Locales.asset using Guid(28c504c82d139654e9f93f6697082ba9) Importer(2089858483,934ff659095e30574adcf32a4c2f97b5) (ScriptedImporter) -> (artifact id: 'd5a69473c17d44999456a7d577cbfa02') in 0.0294122 seconds
Number of updated asset objects reloaded before import = 0Number of asset objects unloaded after import = 1

========================================================================
Received Import Request.
  Time since last request: 0.000034 seconds.
  path: Assets/Scenes/Levels/Level 33.unity
  artifactKey: Guid(f40e8b5f409bfa84da86e0810e0477c5) Importer(2089858483,934ff659095e30574adcf32a4c2f97b5)
Start importing Assets/Scenes/Levels/Level 33.unity using Guid(f40e8b5f409bfa84da86e0810e0477c5) Importer(2089858483,934ff659095e30574adcf32a4c2f97b5) (ScriptedImporter) -> (artifact id: 'b11eec81eb7e33814219eeea0eade101') in 0.0307367 seconds
Number of updated asset objects reloaded before import = 0Number of asset objects unloaded after import = 1

========================================================================
Received Import Request.
  Time since last request: 0.000027 seconds.
  path: Assets/TextMesh Pro/Shaders/TMP_Bitmap-Mobile.shader
  artifactKey: Guid(1e3b057af24249748ff873be7fafee47) Importer(2089858483,934ff659095e30574adcf32a4c2f97b5)
Start importing Assets/TextMesh Pro/Shaders/TMP_Bitmap-Mobile.shader using Guid(1e3b057af24249748ff873be7fafee47) Importer(2089858483,934ff659095e30574adcf32a4c2f97b5) (ScriptedImporter) -> (artifact id: 'c7dd937a3872a21b0c99e78acee69e6b') in 0.037953 seconds
Number of updated asset objects reloaded before import = 0Number of asset objects unloaded after import = 1

========================================================================
Received Import Request.
  Time since last request: 0.000049 seconds.
  path: Assets/_Assets/Scriptable Objects/Level Data/Level 92.asset
  artifactKey: Guid(d69da155b0e9bfc4684f394a63e11798) Importer(2089858483,934ff659095e30574adcf32a4c2f97b5)
Start importing Assets/_Assets/Scriptable Objects/Level Data/Level 92.asset using Guid(d69da155b0e9bfc4684f394a63e11798) Importer(2089858483,934ff659095e30574adcf32a4c2f97b5) (ScriptedImporter) -> (artifact id: '3c38081564ee6d96054616ccb063bb7f') in 0.054347 seconds
Number of updated asset objects reloaded before import = 0Number of asset objects unloaded after import = 312

========================================================================
Received Import Request.
  Time since last request: 0.000127 seconds.
  path: Assets/Lean/Localization/Examples/Media/Spanish Flag.png
  artifactKey: Guid(4101ccb8f2386d14c843c54610af1778) Importer(2089858483,934ff659095e30574adcf32a4c2f97b5)
Start importing Assets/Lean/Localization/Examples/Media/Spanish Flag.png using Guid(4101ccb8f2386d14c843c54610af1778) Importer(2089858483,934ff659095e30574adcf32a4c2f97b5) (ScriptedImporter) -> (artifact id: 'b405630e381c54b1a601538b69c91d82') in 0.0370805 seconds
Number of updated asset objects reloaded before import = 0Number of asset objects unloaded after import = 2

========================================================================
Received Import Request.
  Time since last request: 0.000029 seconds.
  path: Assets/_Assets/Custome Assets/HoldMyEgg-Complete/Main Menu/ground_back.PNG
  artifactKey: Guid(3b6ed47952a9ff84e81f1efe66fe53c9) Importer(2089858483,934ff659095e30574adcf32a4c2f97b5)
Start importing Assets/_Assets/Custome Assets/HoldMyEgg-Complete/Main Menu/ground_back.PNG using Guid(3b6ed47952a9ff84e81f1efe66fe53c9) Importer(2089858483,934ff659095e30574adcf32a4c2f97b5) (ScriptedImporter) -> (artifact id: '823dd7bdb31c01b8f3fceb143e761cbc') in 0.0315174 seconds
Number of updated asset objects reloaded before import = 0Number of asset objects unloaded after import = 2

========================================================================
Received Import Request.
  Time since last request: 0.000047 seconds.
  path: Assets/Lean/Common/Examples/Prefabs/Canvas.prefab
  artifactKey: Guid(a17273a87cb5b81409ce39e4971ac6fc) Importer(2089858483,934ff659095e30574adcf32a4c2f97b5)
Start importing Assets/Lean/Common/Examples/Prefabs/Canvas.prefab using Guid(a17273a87cb5b81409ce39e4971ac6fc) Importer(2089858483,934ff659095e30574adcf32a4c2f97b5) (ScriptedImporter) -> (artifact id: 'd8e6fd559458dbdd5b777ece08903120') in 0.0325762 seconds
Number of updated asset objects reloaded before import = 0Number of asset objects unloaded after import = 4

Editor requested this worker to shutdown with reason: Scaling down because of idle timeout
AssetImportWorkerClient::OnTransportError - code=2 error=End of file
AssetImportWorker is now disconnected from the server
Process exiting
Exiting without the bug reporter. Application will terminate with return code 0